INFO:__main__:Initialized Producer for topic raw_ingestion
INFO:__main__:Starting mock crawl (Infinite: True)...
INFO:__main__:Sending to raw_ingestion: {
  "source_type": "surface_web",
  "url": "https://tiktok.com/johndoe16",
  "raw_data": {
    "name": "John Doe",
    "username": "johndoe16",
    "bio": "Just a random bio for testing.",
    "location": "San Francisco, CA"
  },
  "timestamp": 1763839884.185936
}
INFO:__main__:Sending to raw_ingestion: {
  "source_type": "deep_web",
  "dataset": "Collection #1",
  "raw_data": {
    "email": "jane.s@test.org",
    "password_hash": "sha1:2728132408212846180",
    "ip_address": "192.168.1.223"
  },
  "timestamp": 1763839884.1859925
}
INFO:__main__:Sending to raw_ingestion: {
  "source_type": "surface_web",
  "url": "https://instagram.com/bobwilliams93",
  "raw_data": {
    "name": "Bob Williams",
    "username": "bobwilliams93",
    "bio": "Just a random bio for testing.",
    "location": "San Francisco, CA"
  },
  "timestamp": 1763839887.1861367
}
INFO:__main__:Sending to raw_ingestion: {
  "source_type": "deep_web",
  "dataset": "Collection #1",
  "raw_data": {
    "email": "jdoe@example.com",
    "password_hash": "sha1:-2943485423592944647",
    "ip_address": "192.168.1.174"
  },
  "timestamp": 1763839887.1863413
}
INFO:__main__:Sending to raw_ingestion: {
  "source_type": "surface_web",
  "url": "https://tiktok.com/janesmith64",
  "raw_data": {
    "name": "Jane Smith",
    "username": "janesmith64",
    "bio": "Just a random bio for testing.",
    "location": "San Francisco, CA"
  },
  "timestamp": 1763839890.186503
}
INFO:__main__:Sending to raw_ingestion: {
  "source_type": "deep_web",
  "dataset": "Collection #1",
  "raw_data": {
    "email": "bob.w@provider.com",
    "password_hash": "sha1:8955215528844269238",
    "ip_address": "192.168.1.5"
  },
  "timestamp": 1763839890.1866338
}
INFO:__main__:Sending to raw_ingestion: {
  "source_type": "surface_web",
  "url": "https://twitter.com/janesmith37",
  "raw_data": {
    "name": "Jane Smith",
    "username": "janesmith37",
    "bio": "Just a random bio for testing.",
    "location": "San Francisco, CA"
  },
  "timestamp": 1763839893.1868029
}
INFO:__main__:Sending to raw_ingestion: {
  "source_type": "deep_web",
  "dataset": "Collection #1",
  "raw_data": {
    "email": "bob.w@provider.com",
    "password_hash": "sha1:8955215528844269238",
    "ip_address": "192.168.1.76"
  },
  "timestamp": 1763839893.1870074
}
INFO:__main__:Sending to raw_ingestion: {
  "source_type": "surface_web",
  "url": "https://instagram.com/evabrown30",
  "raw_data": {
    "name": "Eva Brown",
    "username": "evabrown30",
    "bio": "Just a random bio for testing.",
    "location": "San Francisco, CA"
  },
  "timestamp": 1763839896.187183
}
INFO:__main__:Sending to raw_ingestion: {
  "source_type": "deep_web",
  "dataset": "Collection #1",
  "raw_data": {
    "email": "jdoe@example.com",
    "password_hash": "sha1:1450859526763802376",
    "ip_address": "192.168.1.225"
  },
  "timestamp": 1763839896.1873395
}
INFO:__main__:Sending to raw_ingestion: {
  "source_type": "surface_web",
  "url": "https://tiktok.com/evabrown27",
  "raw_data": {
    "name": "Eva Brown",
    "username": "evabrown27",
    "bio": "Just a random bio for testing.",
    "location": "San Francisco, CA"
  },
  "timestamp": 1763839899.1875427
}
INFO:__main__:Sending to raw_ingestion: {
  "source_type": "deep_web",
  "dataset": "Collection #1",
  "raw_data": {
    "email": "jane.s@test.org",
    "password_hash": "sha1:1450859526763802376",
    "ip_address": "192.168.1.203"
  },
  "timestamp": 1763839899.1877666
}
INFO:__main__:Sending to raw_ingestion: {
  "source_type": "surface_web",
  "url": "https://twitter.com/evabrown75",
  "raw_data": {
    "name": "Eva Brown",
    "username": "evabrown75",
    "bio": "Just a random bio for testing.",
    "location": "San Francisco, CA"
  },
  "timestamp": 1763839902.187941
}
INFO:__main__:Sending to raw_ingestion: {
  "source_type": "deep_web",
  "dataset": "Collection #1",
  "raw_data": {
    "email": "bob.w@provider.com",
    "password_hash": "sha1:-5088143581403502930",
    "ip_address": "192.168.1.93"
  },
  "timestamp": 1763839902.1880903
}
INFO:__main__:Sending to raw_ingestion: {
  "source_type": "surface_web",
  "url": "https://instagram.com/bobwilliams94",
  "raw_data": {
    "name": "Bob Williams",
    "username": "bobwilliams94",
    "bio": "Just a random bio for testing.",
    "location": "San Francisco, CA"
  },
  "timestamp": 1763839905.1882856
}
INFO:__main__:Sending to raw_ingestion: {
  "source_type": "deep_web",
  "dataset": "Collection #1",
  "raw_data": {
    "email": "jdoe@example.com",
    "password_hash": "sha1:-2943485423592944647",
    "ip_address": "192.168.1.206"
  },
  "timestamp": 1763839905.188569
}
INFO:__main__:Sending to raw_ingestion: {
  "source_type": "surface_web",
  "url": "https://tiktok.com/johndoe44",
  "raw_data": {
    "name": "John Doe",
    "username": "johndoe44",
    "bio": "Just a random bio for testing.",
    "location": "San Francisco, CA"
  },
  "timestamp": 1763839908.1887429
}
INFO:__main__:Sending to raw_ingestion: {
  "source_type": "deep_web",
  "dataset": "Collection #1",
  "raw_data": {
    "email": "jane.s@test.org",
    "password_hash": "sha1:-2943485423592944647",
    "ip_address": "192.168.1.223"
  },
  "timestamp": 1763839908.1889536
}
INFO:__main__:Sending to raw_ingestion: {
  "source_type": "surface_web",
  "url": "https://tiktok.com/johndoe44",
  "raw_data": {
    "name": "John Doe",
    "username": "johndoe44",
    "bio": "Just a random bio for testing.",
    "location": "San Francisco, CA"
  },
  "timestamp": 1763839911.189102
}
INFO:__main__:Sending to raw_ingestion: {
  "source_type": "deep_web",
  "dataset": "Collection #1",
  "raw_data": {
    "email": "alice.j@company.net",
    "password_hash": "sha1:-2943485423592944647",
    "ip_address": "192.168.1.35"
  },
  "timestamp": 1763839911.189266
}
INFO:__main__:Sending to raw_ingestion: {
  "source_type": "surface_web",
  "url": "https://tiktok.com/bobwilliams96",
  "raw_data": {
    "name": "Bob Williams",
    "username": "bobwilliams96",
    "bio": "Just a random bio for testing.",
    "location": "San Francisco, CA"
  },
  "timestamp": 1763839914.1895435
}
INFO:__main__:Sending to raw_ingestion: {
  "source_type": "deep_web",
  "dataset": "Collection #1",
  "raw_data": {
    "email": "jdoe@example.com",
    "password_hash": "sha1:8955215528844269238",
    "ip_address": "192.168.1.66"
  },
  "timestamp": 1763839914.1897323
}
INFO:__main__:Sending to raw_ingestion: {
  "source_type": "surface_web",
  "url": "https://instagram.com/evabrown54",
  "raw_data": {
    "name": "Eva Brown",
    "username": "evabrown54",
    "bio": "Just a random bio for testing.",
    "location": "San Francisco, CA"
  },
  "timestamp": 1763839917.1898866
}
INFO:__main__:Sending to raw_ingestion: {
  "source_type": "deep_web",
  "dataset": "Collection #1",
  "raw_data": {
    "email": "jdoe@example.com",
    "password_hash": "sha1:-2943485423592944647",
    "ip_address": "192.168.1.88"
  },
  "timestamp": 1763839917.19008
}
INFO:__main__:Sending to raw_ingestion: {
  "source_type": "surface_web",
  "url": "https://twitter.com/bobwilliams40",
  "raw_data": {
    "name": "Bob Williams",
    "username": "bobwilliams40",
    "bio": "Just a random bio for testing.",
    "location": "San Francisco, CA"
  },
  "timestamp": 1763839920.1902971
}
INFO:__main__:Sending to raw_ingestion: {
  "source_type": "deep_web",
  "dataset": "Collection #1",
  "raw_data": {
    "email": "jdoe@example.com",
    "password_hash": "sha1:-2943485423592944647",
    "ip_address": "192.168.1.196"
  },
  "timestamp": 1763839920.1905034
}
INFO:__main__:Sending to raw_ingestion: {
  "source_type": "surface_web",
  "url": "https://tiktok.com/michaelchen9",
  "raw_data": {
    "name": "Michael Chen",
    "username": "michaelchen9",
    "bio": "Just a random bio for testing.",
    "location": "San Francisco, CA"
  },
  "timestamp": 1763839923.1906545
}
INFO:__main__:Sending to raw_ingestion: {
  "source_type": "deep_web",
  "dataset": "Collection #1",
  "raw_data": {
    "email": "jane.s@test.org",
    "password_hash": "sha1:8955215528844269238",
    "ip_address": "192.168.1.101"
  },
  "timestamp": 1763839923.1908145
}
INFO:__main__:Sending to raw_ingestion: {
  "source_type": "surface_web",
  "url": "https://instagram.com/evabrown56",
  "raw_data": {
    "name": "Eva Brown",
    "username": "evabrown56",
    "bio": "Just a random bio for testing.",
    "location": "San Francisco, CA"
  },
  "timestamp": 1763839926.1911135
}
INFO:__main__:Sending to raw_ingestion: {
  "source_type": "deep_web",
  "dataset": "Collection #1",
  "raw_data": {
    "email": "jdoe@example.com",
    "password_hash": "sha1:1450859526763802376",
    "ip_address": "192.168.1.227"
  },
  "timestamp": 1763839926.1913054
}
INFO:__main__:Sending to raw_ingestion: {
  "source_type": "surface_web",
  "url": "https://instagram.com/bobwilliams47",
  "raw_data": {
    "name": "Bob Williams",
    "username": "bobwilliams47",
    "bio": "Just a random bio for testing.",
    "location": "San Francisco, CA"
  },
  "timestamp": 1763839929.1914372
}
INFO:__main__:Sending to raw_ingestion: {
  "source_type": "deep_web",
  "dataset": "Collection #1",
  "raw_data": {
    "email": "bob.w@provider.com",
    "password_hash": "sha1:1450859526763802376",
    "ip_address": "192.168.1.104"
  },
  "timestamp": 1763839929.1915467
}
INFO:__main__:Sending to raw_ingestion: {
  "source_type": "surface_web",
  "url": "https://instagram.com/janesmith74",
  "raw_data": {
    "name": "Jane Smith",
    "username": "janesmith74",
    "bio": "Just a random bio for testing.",
    "location": "San Francisco, CA"
  },
  "timestamp": 1763839932.1917305
}
INFO:__main__:Sending to raw_ingestion: {
  "source_type": "deep_web",
  "dataset": "Collection #1",
  "raw_data": {
    "email": "alice.j@company.net",
    "password_hash": "sha1:2728132408212846180",
    "ip_address": "192.168.1.182"
  },
  "timestamp": 1763839932.1919029
}
INFO:__main__:Sending to raw_ingestion: {
  "source_type": "surface_web",
  "url": "https://twitter.com/michaelchen60",
  "raw_data": {
    "name": "Michael Chen",
    "username": "michaelchen60",
    "bio": "Just a random bio for testing.",
    "location": "San Francisco, CA"
  },
  "timestamp": 1763839935.192058
}
INFO:__main__:Sending to raw_ingestion: {
  "source_type": "deep_web",
  "dataset": "Collection #1",
  "raw_data": {
    "email": "jdoe@example.com",
    "password_hash": "sha1:1450859526763802376",
    "ip_address": "192.168.1.137"
  },
  "timestamp": 1763839935.1921618
}
INFO:__main__:Sending to raw_ingestion: {
  "source_type": "surface_web",
  "url": "https://twitter.com/evabrown69",
  "raw_data": {
    "name": "Eva Brown",
    "username": "evabrown69",
    "bio": "Just a random bio for testing.",
    "location": "San Francisco, CA"
  },
  "timestamp": 1763839938.1923175
}
INFO:__main__:Sending to raw_ingestion: {
  "source_type": "deep_web",
  "dataset": "Collection #1",
  "raw_data": {
    "email": "jane.s@test.org",
    "password_hash": "sha1:1450859526763802376",
    "ip_address": "192.168.1.208"
  },
  "timestamp": 1763839938.1924305
}
INFO:__main__:Sending to raw_ingestion: {
  "source_type": "surface_web",
  "url": "https://tiktok.com/bobwilliams78",
  "raw_data": {
    "name": "Bob Williams",
    "username": "bobwilliams78",
    "bio": "Just a random bio for testing.",
    "location": "San Francisco, CA"
  },
  "timestamp": 1763839941.1926506
}
INFO:__main__:Sending to raw_ingestion: {
  "source_type": "deep_web",
  "dataset": "Collection #1",
  "raw_data": {
    "email": "jdoe@example.com",
    "password_hash": "sha1:1450859526763802376",
    "ip_address": "192.168.1.177"
  },
  "timestamp": 1763839941.192854
}
INFO:__main__:Sending to raw_ingestion: {
  "source_type": "surface_web",
  "url": "https://twitter.com/michaelchen36",
  "raw_data": {
    "name": "Michael Chen",
    "username": "michaelchen36",
    "bio": "Just a random bio for testing.",
    "location": "San Francisco, CA"
  },
  "timestamp": 1763839944.1930587
}
INFO:__main__:Sending to raw_ingestion: {
  "source_type": "deep_web",
  "dataset": "Collection #1",
  "raw_data": {
    "email": "bob.w@provider.com",
    "password_hash": "sha1:-2943485423592944647",
    "ip_address": "192.168.1.14"
  },
  "timestamp": 1763839944.193168
}
INFO:__main__:Sending to raw_ingestion: {
  "source_type": "surface_web",
  "url": "https://tiktok.com/evabrown59",
  "raw_data": {
    "name": "Eva Brown",
    "username": "evabrown59",
    "bio": "Just a random bio for testing.",
    "location": "San Francisco, CA"
  },
  "timestamp": 1763839947.1933293
}
INFO:__main__:Sending to raw_ingestion: {
  "source_type": "deep_web",
  "dataset": "Collection #1",
  "raw_data": {
    "email": "bob.w@provider.com",
    "password_hash": "sha1:-2943485423592944647",
    "ip_address": "192.168.1.37"
  },
  "timestamp": 1763839947.1934292
}
INFO:__main__:Sending to raw_ingestion: {
  "source_type": "surface_web",
  "url": "https://tiktok.com/johndoe78",
  "raw_data": {
    "name": "John Doe",
    "username": "johndoe78",
    "bio": "Just a random bio for testing.",
    "location": "San Francisco, CA"
  },
  "timestamp": 1763839950.1936154
}
INFO:__main__:Sending to raw_ingestion: {
  "source_type": "deep_web",
  "dataset": "Collection #1",
  "raw_data": {
    "email": "bob.w@provider.com",
    "password_hash": "sha1:-2943485423592944647",
    "ip_address": "192.168.1.146"
  },
  "timestamp": 1763839950.1937218
}
INFO:__main__:Sending to raw_ingestion: {
  "source_type": "surface_web",
  "url": "https://instagram.com/evabrown1",
  "raw_data": {
    "name": "Eva Brown",
    "username": "evabrown1",
    "bio": "Just a random bio for testing.",
    "location": "San Francisco, CA"
  },
  "timestamp": 1763839953.1939075
}
INFO:__main__:Sending to raw_ingestion: {
  "source_type": "deep_web",
  "dataset": "Collection #1",
  "raw_data": {
    "email": "jane.s@test.org",
    "password_hash": "sha1:-2943485423592944647",
    "ip_address": "192.168.1.250"
  },
  "timestamp": 1763839953.1942246
}
INFO:__main__:Sending to raw_ingestion: {
  "source_type": "surface_web",
  "url": "https://twitter.com/janesmith63",
  "raw_data": {
    "name": "Jane Smith",
    "username": "janesmith63",
    "bio": "Just a random bio for testing.",
    "location": "San Francisco, CA"
  },
  "timestamp": 1763839956.194376
}
INFO:__main__:Sending to raw_ingestion: {
  "source_type": "deep_web",
  "dataset": "Collection #1",
  "raw_data": {
    "email": "bob.w@provider.com",
    "password_hash": "sha1:8955215528844269238",
    "ip_address": "192.168.1.40"
  },
  "timestamp": 1763839956.194488
}
INFO:__main__:Sending to raw_ingestion: {
  "source_type": "surface_web",
  "url": "https://instagram.com/johndoe28",
  "raw_data": {
    "name": "John Doe",
    "username": "johndoe28",
    "bio": "Just a random bio for testing.",
    "location": "San Francisco, CA"
  },
  "timestamp": 1763839959.1946664
}
INFO:__main__:Sending to raw_ingestion: {
  "source_type": "deep_web",
  "dataset": "Collection #1",
  "raw_data": {
    "email": "jane.s@test.org",
    "password_hash": "sha1:1450859526763802376",
    "ip_address": "192.168.1.19"
  },
  "timestamp": 1763839959.1947565
}
INFO:__main__:Sending to raw_ingestion: {
  "source_type": "surface_web",
  "url": "https://tiktok.com/michaelchen16",
  "raw_data": {
    "name": "Michael Chen",
    "username": "michaelchen16",
    "bio": "Just a random bio for testing.",
    "location": "San Francisco, CA"
  },
  "timestamp": 1763839962.1949196
}
INFO:__main__:Sending to raw_ingestion: {
  "source_type": "deep_web",
  "dataset": "Collection #1",
  "raw_data": {
    "email": "jane.s@test.org",
    "password_hash": "sha1:-5088143581403502930",
    "ip_address": "192.168.1.139"
  },
  "timestamp": 1763839962.1951115
}
INFO:__main__:Sending to raw_ingestion: {
  "source_type": "surface_web",
  "url": "https://tiktok.com/johndoe45",
  "raw_data": {
    "name": "John Doe",
    "username": "johndoe45",
    "bio": "Just a random bio for testing.",
    "location": "San Francisco, CA"
  },
  "timestamp": 1763839965.195314
}
INFO:__main__:Sending to raw_ingestion: {
  "source_type": "deep_web",
  "dataset": "Collection #1",
  "raw_data": {
    "email": "jane.s@test.org",
    "password_hash": "sha1:1450859526763802376",
    "ip_address": "192.168.1.63"
  },
  "timestamp": 1763839965.1956315
}
INFO:__main__:Sending to raw_ingestion: {
  "source_type": "surface_web",
  "url": "https://twitter.com/johndoe52",
  "raw_data": {
    "name": "John Doe",
    "username": "johndoe52",
    "bio": "Just a random bio for testing.",
    "location": "San Francisco, CA"
  },
  "timestamp": 1763839968.1959343
}
INFO:__main__:Sending to raw_ingestion: {
  "source_type": "deep_web",
  "dataset": "Collection #1",
  "raw_data": {
    "email": "bob.w@provider.com",
    "password_hash": "sha1:2728132408212846180",
    "ip_address": "192.168.1.20"
  },
  "timestamp": 1763839968.1962306
}
INFO:__main__:Sending to raw_ingestion: {
  "source_type": "surface_web",
  "url": "https://linkedin.com/janesmith86",
  "raw_data": {
    "name": "Jane Smith",
    "username": "janesmith86",
    "bio": "Just a random bio for testing.",
    "location": "San Francisco, CA"
  },
  "timestamp": 1763839971.1965346
}
INFO:__main__:Sending to raw_ingestion: {
  "source_type": "deep_web",
  "dataset": "Collection #1",
  "raw_data": {
    "email": "bob.w@provider.com",
    "password_hash": "sha1:-5088143581403502930",
    "ip_address": "192.168.1.32"
  },
  "timestamp": 1763839971.1968317
}
INFO:__main__:Sending to raw_ingestion: {
  "source_type": "surface_web",
  "url": "https://instagram.com/alicejohnson84",
  "raw_data": {
    "name": "Alice Johnson",
    "username": "alicejohnson84",
    "bio": "Just a random bio for testing.",
    "location": "San Francisco, CA"
  },
  "timestamp": 1763839974.1970592
}
INFO:__main__:Sending to raw_ingestion: {
  "source_type": "deep_web",
  "dataset": "Collection #1",
  "raw_data": {
    "email": "jane.s@test.org",
    "password_hash": "sha1:2728132408212846180",
    "ip_address": "192.168.1.221"
  },
  "timestamp": 1763839974.197377
}
INFO:__main__:Sending to raw_ingestion: {
  "source_type": "surface_web",
  "url": "https://linkedin.com/janesmith95",
  "raw_data": {
    "name": "Jane Smith",
    "username": "janesmith95",
    "bio": "Just a random bio for testing.",
    "location": "San Francisco, CA"
  },
  "timestamp": 1763839977.1975641
}
INFO:__main__:Sending to raw_ingestion: {
  "source_type": "deep_web",
  "dataset": "Collection #1",
  "raw_data": {
    "email": "jane.s@test.org",
    "password_hash": "sha1:8955215528844269238",
    "ip_address": "192.168.1.18"
  },
  "timestamp": 1763839977.1977475
}
INFO:__main__:Sending to raw_ingestion: {
  "source_type": "surface_web",
  "url": "https://twitter.com/evabrown58",
  "raw_data": {
    "name": "Eva Brown",
    "username": "evabrown58",
    "bio": "Just a random bio for testing.",
    "location": "San Francisco, CA"
  },
  "timestamp": 1763839980.1979225
}
INFO:__main__:Sending to raw_ingestion: {
  "source_type": "deep_web",
  "dataset": "Collection #1",
  "raw_data": {
    "email": "jane.s@test.org",
    "password_hash": "sha1:1450859526763802376",
    "ip_address": "192.168.1.254"
  },
  "timestamp": 1763839980.1981454
}
INFO:__main__:Sending to raw_ingestion: {
  "source_type": "surface_web",
  "url": "https://twitter.com/janesmith96",
  "raw_data": {
    "name": "Jane Smith",
    "username": "janesmith96",
    "bio": "Just a random bio for testing.",
    "location": "San Francisco, CA"
  },
  "timestamp": 1763839983.1983066
}
INFO:__main__:Sending to raw_ingestion: {
  "source_type": "deep_web",
  "dataset": "Collection #1",
  "raw_data": {
    "email": "jdoe@example.com",
    "password_hash": "sha1:1450859526763802376",
    "ip_address": "192.168.1.143"
  },
  "timestamp": 1763839983.198473
}
INFO:__main__:Sending to raw_ingestion: {
  "source_type": "surface_web",
  "url": "https://twitter.com/johndoe27",
  "raw_data": {
    "name": "John Doe",
    "username": "johndoe27",
    "bio": "Just a random bio for testing.",
    "location": "San Francisco, CA"
  },
  "timestamp": 1763839986.1986592
}
INFO:__main__:Sending to raw_ingestion: {
  "source_type": "deep_web",
  "dataset": "Collection #1",
  "raw_data": {
    "email": "jane.s@test.org",
    "password_hash": "sha1:8955215528844269238",
    "ip_address": "192.168.1.151"
  },
  "timestamp": 1763839986.1989057
}
INFO:__main__:Sending to raw_ingestion: {
  "source_type": "surface_web",
  "url": "https://tiktok.com/bobwilliams71",
  "raw_data": {
    "name": "Bob Williams",
    "username": "bobwilliams71",
    "bio": "Just a random bio for testing.",
    "location": "San Francisco, CA"
  },
  "timestamp": 1763839989.1990972
}
INFO:__main__:Sending to raw_ingestion: {
  "source_type": "deep_web",
  "dataset": "Collection #1",
  "raw_data": {
    "email": "jane.s@test.org",
    "password_hash": "sha1:-5088143581403502930",
    "ip_address": "192.168.1.254"
  },
  "timestamp": 1763839989.199405
}
INFO:__main__:Sending to raw_ingestion: {
  "source_type": "surface_web",
  "url": "https://linkedin.com/johndoe66",
  "raw_data": {
    "name": "John Doe",
    "username": "johndoe66",
    "bio": "Just a random bio for testing.",
    "location": "San Francisco, CA"
  },
  "timestamp": 1763839992.1995697
}
INFO:__main__:Sending to raw_ingestion: {
  "source_type": "deep_web",
  "dataset": "Collection #1",
  "raw_data": {
    "email": "jane.s@test.org",
    "password_hash": "sha1:-5088143581403502930",
    "ip_address": "192.168.1.222"
  },
  "timestamp": 1763839992.1996698
}
INFO:__main__:Sending to raw_ingestion: {
  "source_type": "surface_web",
  "url": "https://twitter.com/evabrown96",
  "raw_data": {
    "name": "Eva Brown",
    "username": "evabrown96",
    "bio": "Just a random bio for testing.",
    "location": "San Francisco, CA"
  },
  "timestamp": 1763839995.1998413
}
INFO:__main__:Sending to raw_ingestion: {
  "source_type": "deep_web",
  "dataset": "Collection #1",
  "raw_data": {
    "email": "bob.w@provider.com",
    "password_hash": "sha1:-2943485423592944647",
    "ip_address": "192.168.1.154"
  },
  "timestamp": 1763839995.1999369
}
INFO:__main__:Sending to raw_ingestion: {
  "source_type": "surface_web",
  "url": "https://twitter.com/alicejohnson53",
  "raw_data": {
    "name": "Alice Johnson",
    "username": "alicejohnson53",
    "bio": "Just a random bio for testing.",
    "location": "San Francisco, CA"
  },
  "timestamp": 1763839998.2000706
}
INFO:__main__:Sending to raw_ingestion: {
  "source_type": "deep_web",
  "dataset": "Collection #1",
  "raw_data": {
    "email": "jane.s@test.org",
    "password_hash": "sha1:-2943485423592944647",
    "ip_address": "192.168.1.239"
  },
  "timestamp": 1763839998.2001727
}
INFO:__main__:Sending to raw_ingestion: {
  "source_type": "surface_web",
  "url": "https://instagram.com/evabrown14",
  "raw_data": {
    "name": "Eva Brown",
    "username": "evabrown14",
    "bio": "Just a random bio for testing.",
    "location": "San Francisco, CA"
  },
  "timestamp": 1763840001.20032
}
INFO:__main__:Sending to raw_ingestion: {
  "source_type": "deep_web",
  "dataset": "Collection #1",
  "raw_data": {
    "email": "alice.j@company.net",
    "password_hash": "sha1:2728132408212846180",
    "ip_address": "192.168.1.4"
  },
  "timestamp": 1763840001.2004309
}
INFO:__main__:Sending to raw_ingestion: {
  "source_type": "surface_web",
  "url": "https://tiktok.com/michaelchen66",
  "raw_data": {
    "name": "Michael Chen",
    "username": "michaelchen66",
    "bio": "Just a random bio for testing.",
    "location": "San Francisco, CA"
  },
  "timestamp": 1763840004.2005875
}
INFO:__main__:Sending to raw_ingestion: {
  "source_type": "deep_web",
  "dataset": "Collection #1",
  "raw_data": {
    "email": "bob.w@provider.com",
    "password_hash": "sha1:-2943485423592944647",
    "ip_address": "192.168.1.116"
  },
  "timestamp": 1763840004.2006803
}
INFO:__main__:Sending to raw_ingestion: {
  "source_type": "surface_web",
  "url": "https://instagram.com/michaelchen71",
  "raw_data": {
    "name": "Michael Chen",
    "username": "michaelchen71",
    "bio": "Just a random bio for testing.",
    "location": "San Francisco, CA"
  },
  "timestamp": 1763840007.2008305
}
INFO:__main__:Sending to raw_ingestion: {
  "source_type": "deep_web",
  "dataset": "Collection #1",
  "raw_data": {
    "email": "jdoe@example.com",
    "password_hash": "sha1:2728132408212846180",
    "ip_address": "192.168.1.200"
  },
  "timestamp": 1763840007.200947
}
INFO:__main__:Sending to raw_ingestion: {
  "source_type": "surface_web",
  "url": "https://linkedin.com/alicejohnson39",
  "raw_data": {
    "name": "Alice Johnson",
    "username": "alicejohnson39",
    "bio": "Just a random bio for testing.",
    "location": "San Francisco, CA"
  },
  "timestamp": 1763840010.201112
}
INFO:__main__:Sending to raw_ingestion: {
  "source_type": "deep_web",
  "dataset": "Collection #1",
  "raw_data": {
    "email": "alice.j@company.net",
    "password_hash": "sha1:1450859526763802376",
    "ip_address": "192.168.1.91"
  },
  "timestamp": 1763840010.2012126
}
INFO:__main__:Sending to raw_ingestion: {
  "source_type": "surface_web",
  "url": "https://tiktok.com/evabrown56",
  "raw_data": {
    "name": "Eva Brown",
    "username": "evabrown56",
    "bio": "Just a random bio for testing.",
    "location": "San Francisco, CA"
  },
  "timestamp": 1763840013.2013547
}
INFO:__main__:Sending to raw_ingestion: {
  "source_type": "deep_web",
  "dataset": "Collection #1",
  "raw_data": {
    "email": "jane.s@test.org",
    "password_hash": "sha1:-5088143581403502930",
    "ip_address": "192.168.1.131"
  },
  "timestamp": 1763840013.201455
}
INFO:__main__:Sending to raw_ingestion: {
  "source_type": "surface_web",
  "url": "https://linkedin.com/bobwilliams82",
  "raw_data": {
    "name": "Bob Williams",
    "username": "bobwilliams82",
    "bio": "Just a random bio for testing.",
    "location": "San Francisco, CA"
  },
  "timestamp": 1763840016.2015967
}
INFO:__main__:Sending to raw_ingestion: {
  "source_type": "deep_web",
  "dataset": "Collection #1",
  "raw_data": {
    "email": "jdoe@example.com",
    "password_hash": "sha1:1450859526763802376",
    "ip_address": "192.168.1.242"
  },
  "timestamp": 1763840016.2016928
}
INFO:__main__:Sending to raw_ingestion: {
  "source_type": "surface_web",
  "url": "https://instagram.com/janesmith83",
  "raw_data": {
    "name": "Jane Smith",
    "username": "janesmith83",
    "bio": "Just a random bio for testing.",
    "location": "San Francisco, CA"
  },
  "timestamp": 1763840019.2018385
}
INFO:__main__:Sending to raw_ingestion: {
  "source_type": "deep_web",
  "dataset": "Collection #1",
  "raw_data": {
    "email": "bob.w@provider.com",
    "password_hash": "sha1:2728132408212846180",
    "ip_address": "192.168.1.17"
  },
  "timestamp": 1763840019.2019308
}
INFO:__main__:Sending to raw_ingestion: {
  "source_type": "surface_web",
  "url": "https://linkedin.com/alicejohnson22",
  "raw_data": {
    "name": "Alice Johnson",
    "username": "alicejohnson22",
    "bio": "Just a random bio for testing.",
    "location": "San Francisco, CA"
  },
  "timestamp": 1763840022.2020814
}
INFO:__main__:Sending to raw_ingestion: {
  "source_type": "deep_web",
  "dataset": "Collection #1",
  "raw_data": {
    "email": "bob.w@provider.com",
    "password_hash": "sha1:-2943485423592944647",
    "ip_address": "192.168.1.176"
  },
  "timestamp": 1763840022.2021759
}
INFO:__main__:Sending to raw_ingestion: {
  "source_type": "surface_web",
  "url": "https://twitter.com/michaelchen49",
  "raw_data": {
    "name": "Michael Chen",
    "username": "michaelchen49",
    "bio": "Just a random bio for testing.",
    "location": "San Francisco, CA"
  },
  "timestamp": 1763840025.2023227
}
INFO:__main__:Sending to raw_ingestion: {
  "source_type": "deep_web",
  "dataset": "Collection #1",
  "raw_data": {
    "email": "bob.w@provider.com",
    "password_hash": "sha1:8955215528844269238",
    "ip_address": "192.168.1.12"
  },
  "timestamp": 1763840025.2024975
}
INFO:__main__:Sending to raw_ingestion: {
  "source_type": "surface_web",
  "url": "https://instagram.com/evabrown25",
  "raw_data": {
    "name": "Eva Brown",
    "username": "evabrown25",
    "bio": "Just a random bio for testing.",
    "location": "San Francisco, CA"
  },
  "timestamp": 1763840028.2026749
}
INFO:__main__:Sending to raw_ingestion: {
  "source_type": "deep_web",
  "dataset": "Collection #1",
  "raw_data": {
    "email": "jane.s@test.org",
    "password_hash": "sha1:2728132408212846180",
    "ip_address": "192.168.1.237"
  },
  "timestamp": 1763840028.2027686
}
INFO:__main__:Sending to raw_ingestion: {
  "source_type": "surface_web",
  "url": "https://instagram.com/michaelchen32",
  "raw_data": {
    "name": "Michael Chen",
    "username": "michaelchen32",
    "bio": "Just a random bio for testing.",
    "location": "San Francisco, CA"
  },
  "timestamp": 1763840031.2029214
}
INFO:__main__:Sending to raw_ingestion: {
  "source_type": "deep_web",
  "dataset": "Collection #1",
  "raw_data": {
    "email": "alice.j@company.net",
    "password_hash": "sha1:2728132408212846180",
    "ip_address": "192.168.1.50"
  },
  "timestamp": 1763840031.203012
}
INFO:__main__:Sending to raw_ingestion: {
  "source_type": "surface_web",
  "url": "https://tiktok.com/evabrown58",
  "raw_data": {
    "name": "Eva Brown",
    "username": "evabrown58",
    "bio": "Just a random bio for testing.",
    "location": "San Francisco, CA"
  },
  "timestamp": 1763840034.2031488
}
INFO:__main__:Sending to raw_ingestion: {
  "source_type": "deep_web",
  "dataset": "Collection #1",
  "raw_data": {
    "email": "jdoe@example.com",
    "password_hash": "sha1:-2943485423592944647",
    "ip_address": "192.168.1.119"
  },
  "timestamp": 1763840034.2032423
}
INFO:__main__:Sending to raw_ingestion: {
  "source_type": "surface_web",
  "url": "https://twitter.com/alicejohnson76",
  "raw_data": {
    "name": "Alice Johnson",
    "username": "alicejohnson76",
    "bio": "Just a random bio for testing.",
    "location": "San Francisco, CA"
  },
  "timestamp": 1763840037.2033882
}
INFO:__main__:Sending to raw_ingestion: {
  "source_type": "deep_web",
  "dataset": "Collection #1",
  "raw_data": {
    "email": "bob.w@provider.com",
    "password_hash": "sha1:-5088143581403502930",
    "ip_address": "192.168.1.240"
  },
  "timestamp": 1763840037.2034786
}
INFO:__main__:Sending to raw_ingestion: {
  "source_type": "surface_web",
  "url": "https://instagram.com/evabrown67",
  "raw_data": {
    "name": "Eva Brown",
    "username": "evabrown67",
    "bio": "Just a random bio for testing.",
    "location": "San Francisco, CA"
  },
  "timestamp": 1763840040.2036347
}
INFO:__main__:Sending to raw_ingestion: {
  "source_type": "deep_web",
  "dataset": "Collection #1",
  "raw_data": {
    "email": "bob.w@provider.com",
    "password_hash": "sha1:2728132408212846180",
    "ip_address": "192.168.1.155"
  },
  "timestamp": 1763840040.2037272
}
INFO:__main__:Sending to raw_ingestion: {
  "source_type": "surface_web",
  "url": "https://linkedin.com/evabrown64",
  "raw_data": {
    "name": "Eva Brown",
    "username": "evabrown64",
    "bio": "Just a random bio for testing.",
    "location": "San Francisco, CA"
  },
  "timestamp": 1763840043.2038743
}
INFO:__main__:Sending to raw_ingestion: {
  "source_type": "deep_web",
  "dataset": "Collection #1",
  "raw_data": {
    "email": "bob.w@provider.com",
    "password_hash": "sha1:2728132408212846180",
    "ip_address": "192.168.1.168"
  },
  "timestamp": 1763840043.203977
}
INFO:__main__:Sending to raw_ingestion: {
  "source_type": "surface_web",
  "url": "https://instagram.com/bobwilliams71",
  "raw_data": {
    "name": "Bob Williams",
    "username": "bobwilliams71",
    "bio": "Just a random bio for testing.",
    "location": "San Francisco, CA"
  },
  "timestamp": 1763840046.204129
}
INFO:__main__:Sending to raw_ingestion: {
  "source_type": "deep_web",
  "dataset": "Collection #1",
  "raw_data": {
    "email": "jdoe@example.com",
    "password_hash": "sha1:8955215528844269238",
    "ip_address": "192.168.1.164"
  },
  "timestamp": 1763840046.2042263
}
INFO:__main__:Sending to raw_ingestion: {
  "source_type": "surface_web",
  "url": "https://tiktok.com/janesmith86",
  "raw_data": {
    "name": "Jane Smith",
    "username": "janesmith86",
    "bio": "Just a random bio for testing.",
    "location": "San Francisco, CA"
  },
  "timestamp": 1763840049.2043774
}
INFO:__main__:Sending to raw_ingestion: {
  "source_type": "deep_web",
  "dataset": "Collection #1",
  "raw_data": {
    "email": "alice.j@company.net",
    "password_hash": "sha1:1450859526763802376",
    "ip_address": "192.168.1.179"
  },
  "timestamp": 1763840049.204511
}
INFO:__main__:Sending to raw_ingestion: {
  "source_type": "surface_web",
  "url": "https://tiktok.com/bobwilliams47",
  "raw_data": {
    "name": "Bob Williams",
    "username": "bobwilliams47",
    "bio": "Just a random bio for testing.",
    "location": "San Francisco, CA"
  },
  "timestamp": 1763840052.204693
}
INFO:__main__:Sending to raw_ingestion: {
  "source_type": "deep_web",
  "dataset": "Collection #1",
  "raw_data": {
    "email": "jane.s@test.org",
    "password_hash": "sha1:8955215528844269238",
    "ip_address": "192.168.1.247"
  },
  "timestamp": 1763840052.2047937
}
INFO:__main__:Sending to raw_ingestion: {
  "source_type": "surface_web",
  "url": "https://tiktok.com/bobwilliams95",
  "raw_data": {
    "name": "Bob Williams",
    "username": "bobwilliams95",
    "bio": "Just a random bio for testing.",
    "location": "San Francisco, CA"
  },
  "timestamp": 1763840055.204956
}
INFO:__main__:Sending to raw_ingestion: {
  "source_type": "deep_web",
  "dataset": "Collection #1",
  "raw_data": {
    "email": "jdoe@example.com",
    "password_hash": "sha1:1450859526763802376",
    "ip_address": "192.168.1.199"
  },
  "timestamp": 1763840055.2051253
}
INFO:__main__:Sending to raw_ingestion: {
  "source_type": "surface_web",
  "url": "https://linkedin.com/evabrown27",
  "raw_data": {
    "name": "Eva Brown",
    "username": "evabrown27",
    "bio": "Just a random bio for testing.",
    "location": "San Francisco, CA"
  },
  "timestamp": 1763840058.2052786
}
INFO:__main__:Sending to raw_ingestion: {
  "source_type": "deep_web",
  "dataset": "Collection #1",
  "raw_data": {
    "email": "jdoe@example.com",
    "password_hash": "sha1:-5088143581403502930",
    "ip_address": "192.168.1.42"
  },
  "timestamp": 1763840058.205399
}
INFO:__main__:Sending to raw_ingestion: {
  "source_type": "surface_web",
  "url": "https://twitter.com/bobwilliams68",
  "raw_data": {
    "name": "Bob Williams",
    "username": "bobwilliams68",
    "bio": "Just a random bio for testing.",
    "location": "San Francisco, CA"
  },
  "timestamp": 1763840061.2055783
}
INFO:__main__:Sending to raw_ingestion: {
  "source_type": "deep_web",
  "dataset": "Collection #1",
  "raw_data": {
    "email": "jane.s@test.org",
    "password_hash": "sha1:8955215528844269238",
    "ip_address": "192.168.1.152"
  },
  "timestamp": 1763840061.2070389
}
INFO:__main__:Sending to raw_ingestion: {
  "source_type": "surface_web",
  "url": "https://tiktok.com/alicejohnson49",
  "raw_data": {
    "name": "Alice Johnson",
    "username": "alicejohnson49",
    "bio": "Just a random bio for testing.",
    "location": "San Francisco, CA"
  },
  "timestamp": 1763840064.2071998
}
INFO:__main__:Sending to raw_ingestion: {
  "source_type": "deep_web",
  "dataset": "Collection #1",
  "raw_data": {
    "email": "bob.w@provider.com",
    "password_hash": "sha1:1450859526763802376",
    "ip_address": "192.168.1.163"
  },
  "timestamp": 1763840064.2073834
}
INFO:__main__:Sending to raw_ingestion: {
  "source_type": "surface_web",
  "url": "https://linkedin.com/michaelchen18",
  "raw_data": {
    "name": "Michael Chen",
    "username": "michaelchen18",
    "bio": "Just a random bio for testing.",
    "location": "San Francisco, CA"
  },
  "timestamp": 1763840067.207583
}
INFO:__main__:Sending to raw_ingestion: {
  "source_type": "deep_web",
  "dataset": "Collection #1",
  "raw_data": {
    "email": "bob.w@provider.com",
    "password_hash": "sha1:-5088143581403502930",
    "ip_address": "192.168.1.128"
  },
  "timestamp": 1763840067.2078032
}
INFO:__main__:Sending to raw_ingestion: {
  "source_type": "surface_web",
  "url": "https://twitter.com/janesmith48",
  "raw_data": {
    "name": "Jane Smith",
    "username": "janesmith48",
    "bio": "Just a random bio for testing.",
    "location": "San Francisco, CA"
  },
  "timestamp": 1763840070.2080753
}
INFO:__main__:Sending to raw_ingestion: {
  "source_type": "deep_web",
  "dataset": "Collection #1",
  "raw_data": {
    "email": "jane.s@test.org",
    "password_hash": "sha1:1450859526763802376",
    "ip_address": "192.168.1.95"
  },
  "timestamp": 1763840070.2082913
}
INFO:__main__:Sending to raw_ingestion: {
  "source_type": "surface_web",
  "url": "https://tiktok.com/evabrown46",
  "raw_data": {
    "name": "Eva Brown",
    "username": "evabrown46",
    "bio": "Just a random bio for testing.",
    "location": "San Francisco, CA"
  },
  "timestamp": 1763840073.2084713
}
INFO:__main__:Sending to raw_ingestion: {
  "source_type": "deep_web",
  "dataset": "Collection #1",
  "raw_data": {
    "email": "alice.j@company.net",
    "password_hash": "sha1:-2943485423592944647",
    "ip_address": "192.168.1.100"
  },
  "timestamp": 1763840073.2086666
}
INFO:__main__:Sending to raw_ingestion: {
  "source_type": "surface_web",
  "url": "https://linkedin.com/janesmith15",
  "raw_data": {
    "name": "Jane Smith",
    "username": "janesmith15",
    "bio": "Just a random bio for testing.",
    "location": "San Francisco, CA"
  },
  "timestamp": 1763840076.208925
}
INFO:__main__:Sending to raw_ingestion: {
  "source_type": "deep_web",
  "dataset": "Collection #1",
  "raw_data": {
    "email": "jane.s@test.org",
    "password_hash": "sha1:-2943485423592944647",
    "ip_address": "192.168.1.219"
  },
  "timestamp": 1763840076.2091336
}
INFO:__main__:Sending to raw_ingestion: {
  "source_type": "surface_web",
  "url": "https://tiktok.com/johndoe36",
  "raw_data": {
    "name": "John Doe",
    "username": "johndoe36",
    "bio": "Just a random bio for testing.",
    "location": "San Francisco, CA"
  },
  "timestamp": 1763840079.2093103
}
INFO:__main__:Sending to raw_ingestion: {
  "source_type": "deep_web",
  "dataset": "Collection #1",
  "raw_data": {
    "email": "jdoe@example.com",
    "password_hash": "sha1:8955215528844269238",
    "ip_address": "192.168.1.178"
  },
  "timestamp": 1763840079.2095098
}
INFO:__main__:Sending to raw_ingestion: {
  "source_type": "surface_web",
  "url": "https://tiktok.com/janesmith71",
  "raw_data": {
    "name": "Jane Smith",
    "username": "janesmith71",
    "bio": "Just a random bio for testing.",
    "location": "San Francisco, CA"
  },
  "timestamp": 1763840082.2096844
}
INFO:__main__:Sending to raw_ingestion: {
  "source_type": "deep_web",
  "dataset": "Collection #1",
  "raw_data": {
    "email": "jdoe@example.com",
    "password_hash": "sha1:-2943485423592944647",
    "ip_address": "192.168.1.102"
  },
  "timestamp": 1763840082.2098782
}
INFO:__main__:Sending to raw_ingestion: {
  "source_type": "surface_web",
  "url": "https://instagram.com/michaelchen41",
  "raw_data": {
    "name": "Michael Chen",
    "username": "michaelchen41",
    "bio": "Just a random bio for testing.",
    "location": "San Francisco, CA"
  },
  "timestamp": 1763840085.2100458
}
INFO:__main__:Sending to raw_ingestion: {
  "source_type": "deep_web",
  "dataset": "Collection #1",
  "raw_data": {
    "email": "jane.s@test.org",
    "password_hash": "sha1:-5088143581403502930",
    "ip_address": "192.168.1.21"
  },
  "timestamp": 1763840085.210218
}
INFO:__main__:Sending to raw_ingestion: {
  "source_type": "surface_web",
  "url": "https://instagram.com/michaelchen17",
  "raw_data": {
    "name": "Michael Chen",
    "username": "michaelchen17",
    "bio": "Just a random bio for testing.",
    "location": "San Francisco, CA"
  },
  "timestamp": 1763840088.210371
}
INFO:__main__:Sending to raw_ingestion: {
  "source_type": "deep_web",
  "dataset": "Collection #1",
  "raw_data": {
    "email": "alice.j@company.net",
    "password_hash": "sha1:8955215528844269238",
    "ip_address": "192.168.1.204"
  },
  "timestamp": 1763840088.2104902
}
INFO:__main__:Sending to raw_ingestion: {
  "source_type": "surface_web",
  "url": "https://twitter.com/janesmith77",
  "raw_data": {
    "name": "Jane Smith",
    "username": "janesmith77",
    "bio": "Just a random bio for testing.",
    "location": "San Francisco, CA"
  },
  "timestamp": 1763840091.210689
}
INFO:__main__:Sending to raw_ingestion: {
  "source_type": "deep_web",
  "dataset": "Collection #1",
  "raw_data": {
    "email": "bob.w@provider.com",
    "password_hash": "sha1:2728132408212846180",
    "ip_address": "192.168.1.108"
  },
  "timestamp": 1763840091.2108266
}
INFO:__main__:Sending to raw_ingestion: {
  "source_type": "surface_web",
  "url": "https://twitter.com/johndoe13",
  "raw_data": {
    "name": "John Doe",
    "username": "johndoe13",
    "bio": "Just a random bio for testing.",
    "location": "San Francisco, CA"
  },
  "timestamp": 1763840094.2110896
}
INFO:__main__:Sending to raw_ingestion: {
  "source_type": "deep_web",
  "dataset": "Collection #1",
  "raw_data": {
    "email": "bob.w@provider.com",
    "password_hash": "sha1:2728132408212846180",
    "ip_address": "192.168.1.236"
  },
  "timestamp": 1763840094.2111895
}
INFO:__main__:Sending to raw_ingestion: {
  "source_type": "surface_web",
  "url": "https://twitter.com/bobwilliams11",
  "raw_data": {
    "name": "Bob Williams",
    "username": "bobwilliams11",
    "bio": "Just a random bio for testing.",
    "location": "San Francisco, CA"
  },
  "timestamp": 1763840097.211345
}
INFO:__main__:Sending to raw_ingestion: {
  "source_type": "deep_web",
  "dataset": "Collection #1",
  "raw_data": {
    "email": "jane.s@test.org",
    "password_hash": "sha1:2728132408212846180",
    "ip_address": "192.168.1.229"
  },
  "timestamp": 1763840097.2115505
}
INFO:__main__:Sending to raw_ingestion: {
  "source_type": "surface_web",
  "url": "https://linkedin.com/evabrown94",
  "raw_data": {
    "name": "Eva Brown",
    "username": "evabrown94",
    "bio": "Just a random bio for testing.",
    "location": "San Francisco, CA"
  },
  "timestamp": 1763840100.2116723
}
INFO:__main__:Sending to raw_ingestion: {
  "source_type": "deep_web",
  "dataset": "Collection #1",
  "raw_data": {
    "email": "bob.w@provider.com",
    "password_hash": "sha1:2728132408212846180",
    "ip_address": "192.168.1.42"
  },
  "timestamp": 1763840100.2117763
}
INFO:__main__:Sending to raw_ingestion: {
  "source_type": "surface_web",
  "url": "https://twitter.com/michaelchen75",
  "raw_data": {
    "name": "Michael Chen",
    "username": "michaelchen75",
    "bio": "Just a random bio for testing.",
    "location": "San Francisco, CA"
  },
  "timestamp": 1763840103.2119708
}
INFO:__main__:Sending to raw_ingestion: {
  "source_type": "deep_web",
  "dataset": "Collection #1",
  "raw_data": {
    "email": "alice.j@company.net",
    "password_hash": "sha1:8955215528844269238",
    "ip_address": "192.168.1.56"
  },
  "timestamp": 1763840103.2120988
}
INFO:__main__:Sending to raw_ingestion: {
  "source_type": "surface_web",
  "url": "https://linkedin.com/alicejohnson25",
  "raw_data": {
    "name": "Alice Johnson",
    "username": "alicejohnson25",
    "bio": "Just a random bio for testing.",
    "location": "San Francisco, CA"
  },
  "timestamp": 1763840106.2122455
}
INFO:__main__:Sending to raw_ingestion: {
  "source_type": "deep_web",
  "dataset": "Collection #1",
  "raw_data": {
    "email": "alice.j@company.net",
    "password_hash": "sha1:2728132408212846180",
    "ip_address": "192.168.1.17"
  },
  "timestamp": 1763840106.2123597
}
INFO:__main__:Sending to raw_ingestion: {
  "source_type": "surface_web",
  "url": "https://tiktok.com/michaelchen92",
  "raw_data": {
    "name": "Michael Chen",
    "username": "michaelchen92",
    "bio": "Just a random bio for testing.",
    "location": "San Francisco, CA"
  },
  "timestamp": 1763840109.2125092
}
INFO:__main__:Sending to raw_ingestion: {
  "source_type": "deep_web",
  "dataset": "Collection #1",
  "raw_data": {
    "email": "alice.j@company.net",
    "password_hash": "sha1:-5088143581403502930",
    "ip_address": "192.168.1.210"
  },
  "timestamp": 1763840109.2126188
}
INFO:__main__:Sending to raw_ingestion: {
  "source_type": "surface_web",
  "url": "https://linkedin.com/alicejohnson7",
  "raw_data": {
    "name": "Alice Johnson",
    "username": "alicejohnson7",
    "bio": "Just a random bio for testing.",
    "location": "San Francisco, CA"
  },
  "timestamp": 1763840112.2128892
}
INFO:__main__:Sending to raw_ingestion: {
  "source_type": "deep_web",
  "dataset": "Collection #1",
  "raw_data": {
    "email": "jane.s@test.org",
    "password_hash": "sha1:-5088143581403502930",
    "ip_address": "192.168.1.201"
  },
  "timestamp": 1763840112.213035
}
INFO:__main__:Sending to raw_ingestion: {
  "source_type": "surface_web",
  "url": "https://tiktok.com/alicejohnson66",
  "raw_data": {
    "name": "Alice Johnson",
    "username": "alicejohnson66",
    "bio": "Just a random bio for testing.",
    "location": "San Francisco, CA"
  },
  "timestamp": 1763840115.21318
}
INFO:__main__:Sending to raw_ingestion: {
  "source_type": "deep_web",
  "dataset": "Collection #1",
  "raw_data": {
    "email": "jdoe@example.com",
    "password_hash": "sha1:-5088143581403502930",
    "ip_address": "192.168.1.155"
  },
  "timestamp": 1763840115.2133005
}
INFO:__main__:Sending to raw_ingestion: {
  "source_type": "surface_web",
  "url": "https://instagram.com/janesmith40",
  "raw_data": {
    "name": "Jane Smith",
    "username": "janesmith40",
    "bio": "Just a random bio for testing.",
    "location": "San Francisco, CA"
  },
  "timestamp": 1763840118.213444
}
INFO:__main__:Sending to raw_ingestion: {
  "source_type": "deep_web",
  "dataset": "Collection #1",
  "raw_data": {
    "email": "jane.s@test.org",
    "password_hash": "sha1:2728132408212846180",
    "ip_address": "192.168.1.183"
  },
  "timestamp": 1763840118.2135563
}
INFO:__main__:Sending to raw_ingestion: {
  "source_type": "surface_web",
  "url": "https://instagram.com/michaelchen17",
  "raw_data": {
    "name": "Michael Chen",
    "username": "michaelchen17",
    "bio": "Just a random bio for testing.",
    "location": "San Francisco, CA"
  },
  "timestamp": 1763840121.2137003
}
INFO:__main__:Sending to raw_ingestion: {
  "source_type": "deep_web",
  "dataset": "Collection #1",
  "raw_data": {
    "email": "alice.j@company.net",
    "password_hash": "sha1:-2943485423592944647",
    "ip_address": "192.168.1.7"
  },
  "timestamp": 1763840121.2138047
}
INFO:__main__:Sending to raw_ingestion: {
  "source_type": "surface_web",
  "url": "https://tiktok.com/bobwilliams36",
  "raw_data": {
    "name": "Bob Williams",
    "username": "bobwilliams36",
    "bio": "Just a random bio for testing.",
    "location": "San Francisco, CA"
  },
  "timestamp": 1763840124.2139401
}
INFO:__main__:Sending to raw_ingestion: {
  "source_type": "deep_web",
  "dataset": "Collection #1",
  "raw_data": {
    "email": "jdoe@example.com",
    "password_hash": "sha1:-5088143581403502930",
    "ip_address": "192.168.1.130"
  },
  "timestamp": 1763840124.214044
}
INFO:__main__:Sending to raw_ingestion: {
  "source_type": "surface_web",
  "url": "https://tiktok.com/bobwilliams56",
  "raw_data": {
    "name": "Bob Williams",
    "username": "bobwilliams56",
    "bio": "Just a random bio for testing.",
    "location": "San Francisco, CA"
  },
  "timestamp": 1763840127.2142034
}
INFO:__main__:Sending to raw_ingestion: {
  "source_type": "deep_web",
  "dataset": "Collection #1",
  "raw_data": {
    "email": "jane.s@test.org",
    "password_hash": "sha1:1450859526763802376",
    "ip_address": "192.168.1.154"
  },
  "timestamp": 1763840127.2143078
}
INFO:__main__:Sending to raw_ingestion: {
  "source_type": "surface_web",
  "url": "https://tiktok.com/bobwilliams80",
  "raw_data": {
    "name": "Bob Williams",
    "username": "bobwilliams80",
    "bio": "Just a random bio for testing.",
    "location": "San Francisco, CA"
  },
  "timestamp": 1763840130.2144518
}
INFO:__main__:Sending to raw_ingestion: {
  "source_type": "deep_web",
  "dataset": "Collection #1",
  "raw_data": {
    "email": "jdoe@example.com",
    "password_hash": "sha1:-2943485423592944647",
    "ip_address": "192.168.1.225"
  },
  "timestamp": 1763840130.2145581
}
INFO:__main__:Sending to raw_ingestion: {
  "source_type": "surface_web",
  "url": "https://tiktok.com/bobwilliams55",
  "raw_data": {
    "name": "Bob Williams",
    "username": "bobwilliams55",
    "bio": "Just a random bio for testing.",
    "location": "San Francisco, CA"
  },
  "timestamp": 1763840133.2147021
}
INFO:__main__:Sending to raw_ingestion: {
  "source_type": "deep_web",
  "dataset": "Collection #1",
  "raw_data": {
    "email": "alice.j@company.net",
    "password_hash": "sha1:-5088143581403502930",
    "ip_address": "192.168.1.151"
  },
  "timestamp": 1763840133.214907
}
INFO:__main__:Sending to raw_ingestion: {
  "source_type": "surface_web",
  "url": "https://linkedin.com/evabrown83",
  "raw_data": {
    "name": "Eva Brown",
    "username": "evabrown83",
    "bio": "Just a random bio for testing.",
    "location": "San Francisco, CA"
  },
  "timestamp": 1763840136.2150497
}
INFO:__main__:Sending to raw_ingestion: {
  "source_type": "deep_web",
  "dataset": "Collection #1",
  "raw_data": {
    "email": "alice.j@company.net",
    "password_hash": "sha1:8955215528844269238",
    "ip_address": "192.168.1.110"
  },
  "timestamp": 1763840136.2151642
}
INFO:__main__:Sending to raw_ingestion: {
  "source_type": "surface_web",
  "url": "https://twitter.com/evabrown21",
  "raw_data": {
    "name": "Eva Brown",
    "username": "evabrown21",
    "bio": "Just a random bio for testing.",
    "location": "San Francisco, CA"
  },
  "timestamp": 1763840139.215365
}
INFO:__main__:Sending to raw_ingestion: {
  "source_type": "deep_web",
  "dataset": "Collection #1",
  "raw_data": {
    "email": "bob.w@provider.com",
    "password_hash": "sha1:2728132408212846180",
    "ip_address": "192.168.1.74"
  },
  "timestamp": 1763840139.215485
}
INFO:__main__:Sending to raw_ingestion: {
  "source_type": "surface_web",
  "url": "https://twitter.com/johndoe75",
  "raw_data": {
    "name": "John Doe",
    "username": "johndoe75",
    "bio": "Just a random bio for testing.",
    "location": "San Francisco, CA"
  },
  "timestamp": 1763840142.21563
}
INFO:__main__:Sending to raw_ingestion: {
  "source_type": "deep_web",
  "dataset": "Collection #1",
  "raw_data": {
    "email": "bob.w@provider.com",
    "password_hash": "sha1:-5088143581403502930",
    "ip_address": "192.168.1.16"
  },
  "timestamp": 1763840142.2157397
}
INFO:__main__:Sending to raw_ingestion: {
  "source_type": "surface_web",
  "url": "https://tiktok.com/janesmith20",
  "raw_data": {
    "name": "Jane Smith",
    "username": "janesmith20",
    "bio": "Just a random bio for testing.",
    "location": "San Francisco, CA"
  },
  "timestamp": 1763840145.2158833
}
INFO:__main__:Sending to raw_ingestion: {
  "source_type": "deep_web",
  "dataset": "Collection #1",
  "raw_data": {
    "email": "alice.j@company.net",
    "password_hash": "sha1:-2943485423592944647",
    "ip_address": "192.168.1.222"
  },
  "timestamp": 1763840145.2159853
}
INFO:__main__:Sending to raw_ingestion: {
  "source_type": "surface_web",
  "url": "https://tiktok.com/janesmith67",
  "raw_data": {
    "name": "Jane Smith",
    "username": "janesmith67",
    "bio": "Just a random bio for testing.",
    "location": "San Francisco, CA"
  },
  "timestamp": 1763840148.216188
}
INFO:__main__:Sending to raw_ingestion: {
  "source_type": "deep_web",
  "dataset": "Collection #1",
  "raw_data": {
    "email": "jane.s@test.org",
    "password_hash": "sha1:-5088143581403502930",
    "ip_address": "192.168.1.115"
  },
  "timestamp": 1763840148.2162914
}
INFO:__main__:Sending to raw_ingestion: {
  "source_type": "surface_web",
  "url": "https://twitter.com/alicejohnson92",
  "raw_data": {
    "name": "Alice Johnson",
    "username": "alicejohnson92",
    "bio": "Just a random bio for testing.",
    "location": "San Francisco, CA"
  },
  "timestamp": 1763840151.216432
}
INFO:__main__:Sending to raw_ingestion: {
  "source_type": "deep_web",
  "dataset": "Collection #1",
  "raw_data": {
    "email": "alice.j@company.net",
    "password_hash": "sha1:-5088143581403502930",
    "ip_address": "192.168.1.31"
  },
  "timestamp": 1763840151.216542
}
INFO:__main__:Sending to raw_ingestion: {
  "source_type": "surface_web",
  "url": "https://linkedin.com/michaelchen11",
  "raw_data": {
    "name": "Michael Chen",
    "username": "michaelchen11",
    "bio": "Just a random bio for testing.",
    "location": "San Francisco, CA"
  },
  "timestamp": 1763840154.2166817
}
INFO:__main__:Sending to raw_ingestion: {
  "source_type": "deep_web",
  "dataset": "Collection #1",
  "raw_data": {
    "email": "jane.s@test.org",
    "password_hash": "sha1:8955215528844269238",
    "ip_address": "192.168.1.144"
  },
  "timestamp": 1763840154.216797
}
INFO:__main__:Sending to raw_ingestion: {
  "source_type": "surface_web",
  "url": "https://tiktok.com/alicejohnson65",
  "raw_data": {
    "name": "Alice Johnson",
    "username": "alicejohnson65",
    "bio": "Just a random bio for testing.",
    "location": "San Francisco, CA"
  },
  "timestamp": 1763840157.2169712
}
INFO:__main__:Sending to raw_ingestion: {
  "source_type": "deep_web",
  "dataset": "Collection #1",
  "raw_data": {
    "email": "alice.j@company.net",
    "password_hash": "sha1:1450859526763802376",
    "ip_address": "192.168.1.102"
  },
  "timestamp": 1763840157.2170794
}
INFO:__main__:Sending to raw_ingestion: {
  "source_type": "surface_web",
  "url": "https://twitter.com/bobwilliams73",
  "raw_data": {
    "name": "Bob Williams",
    "username": "bobwilliams73",
    "bio": "Just a random bio for testing.",
    "location": "San Francisco, CA"
  },
  "timestamp": 1763840160.217394
}
INFO:__main__:Sending to raw_ingestion: {
  "source_type": "deep_web",
  "dataset": "Collection #1",
  "raw_data": {
    "email": "jane.s@test.org",
    "password_hash": "sha1:8955215528844269238",
    "ip_address": "192.168.1.168"
  },
  "timestamp": 1763840160.2176151
}
INFO:__main__:Sending to raw_ingestion: {
  "source_type": "surface_web",
  "url": "https://twitter.com/janesmith81",
  "raw_data": {
    "name": "Jane Smith",
    "username": "janesmith81",
    "bio": "Just a random bio for testing.",
    "location": "San Francisco, CA"
  },
  "timestamp": 1763840163.2177963
}
INFO:__main__:Sending to raw_ingestion: {
  "source_type": "deep_web",
  "dataset": "Collection #1",
  "raw_data": {
    "email": "jane.s@test.org",
    "password_hash": "sha1:-5088143581403502930",
    "ip_address": "192.168.1.123"
  },
  "timestamp": 1763840163.2179844
}
INFO:__main__:Sending to raw_ingestion: {
  "source_type": "surface_web",
  "url": "https://instagram.com/evabrown69",
  "raw_data": {
    "name": "Eva Brown",
    "username": "evabrown69",
    "bio": "Just a random bio for testing.",
    "location": "San Francisco, CA"
  },
  "timestamp": 1763840166.21814
}
INFO:__main__:Sending to raw_ingestion: {
  "source_type": "deep_web",
  "dataset": "Collection #1",
  "raw_data": {
    "email": "bob.w@provider.com",
    "password_hash": "sha1:-2943485423592944647",
    "ip_address": "192.168.1.250"
  },
  "timestamp": 1763840166.2183297
}
INFO:__main__:Sending to raw_ingestion: {
  "source_type": "surface_web",
  "url": "https://linkedin.com/evabrown57",
  "raw_data": {
    "name": "Eva Brown",
    "username": "evabrown57",
    "bio": "Just a random bio for testing.",
    "location": "San Francisco, CA"
  },
  "timestamp": 1763840169.2184737
}
INFO:__main__:Sending to raw_ingestion: {
  "source_type": "deep_web",
  "dataset": "Collection #1",
  "raw_data": {
    "email": "bob.w@provider.com",
    "password_hash": "sha1:1450859526763802376",
    "ip_address": "192.168.1.41"
  },
  "timestamp": 1763840169.2187161
}
INFO:__main__:Sending to raw_ingestion: {
  "source_type": "surface_web",
  "url": "https://instagram.com/janesmith40",
  "raw_data": {
    "name": "Jane Smith",
    "username": "janesmith40",
    "bio": "Just a random bio for testing.",
    "location": "San Francisco, CA"
  },
  "timestamp": 1763840172.2188792
}
INFO:__main__:Sending to raw_ingestion: {
  "source_type": "deep_web",
  "dataset": "Collection #1",
  "raw_data": {
    "email": "alice.j@company.net",
    "password_hash": "sha1:2728132408212846180",
    "ip_address": "192.168.1.131"
  },
  "timestamp": 1763840172.2190228
}
INFO:__main__:Sending to raw_ingestion: {
  "source_type": "surface_web",
  "url": "https://tiktok.com/michaelchen81",
  "raw_data": {
    "name": "Michael Chen",
    "username": "michaelchen81",
    "bio": "Just a random bio for testing.",
    "location": "San Francisco, CA"
  },
  "timestamp": 1763840175.2192125
}
INFO:__main__:Sending to raw_ingestion: {
  "source_type": "deep_web",
  "dataset": "Collection #1",
  "raw_data": {
    "email": "bob.w@provider.com",
    "password_hash": "sha1:-5088143581403502930",
    "ip_address": "192.168.1.34"
  },
  "timestamp": 1763840175.219389
}
INFO:__main__:Sending to raw_ingestion: {
  "source_type": "surface_web",
  "url": "https://tiktok.com/alicejohnson14",
  "raw_data": {
    "name": "Alice Johnson",
    "username": "alicejohnson14",
    "bio": "Just a random bio for testing.",
    "location": "San Francisco, CA"
  },
  "timestamp": 1763840178.2195358
}
INFO:__main__:Sending to raw_ingestion: {
  "source_type": "deep_web",
  "dataset": "Collection #1",
  "raw_data": {
    "email": "alice.j@company.net",
    "password_hash": "sha1:1450859526763802376",
    "ip_address": "192.168.1.43"
  },
  "timestamp": 1763840178.2196407
}
INFO:__main__:Sending to raw_ingestion: {
  "source_type": "surface_web",
  "url": "https://linkedin.com/michaelchen82",
  "raw_data": {
    "name": "Michael Chen",
    "username": "michaelchen82",
    "bio": "Just a random bio for testing.",
    "location": "San Francisco, CA"
  },
  "timestamp": 1763840181.2197828
}
INFO:__main__:Sending to raw_ingestion: {
  "source_type": "deep_web",
  "dataset": "Collection #1",
  "raw_data": {
    "email": "bob.w@provider.com",
    "password_hash": "sha1:1450859526763802376",
    "ip_address": "192.168.1.36"
  },
  "timestamp": 1763840181.2198856
}
INFO:__main__:Sending to raw_ingestion: {
  "source_type": "surface_web",
  "url": "https://tiktok.com/michaelchen9",
  "raw_data": {
    "name": "Michael Chen",
    "username": "michaelchen9",
    "bio": "Just a random bio for testing.",
    "location": "San Francisco, CA"
  },
  "timestamp": 1763840184.220042
}
INFO:__main__:Sending to raw_ingestion: {
  "source_type": "deep_web",
  "dataset": "Collection #1",
  "raw_data": {
    "email": "bob.w@provider.com",
    "password_hash": "sha1:-2943485423592944647",
    "ip_address": "192.168.1.44"
  },
  "timestamp": 1763840184.2201464
}
INFO:__main__:Sending to raw_ingestion: {
  "source_type": "surface_web",
  "url": "https://twitter.com/evabrown15",
  "raw_data": {
    "name": "Eva Brown",
    "username": "evabrown15",
    "bio": "Just a random bio for testing.",
    "location": "San Francisco, CA"
  },
  "timestamp": 1763840187.2202713
}
INFO:__main__:Sending to raw_ingestion: {
  "source_type": "deep_web",
  "dataset": "Collection #1",
  "raw_data": {
    "email": "jane.s@test.org",
    "password_hash": "sha1:8955215528844269238",
    "ip_address": "192.168.1.185"
  },
  "timestamp": 1763840187.2203639
}
INFO:__main__:Sending to raw_ingestion: {
  "source_type": "surface_web",
  "url": "https://tiktok.com/evabrown22",
  "raw_data": {
    "name": "Eva Brown",
    "username": "evabrown22",
    "bio": "Just a random bio for testing.",
    "location": "San Francisco, CA"
  },
  "timestamp": 1763840190.2204998
}
INFO:__main__:Sending to raw_ingestion: {
  "source_type": "deep_web",
  "dataset": "Collection #1",
  "raw_data": {
    "email": "bob.w@provider.com",
    "password_hash": "sha1:8955215528844269238",
    "ip_address": "192.168.1.62"
  },
  "timestamp": 1763840190.2206051
}
INFO:__main__:Sending to raw_ingestion: {
  "source_type": "surface_web",
  "url": "https://twitter.com/alicejohnson58",
  "raw_data": {
    "name": "Alice Johnson",
    "username": "alicejohnson58",
    "bio": "Just a random bio for testing.",
    "location": "San Francisco, CA"
  },
  "timestamp": 1763840193.2207472
}
INFO:__main__:Sending to raw_ingestion: {
  "source_type": "deep_web",
  "dataset": "Collection #1",
  "raw_data": {
    "email": "jane.s@test.org",
    "password_hash": "sha1:-5088143581403502930",
    "ip_address": "192.168.1.105"
  },
  "timestamp": 1763840193.2208617
}
INFO:__main__:Sending to raw_ingestion: {
  "source_type": "surface_web",
  "url": "https://tiktok.com/alicejohnson99",
  "raw_data": {
    "name": "Alice Johnson",
    "username": "alicejohnson99",
    "bio": "Just a random bio for testing.",
    "location": "San Francisco, CA"
  },
  "timestamp": 1763840196.221028
}
INFO:__main__:Sending to raw_ingestion: {
  "source_type": "deep_web",
  "dataset": "Collection #1",
  "raw_data": {
    "email": "alice.j@company.net",
    "password_hash": "sha1:1450859526763802376",
    "ip_address": "192.168.1.147"
  },
  "timestamp": 1763840196.2211545
}
INFO:__main__:Sending to raw_ingestion: {
  "source_type": "surface_web",
  "url": "https://twitter.com/evabrown91",
  "raw_data": {
    "name": "Eva Brown",
    "username": "evabrown91",
    "bio": "Just a random bio for testing.",
    "location": "San Francisco, CA"
  },
  "timestamp": 1763840199.2212954
}
INFO:__main__:Sending to raw_ingestion: {
  "source_type": "deep_web",
  "dataset": "Collection #1",
  "raw_data": {
    "email": "alice.j@company.net",
    "password_hash": "sha1:8955215528844269238",
    "ip_address": "192.168.1.35"
  },
  "timestamp": 1763840199.2213933
}
INFO:__main__:Sending to raw_ingestion: {
  "source_type": "surface_web",
  "url": "https://linkedin.com/johndoe48",
  "raw_data": {
    "name": "John Doe",
    "username": "johndoe48",
    "bio": "Just a random bio for testing.",
    "location": "San Francisco, CA"
  },
  "timestamp": 1763840202.221631
}
INFO:__main__:Sending to raw_ingestion: {
  "source_type": "deep_web",
  "dataset": "Collection #1",
  "raw_data": {
    "email": "bob.w@provider.com",
    "password_hash": "sha1:-5088143581403502930",
    "ip_address": "192.168.1.196"
  },
  "timestamp": 1763840202.2217405
}
INFO:__main__:Sending to raw_ingestion: {
  "source_type": "surface_web",
  "url": "https://tiktok.com/johndoe79",
  "raw_data": {
    "name": "John Doe",
    "username": "johndoe79",
    "bio": "Just a random bio for testing.",
    "location": "San Francisco, CA"
  },
  "timestamp": 1763840205.2219436
}
INFO:__main__:Sending to raw_ingestion: {
  "source_type": "deep_web",
  "dataset": "Collection #1",
  "raw_data": {
    "email": "alice.j@company.net",
    "password_hash": "sha1:-5088143581403502930",
    "ip_address": "192.168.1.108"
  },
  "timestamp": 1763840205.2221568
}
INFO:__main__:Sending to raw_ingestion: {
  "source_type": "surface_web",
  "url": "https://instagram.com/evabrown57",
  "raw_data": {
    "name": "Eva Brown",
    "username": "evabrown57",
    "bio": "Just a random bio for testing.",
    "location": "San Francisco, CA"
  },
  "timestamp": 1763840208.2223418
}
INFO:__main__:Sending to raw_ingestion: {
  "source_type": "deep_web",
  "dataset": "Collection #1",
  "raw_data": {
    "email": "alice.j@company.net",
    "password_hash": "sha1:-2943485423592944647",
    "ip_address": "192.168.1.45"
  },
  "timestamp": 1763840208.2224782
}
INFO:__main__:Sending to raw_ingestion: {
  "source_type": "surface_web",
  "url": "https://twitter.com/johndoe56",
  "raw_data": {
    "name": "John Doe",
    "username": "johndoe56",
    "bio": "Just a random bio for testing.",
    "location": "San Francisco, CA"
  },
  "timestamp": 1763840211.2226958
}
INFO:__main__:Sending to raw_ingestion: {
  "source_type": "deep_web",
  "dataset": "Collection #1",
  "raw_data": {
    "email": "jdoe@example.com",
    "password_hash": "sha1:-2943485423592944647",
    "ip_address": "192.168.1.24"
  },
  "timestamp": 1763840211.2228563
}
INFO:__main__:Sending to raw_ingestion: {
  "source_type": "surface_web",
  "url": "https://linkedin.com/johndoe22",
  "raw_data": {
    "name": "John Doe",
    "username": "johndoe22",
    "bio": "Just a random bio for testing.",
    "location": "San Francisco, CA"
  },
  "timestamp": 1763840214.2231255
}
INFO:__main__:Sending to raw_ingestion: {
  "source_type": "deep_web",
  "dataset": "Collection #1",
  "raw_data": {
    "email": "alice.j@company.net",
    "password_hash": "sha1:1450859526763802376",
    "ip_address": "192.168.1.245"
  },
  "timestamp": 1763840214.2233083
}
INFO:__main__:Sending to raw_ingestion: {
  "source_type": "surface_web",
  "url": "https://tiktok.com/bobwilliams55",
  "raw_data": {
    "name": "Bob Williams",
    "username": "bobwilliams55",
    "bio": "Just a random bio for testing.",
    "location": "San Francisco, CA"
  },
  "timestamp": 1763840217.2234836
}
INFO:__main__:Sending to raw_ingestion: {
  "source_type": "deep_web",
  "dataset": "Collection #1",
  "raw_data": {
    "email": "jane.s@test.org",
    "password_hash": "sha1:8955215528844269238",
    "ip_address": "192.168.1.70"
  },
  "timestamp": 1763840217.2236984
}
INFO:__main__:Sending to raw_ingestion: {
  "source_type": "surface_web",
  "url": "https://tiktok.com/johndoe51",
  "raw_data": {
    "name": "John Doe",
    "username": "johndoe51",
    "bio": "Just a random bio for testing.",
    "location": "San Francisco, CA"
  },
  "timestamp": 1763840220.2238789
}
INFO:__main__:Sending to raw_ingestion: {
  "source_type": "deep_web",
  "dataset": "Collection #1",
  "raw_data": {
    "email": "jane.s@test.org",
    "password_hash": "sha1:-2943485423592944647",
    "ip_address": "192.168.1.23"
  },
  "timestamp": 1763840220.2240977
}
INFO:__main__:Sending to raw_ingestion: {
  "source_type": "surface_web",
  "url": "https://instagram.com/bobwilliams11",
  "raw_data": {
    "name": "Bob Williams",
    "username": "bobwilliams11",
    "bio": "Just a random bio for testing.",
    "location": "San Francisco, CA"
  },
  "timestamp": 1763840223.2243083
}
INFO:__main__:Sending to raw_ingestion: {
  "source_type": "deep_web",
  "dataset": "Collection #1",
  "raw_data": {
    "email": "jdoe@example.com",
    "password_hash": "sha1:2728132408212846180",
    "ip_address": "192.168.1.70"
  },
  "timestamp": 1763840223.224502
}
INFO:__main__:Sending to raw_ingestion: {
  "source_type": "surface_web",
  "url": "https://twitter.com/bobwilliams52",
  "raw_data": {
    "name": "Bob Williams",
    "username": "bobwilliams52",
    "bio": "Just a random bio for testing.",
    "location": "San Francisco, CA"
  },
  "timestamp": 1763840226.2246754
}
INFO:__main__:Sending to raw_ingestion: {
  "source_type": "deep_web",
  "dataset": "Collection #1",
  "raw_data": {
    "email": "bob.w@provider.com",
    "password_hash": "sha1:-5088143581403502930",
    "ip_address": "192.168.1.244"
  },
  "timestamp": 1763840226.2248697
}
INFO:__main__:Sending to raw_ingestion: {
  "source_type": "surface_web",
  "url": "https://linkedin.com/alicejohnson61",
  "raw_data": {
    "name": "Alice Johnson",
    "username": "alicejohnson61",
    "bio": "Just a random bio for testing.",
    "location": "San Francisco, CA"
  },
  "timestamp": 1763840229.2250807
}
INFO:__main__:Sending to raw_ingestion: {
  "source_type": "deep_web",
  "dataset": "Collection #1",
  "raw_data": {
    "email": "alice.j@company.net",
    "password_hash": "sha1:8955215528844269238",
    "ip_address": "192.168.1.75"
  },
  "timestamp": 1763840229.2252753
}
INFO:__main__:Sending to raw_ingestion: {
  "source_type": "surface_web",
  "url": "https://instagram.com/evabrown16",
  "raw_data": {
    "name": "Eva Brown",
    "username": "evabrown16",
    "bio": "Just a random bio for testing.",
    "location": "San Francisco, CA"
  },
  "timestamp": 1763840232.2254481
}
INFO:__main__:Sending to raw_ingestion: {
  "source_type": "deep_web",
  "dataset": "Collection #1",
  "raw_data": {
    "email": "bob.w@provider.com",
    "password_hash": "sha1:-2943485423592944647",
    "ip_address": "192.168.1.155"
  },
  "timestamp": 1763840232.2256238
}
INFO:__main__:Sending to raw_ingestion: {
  "source_type": "surface_web",
  "url": "https://tiktok.com/janesmith16",
  "raw_data": {
    "name": "Jane Smith",
    "username": "janesmith16",
    "bio": "Just a random bio for testing.",
    "location": "San Francisco, CA"
  },
  "timestamp": 1763840235.2257898
}
INFO:__main__:Sending to raw_ingestion: {
  "source_type": "deep_web",
  "dataset": "Collection #1",
  "raw_data": {
    "email": "jdoe@example.com",
    "password_hash": "sha1:-2943485423592944647",
    "ip_address": "192.168.1.156"
  },
  "timestamp": 1763840235.2259886
}
INFO:__main__:Sending to raw_ingestion: {
  "source_type": "surface_web",
  "url": "https://twitter.com/alicejohnson75",
  "raw_data": {
    "name": "Alice Johnson",
    "username": "alicejohnson75",
    "bio": "Just a random bio for testing.",
    "location": "San Francisco, CA"
  },
  "timestamp": 1763840238.226198
}
INFO:__main__:Sending to raw_ingestion: {
  "source_type": "deep_web",
  "dataset": "Collection #1",
  "raw_data": {
    "email": "jane.s@test.org",
    "password_hash": "sha1:2728132408212846180",
    "ip_address": "192.168.1.11"
  },
  "timestamp": 1763840238.226377
}
INFO:__main__:Sending to raw_ingestion: {
  "source_type": "surface_web",
  "url": "https://tiktok.com/evabrown66",
  "raw_data": {
    "name": "Eva Brown",
    "username": "evabrown66",
    "bio": "Just a random bio for testing.",
    "location": "San Francisco, CA"
  },
  "timestamp": 1763840241.226547
}
INFO:__main__:Sending to raw_ingestion: {
  "source_type": "deep_web",
  "dataset": "Collection #1",
  "raw_data": {
    "email": "jdoe@example.com",
    "password_hash": "sha1:-2943485423592944647",
    "ip_address": "192.168.1.32"
  },
  "timestamp": 1763840241.2268264
}
INFO:__main__:Sending to raw_ingestion: {
  "source_type": "surface_web",
  "url": "https://instagram.com/alicejohnson18",
  "raw_data": {
    "name": "Alice Johnson",
    "username": "alicejohnson18",
    "bio": "Just a random bio for testing.",
    "location": "San Francisco, CA"
  },
  "timestamp": 1763840244.2269866
}
INFO:__main__:Sending to raw_ingestion: {
  "source_type": "deep_web",
  "dataset": "Collection #1",
  "raw_data": {
    "email": "jdoe@example.com",
    "password_hash": "sha1:1450859526763802376",
    "ip_address": "192.168.1.230"
  },
  "timestamp": 1763840244.2270732
}
INFO:__main__:Sending to raw_ingestion: {
  "source_type": "surface_web",
  "url": "https://twitter.com/evabrown77",
  "raw_data": {
    "name": "Eva Brown",
    "username": "evabrown77",
    "bio": "Just a random bio for testing.",
    "location": "San Francisco, CA"
  },
  "timestamp": 1763840247.227203
}
INFO:__main__:Sending to raw_ingestion: {
  "source_type": "deep_web",
  "dataset": "Collection #1",
  "raw_data": {
    "email": "jane.s@test.org",
    "password_hash": "sha1:-2943485423592944647",
    "ip_address": "192.168.1.131"
  },
  "timestamp": 1763840247.2272987
}
INFO:__main__:Sending to raw_ingestion: {
  "source_type": "surface_web",
  "url": "https://tiktok.com/bobwilliams5",
  "raw_data": {
    "name": "Bob Williams",
    "username": "bobwilliams5",
    "bio": "Just a random bio for testing.",
    "location": "San Francisco, CA"
  },
  "timestamp": 1763840250.2274518
}
INFO:__main__:Sending to raw_ingestion: {
  "source_type": "deep_web",
  "dataset": "Collection #1",
  "raw_data": {
    "email": "alice.j@company.net",
    "password_hash": "sha1:-2943485423592944647",
    "ip_address": "192.168.1.177"
  },
  "timestamp": 1763840250.2275567
}
INFO:__main__:Sending to raw_ingestion: {
  "source_type": "surface_web",
  "url": "https://tiktok.com/evabrown33",
  "raw_data": {
    "name": "Eva Brown",
    "username": "evabrown33",
    "bio": "Just a random bio for testing.",
    "location": "San Francisco, CA"
  },
  "timestamp": 1763840253.2277026
}
INFO:__main__:Sending to raw_ingestion: {
  "source_type": "deep_web",
  "dataset": "Collection #1",
  "raw_data": {
    "email": "alice.j@company.net",
    "password_hash": "sha1:-2943485423592944647",
    "ip_address": "192.168.1.56"
  },
  "timestamp": 1763840253.2278087
}
INFO:__main__:Sending to raw_ingestion: {
  "source_type": "surface_web",
  "url": "https://tiktok.com/johndoe66",
  "raw_data": {
    "name": "John Doe",
    "username": "johndoe66",
    "bio": "Just a random bio for testing.",
    "location": "San Francisco, CA"
  },
  "timestamp": 1763840256.2280707
}
INFO:__main__:Sending to raw_ingestion: {
  "source_type": "deep_web",
  "dataset": "Collection #1",
  "raw_data": {
    "email": "bob.w@provider.com",
    "password_hash": "sha1:1450859526763802376",
    "ip_address": "192.168.1.10"
  },
  "timestamp": 1763840256.2281737
}
INFO:__main__:Sending to raw_ingestion: {
  "source_type": "surface_web",
  "url": "https://twitter.com/bobwilliams12",
  "raw_data": {
    "name": "Bob Williams",
    "username": "bobwilliams12",
    "bio": "Just a random bio for testing.",
    "location": "San Francisco, CA"
  },
  "timestamp": 1763840259.2283258
}
INFO:__main__:Sending to raw_ingestion: {
  "source_type": "deep_web",
  "dataset": "Collection #1",
  "raw_data": {
    "email": "jdoe@example.com",
    "password_hash": "sha1:-2943485423592944647",
    "ip_address": "192.168.1.42"
  },
  "timestamp": 1763840259.2284317
}
INFO:__main__:Sending to raw_ingestion: {
  "source_type": "surface_web",
  "url": "https://tiktok.com/janesmith95",
  "raw_data": {
    "name": "Jane Smith",
    "username": "janesmith95",
    "bio": "Just a random bio for testing.",
    "location": "San Francisco, CA"
  },
  "timestamp": 1763840262.2286494
}
INFO:__main__:Sending to raw_ingestion: {
  "source_type": "deep_web",
  "dataset": "Collection #1",
  "raw_data": {
    "email": "bob.w@provider.com",
    "password_hash": "sha1:8955215528844269238",
    "ip_address": "192.168.1.208"
  },
  "timestamp": 1763840262.228762
}
INFO:__main__:Sending to raw_ingestion: {
  "source_type": "surface_web",
  "url": "https://tiktok.com/johndoe84",
  "raw_data": {
    "name": "John Doe",
    "username": "johndoe84",
    "bio": "Just a random bio for testing.",
    "location": "San Francisco, CA"
  },
  "timestamp": 1763840265.2290053
}
INFO:__main__:Sending to raw_ingestion: {
  "source_type": "deep_web",
  "dataset": "Collection #1",
  "raw_data": {
    "email": "bob.w@provider.com",
    "password_hash": "sha1:1450859526763802376",
    "ip_address": "192.168.1.248"
  },
  "timestamp": 1763840265.2291112
}
INFO:__main__:Sending to raw_ingestion: {
  "source_type": "surface_web",
  "url": "https://linkedin.com/evabrown91",
  "raw_data": {
    "name": "Eva Brown",
    "username": "evabrown91",
    "bio": "Just a random bio for testing.",
    "location": "San Francisco, CA"
  },
  "timestamp": 1763840268.229255
}
INFO:__main__:Sending to raw_ingestion: {
  "source_type": "deep_web",
  "dataset": "Collection #1",
  "raw_data": {
    "email": "jdoe@example.com",
    "password_hash": "sha1:-5088143581403502930",
    "ip_address": "192.168.1.130"
  },
  "timestamp": 1763840268.2293577
}
INFO:__main__:Sending to raw_ingestion: {
  "source_type": "surface_web",
  "url": "https://linkedin.com/evabrown63",
  "raw_data": {
    "name": "Eva Brown",
    "username": "evabrown63",
    "bio": "Just a random bio for testing.",
    "location": "San Francisco, CA"
  },
  "timestamp": 1763840271.2295034
}
INFO:__main__:Sending to raw_ingestion: {
  "source_type": "deep_web",
  "dataset": "Collection #1",
  "raw_data": {
    "email": "jdoe@example.com",
    "password_hash": "sha1:1450859526763802376",
    "ip_address": "192.168.1.128"
  },
  "timestamp": 1763840271.2296047
}
INFO:__main__:Sending to raw_ingestion: {
  "source_type": "surface_web",
  "url": "https://twitter.com/evabrown28",
  "raw_data": {
    "name": "Eva Brown",
    "username": "evabrown28",
    "bio": "Just a random bio for testing.",
    "location": "San Francisco, CA"
  },
  "timestamp": 1763840274.2298603
}
INFO:__main__:Sending to raw_ingestion: {
  "source_type": "deep_web",
  "dataset": "Collection #1",
  "raw_data": {
    "email": "alice.j@company.net",
    "password_hash": "sha1:-5088143581403502930",
    "ip_address": "192.168.1.210"
  },
  "timestamp": 1763840274.2299714
}
INFO:__main__:Sending to raw_ingestion: {
  "source_type": "surface_web",
  "url": "https://linkedin.com/janesmith3",
  "raw_data": {
    "name": "Jane Smith",
    "username": "janesmith3",
    "bio": "Just a random bio for testing.",
    "location": "San Francisco, CA"
  },
  "timestamp": 1763840277.2301135
}
INFO:__main__:Sending to raw_ingestion: {
  "source_type": "deep_web",
  "dataset": "Collection #1",
  "raw_data": {
    "email": "jdoe@example.com",
    "password_hash": "sha1:-5088143581403502930",
    "ip_address": "192.168.1.95"
  },
  "timestamp": 1763840277.2302923
}
INFO:__main__:Sending to raw_ingestion: {
  "source_type": "surface_web",
  "url": "https://instagram.com/michaelchen59",
  "raw_data": {
    "name": "Michael Chen",
    "username": "michaelchen59",
    "bio": "Just a random bio for testing.",
    "location": "San Francisco, CA"
  },
  "timestamp": 1763840280.23046
}
INFO:__main__:Sending to raw_ingestion: {
  "source_type": "deep_web",
  "dataset": "Collection #1",
  "raw_data": {
    "email": "bob.w@provider.com",
    "password_hash": "sha1:1450859526763802376",
    "ip_address": "192.168.1.108"
  },
  "timestamp": 1763840280.2306342
}
INFO:__main__:Sending to raw_ingestion: {
  "source_type": "surface_web",
  "url": "https://linkedin.com/alicejohnson26",
  "raw_data": {
    "name": "Alice Johnson",
    "username": "alicejohnson26",
    "bio": "Just a random bio for testing.",
    "location": "San Francisco, CA"
  },
  "timestamp": 1763840283.2308054
}
INFO:__main__:Sending to raw_ingestion: {
  "source_type": "deep_web",
  "dataset": "Collection #1",
  "raw_data": {
    "email": "bob.w@provider.com",
    "password_hash": "sha1:-5088143581403502930",
    "ip_address": "192.168.1.250"
  },
  "timestamp": 1763840283.2309794
}
INFO:__main__:Sending to raw_ingestion: {
  "source_type": "surface_web",
  "url": "https://twitter.com/alicejohnson16",
  "raw_data": {
    "name": "Alice Johnson",
    "username": "alicejohnson16",
    "bio": "Just a random bio for testing.",
    "location": "San Francisco, CA"
  },
  "timestamp": 1763840286.231154
}
INFO:__main__:Sending to raw_ingestion: {
  "source_type": "deep_web",
  "dataset": "Collection #1",
  "raw_data": {
    "email": "bob.w@provider.com",
    "password_hash": "sha1:8955215528844269238",
    "ip_address": "192.168.1.107"
  },
  "timestamp": 1763840286.231353
}
INFO:__main__:Sending to raw_ingestion: {
  "source_type": "surface_web",
  "url": "https://linkedin.com/janesmith95",
  "raw_data": {
    "name": "Jane Smith",
    "username": "janesmith95",
    "bio": "Just a random bio for testing.",
    "location": "San Francisco, CA"
  },
  "timestamp": 1763840289.2315536
}
INFO:__main__:Sending to raw_ingestion: {
  "source_type": "deep_web",
  "dataset": "Collection #1",
  "raw_data": {
    "email": "jane.s@test.org",
    "password_hash": "sha1:-5088143581403502930",
    "ip_address": "192.168.1.243"
  },
  "timestamp": 1763840289.2317958
}
INFO:__main__:Sending to raw_ingestion: {
  "source_type": "surface_web",
  "url": "https://twitter.com/bobwilliams43",
  "raw_data": {
    "name": "Bob Williams",
    "username": "bobwilliams43",
    "bio": "Just a random bio for testing.",
    "location": "San Francisco, CA"
  },
  "timestamp": 1763840292.2320316
}
INFO:__main__:Sending to raw_ingestion: {
  "source_type": "deep_web",
  "dataset": "Collection #1",
  "raw_data": {
    "email": "bob.w@provider.com",
    "password_hash": "sha1:1450859526763802376",
    "ip_address": "192.168.1.51"
  },
  "timestamp": 1763840292.2322206
}
INFO:__main__:Sending to raw_ingestion: {
  "source_type": "surface_web",
  "url": "https://linkedin.com/bobwilliams38",
  "raw_data": {
    "name": "Bob Williams",
    "username": "bobwilliams38",
    "bio": "Just a random bio for testing.",
    "location": "San Francisco, CA"
  },
  "timestamp": 1763840295.232393
}
INFO:__main__:Sending to raw_ingestion: {
  "source_type": "deep_web",
  "dataset": "Collection #1",
  "raw_data": {
    "email": "alice.j@company.net",
    "password_hash": "sha1:1450859526763802376",
    "ip_address": "192.168.1.29"
  },
  "timestamp": 1763840295.2325552
}
INFO:__main__:Sending to raw_ingestion: {
  "source_type": "surface_web",
  "url": "https://twitter.com/bobwilliams40",
  "raw_data": {
    "name": "Bob Williams",
    "username": "bobwilliams40",
    "bio": "Just a random bio for testing.",
    "location": "San Francisco, CA"
  },
  "timestamp": 1763840298.2327378
}
INFO:__main__:Sending to raw_ingestion: {
  "source_type": "deep_web",
  "dataset": "Collection #1",
  "raw_data": {
    "email": "jane.s@test.org",
    "password_hash": "sha1:-2943485423592944647",
    "ip_address": "192.168.1.35"
  },
  "timestamp": 1763840298.232941
}
INFO:__main__:Sending to raw_ingestion: {
  "source_type": "surface_web",
  "url": "https://tiktok.com/bobwilliams54",
  "raw_data": {
    "name": "Bob Williams",
    "username": "bobwilliams54",
    "bio": "Just a random bio for testing.",
    "location": "San Francisco, CA"
  },
  "timestamp": 1763840301.2331328
}
INFO:__main__:Sending to raw_ingestion: {
  "source_type": "deep_web",
  "dataset": "Collection #1",
  "raw_data": {
    "email": "jdoe@example.com",
    "password_hash": "sha1:-2943485423592944647",
    "ip_address": "192.168.1.194"
  },
  "timestamp": 1763840301.2333255
}
INFO:__main__:Sending to raw_ingestion: {
  "source_type": "surface_web",
  "url": "https://twitter.com/michaelchen72",
  "raw_data": {
    "name": "Michael Chen",
    "username": "michaelchen72",
    "bio": "Just a random bio for testing.",
    "location": "San Francisco, CA"
  },
  "timestamp": 1763840304.2334876
}
INFO:__main__:Sending to raw_ingestion: {
  "source_type": "deep_web",
  "dataset": "Collection #1",
  "raw_data": {
    "email": "alice.j@company.net",
    "password_hash": "sha1:-5088143581403502930",
    "ip_address": "192.168.1.206"
  },
  "timestamp": 1763840304.2336657
}
INFO:__main__:Sending to raw_ingestion: {
  "source_type": "surface_web",
  "url": "https://twitter.com/bobwilliams66",
  "raw_data": {
    "name": "Bob Williams",
    "username": "bobwilliams66",
    "bio": "Just a random bio for testing.",
    "location": "San Francisco, CA"
  },
  "timestamp": 1763840307.233946
}
INFO:__main__:Sending to raw_ingestion: {
  "source_type": "deep_web",
  "dataset": "Collection #1",
  "raw_data": {
    "email": "bob.w@provider.com",
    "password_hash": "sha1:2728132408212846180",
    "ip_address": "192.168.1.93"
  },
  "timestamp": 1763840307.2341456
}
INFO:__main__:Sending to raw_ingestion: {
  "source_type": "surface_web",
  "url": "https://tiktok.com/janesmith99",
  "raw_data": {
    "name": "Jane Smith",
    "username": "janesmith99",
    "bio": "Just a random bio for testing.",
    "location": "San Francisco, CA"
  },
  "timestamp": 1763840310.2343082
}
INFO:__main__:Sending to raw_ingestion: {
  "source_type": "deep_web",
  "dataset": "Collection #1",
  "raw_data": {
    "email": "alice.j@company.net",
    "password_hash": "sha1:8955215528844269238",
    "ip_address": "192.168.1.52"
  },
  "timestamp": 1763840310.2344637
}
INFO:__main__:Sending to raw_ingestion: {
  "source_type": "surface_web",
  "url": "https://instagram.com/janesmith99",
  "raw_data": {
    "name": "Jane Smith",
    "username": "janesmith99",
    "bio": "Just a random bio for testing.",
    "location": "San Francisco, CA"
  },
  "timestamp": 1763840313.2346232
}
INFO:__main__:Sending to raw_ingestion: {
  "source_type": "deep_web",
  "dataset": "Collection #1",
  "raw_data": {
    "email": "jane.s@test.org",
    "password_hash": "sha1:1450859526763802376",
    "ip_address": "192.168.1.148"
  },
  "timestamp": 1763840313.2349193
}
INFO:__main__:Sending to raw_ingestion: {
  "source_type": "surface_web",
  "url": "https://twitter.com/bobwilliams49",
  "raw_data": {
    "name": "Bob Williams",
    "username": "bobwilliams49",
    "bio": "Just a random bio for testing.",
    "location": "San Francisco, CA"
  },
  "timestamp": 1763840316.2350671
}
INFO:__main__:Sending to raw_ingestion: {
  "source_type": "deep_web",
  "dataset": "Collection #1",
  "raw_data": {
    "email": "jdoe@example.com",
    "password_hash": "sha1:-5088143581403502930",
    "ip_address": "192.168.1.199"
  },
  "timestamp": 1763840316.235184
}
INFO:__main__:Sending to raw_ingestion: {
  "source_type": "surface_web",
  "url": "https://instagram.com/johndoe50",
  "raw_data": {
    "name": "John Doe",
    "username": "johndoe50",
    "bio": "Just a random bio for testing.",
    "location": "San Francisco, CA"
  },
  "timestamp": 1763840319.2353199
}
INFO:__main__:Sending to raw_ingestion: {
  "source_type": "deep_web",
  "dataset": "Collection #1",
  "raw_data": {
    "email": "bob.w@provider.com",
    "password_hash": "sha1:2728132408212846180",
    "ip_address": "192.168.1.154"
  },
  "timestamp": 1763840319.2354255
}
INFO:__main__:Sending to raw_ingestion: {
  "source_type": "surface_web",
  "url": "https://instagram.com/michaelchen47",
  "raw_data": {
    "name": "Michael Chen",
    "username": "michaelchen47",
    "bio": "Just a random bio for testing.",
    "location": "San Francisco, CA"
  },
  "timestamp": 1763840322.235582
}
INFO:__main__:Sending to raw_ingestion: {
  "source_type": "deep_web",
  "dataset": "Collection #1",
  "raw_data": {
    "email": "jdoe@example.com",
    "password_hash": "sha1:1450859526763802376",
    "ip_address": "192.168.1.226"
  },
  "timestamp": 1763840322.235723
}
INFO:__main__:Sending to raw_ingestion: {
  "source_type": "surface_web",
  "url": "https://linkedin.com/alicejohnson47",
  "raw_data": {
    "name": "Alice Johnson",
    "username": "alicejohnson47",
    "bio": "Just a random bio for testing.",
    "location": "San Francisco, CA"
  },
  "timestamp": 1763840325.2358663
}
INFO:__main__:Sending to raw_ingestion: {
  "source_type": "deep_web",
  "dataset": "Collection #1",
  "raw_data": {
    "email": "jdoe@example.com",
    "password_hash": "sha1:8955215528844269238",
    "ip_address": "192.168.1.241"
  },
  "timestamp": 1763840325.2359738
}
INFO:__main__:Sending to raw_ingestion: {
  "source_type": "surface_web",
  "url": "https://tiktok.com/bobwilliams79",
  "raw_data": {
    "name": "Bob Williams",
    "username": "bobwilliams79",
    "bio": "Just a random bio for testing.",
    "location": "San Francisco, CA"
  },
  "timestamp": 1763840328.2361674
}
INFO:__main__:Sending to raw_ingestion: {
  "source_type": "deep_web",
  "dataset": "Collection #1",
  "raw_data": {
    "email": "alice.j@company.net",
    "password_hash": "sha1:2728132408212846180",
    "ip_address": "192.168.1.209"
  },
  "timestamp": 1763840328.2362742
}
INFO:__main__:Sending to raw_ingestion: {
  "source_type": "surface_web",
  "url": "https://linkedin.com/michaelchen30",
  "raw_data": {
    "name": "Michael Chen",
    "username": "michaelchen30",
    "bio": "Just a random bio for testing.",
    "location": "San Francisco, CA"
  },
  "timestamp": 1763840331.2364216
}
INFO:__main__:Sending to raw_ingestion: {
  "source_type": "deep_web",
  "dataset": "Collection #1",
  "raw_data": {
    "email": "bob.w@provider.com",
    "password_hash": "sha1:8955215528844269238",
    "ip_address": "192.168.1.229"
  },
  "timestamp": 1763840331.2365322
}
INFO:__main__:Sending to raw_ingestion: {
  "source_type": "surface_web",
  "url": "https://twitter.com/johndoe17",
  "raw_data": {
    "name": "John Doe",
    "username": "johndoe17",
    "bio": "Just a random bio for testing.",
    "location": "San Francisco, CA"
  },
  "timestamp": 1763840334.2366805
}
INFO:__main__:Sending to raw_ingestion: {
  "source_type": "deep_web",
  "dataset": "Collection #1",
  "raw_data": {
    "email": "alice.j@company.net",
    "password_hash": "sha1:2728132408212846180",
    "ip_address": "192.168.1.208"
  },
  "timestamp": 1763840334.2367864
}
INFO:__main__:Sending to raw_ingestion: {
  "source_type": "surface_web",
  "url": "https://tiktok.com/evabrown60",
  "raw_data": {
    "name": "Eva Brown",
    "username": "evabrown60",
    "bio": "Just a random bio for testing.",
    "location": "San Francisco, CA"
  },
  "timestamp": 1763840337.236936
}
INFO:__main__:Sending to raw_ingestion: {
  "source_type": "deep_web",
  "dataset": "Collection #1",
  "raw_data": {
    "email": "jdoe@example.com",
    "password_hash": "sha1:-5088143581403502930",
    "ip_address": "192.168.1.107"
  },
  "timestamp": 1763840337.23703
}
INFO:__main__:Sending to raw_ingestion: {
  "source_type": "surface_web",
  "url": "https://tiktok.com/alicejohnson40",
  "raw_data": {
    "name": "Alice Johnson",
    "username": "alicejohnson40",
    "bio": "Just a random bio for testing.",
    "location": "San Francisco, CA"
  },
  "timestamp": 1763840340.2371674
}
INFO:__main__:Sending to raw_ingestion: {
  "source_type": "deep_web",
  "dataset": "Collection #1",
  "raw_data": {
    "email": "jdoe@example.com",
    "password_hash": "sha1:1450859526763802376",
    "ip_address": "192.168.1.75"
  },
  "timestamp": 1763840340.2372785
}
INFO:__main__:Sending to raw_ingestion: {
  "source_type": "surface_web",
  "url": "https://tiktok.com/evabrown65",
  "raw_data": {
    "name": "Eva Brown",
    "username": "evabrown65",
    "bio": "Just a random bio for testing.",
    "location": "San Francisco, CA"
  },
  "timestamp": 1763840343.237447
}
INFO:__main__:Sending to raw_ingestion: {
  "source_type": "deep_web",
  "dataset": "Collection #1",
  "raw_data": {
    "email": "alice.j@company.net",
    "password_hash": "sha1:8955215528844269238",
    "ip_address": "192.168.1.246"
  },
  "timestamp": 1763840343.2375412
}
INFO:__main__:Sending to raw_ingestion: {
  "source_type": "surface_web",
  "url": "https://instagram.com/johndoe45",
  "raw_data": {
    "name": "John Doe",
    "username": "johndoe45",
    "bio": "Just a random bio for testing.",
    "location": "San Francisco, CA"
  },
  "timestamp": 1763840346.2376842
}
INFO:__main__:Sending to raw_ingestion: {
  "source_type": "deep_web",
  "dataset": "Collection #1",
  "raw_data": {
    "email": "bob.w@provider.com",
    "password_hash": "sha1:8955215528844269238",
    "ip_address": "192.168.1.189"
  },
  "timestamp": 1763840346.2378075
}
INFO:__main__:Sending to raw_ingestion: {
  "source_type": "surface_web",
  "url": "https://twitter.com/alicejohnson28",
  "raw_data": {
    "name": "Alice Johnson",
    "username": "alicejohnson28",
    "bio": "Just a random bio for testing.",
    "location": "San Francisco, CA"
  },
  "timestamp": 1763840349.238
}
INFO:__main__:Sending to raw_ingestion: {
  "source_type": "deep_web",
  "dataset": "Collection #1",
  "raw_data": {
    "email": "jane.s@test.org",
    "password_hash": "sha1:1450859526763802376",
    "ip_address": "192.168.1.63"
  },
  "timestamp": 1763840349.238196
}
INFO:__main__:Sending to raw_ingestion: {
  "source_type": "surface_web",
  "url": "https://twitter.com/johndoe66",
  "raw_data": {
    "name": "John Doe",
    "username": "johndoe66",
    "bio": "Just a random bio for testing.",
    "location": "San Francisco, CA"
  },
  "timestamp": 1763840352.2383354
}
INFO:__main__:Sending to raw_ingestion: {
  "source_type": "deep_web",
  "dataset": "Collection #1",
  "raw_data": {
    "email": "bob.w@provider.com",
    "password_hash": "sha1:8955215528844269238",
    "ip_address": "192.168.1.215"
  },
  "timestamp": 1763840352.238439
}
INFO:__main__:Sending to raw_ingestion: {
  "source_type": "surface_web",
  "url": "https://instagram.com/johndoe94",
  "raw_data": {
    "name": "John Doe",
    "username": "johndoe94",
    "bio": "Just a random bio for testing.",
    "location": "San Francisco, CA"
  },
  "timestamp": 1763840355.2385783
}
INFO:__main__:Sending to raw_ingestion: {
  "source_type": "deep_web",
  "dataset": "Collection #1",
  "raw_data": {
    "email": "alice.j@company.net",
    "password_hash": "sha1:-2943485423592944647",
    "ip_address": "192.168.1.91"
  },
  "timestamp": 1763840355.2387018
}
INFO:__main__:Sending to raw_ingestion: {
  "source_type": "surface_web",
  "url": "https://linkedin.com/alicejohnson21",
  "raw_data": {
    "name": "Alice Johnson",
    "username": "alicejohnson21",
    "bio": "Just a random bio for testing.",
    "location": "San Francisco, CA"
  },
  "timestamp": 1763840358.2388463
}
INFO:__main__:Sending to raw_ingestion: {
  "source_type": "deep_web",
  "dataset": "Collection #1",
  "raw_data": {
    "email": "jane.s@test.org",
    "password_hash": "sha1:1450859526763802376",
    "ip_address": "192.168.1.80"
  },
  "timestamp": 1763840358.2389514
}
INFO:__main__:Sending to raw_ingestion: {
  "source_type": "surface_web",
  "url": "https://instagram.com/bobwilliams72",
  "raw_data": {
    "name": "Bob Williams",
    "username": "bobwilliams72",
    "bio": "Just a random bio for testing.",
    "location": "San Francisco, CA"
  },
  "timestamp": 1763840361.2391498
}
INFO:__main__:Sending to raw_ingestion: {
  "source_type": "deep_web",
  "dataset": "Collection #1",
  "raw_data": {
    "email": "bob.w@provider.com",
    "password_hash": "sha1:8955215528844269238",
    "ip_address": "192.168.1.148"
  },
  "timestamp": 1763840361.2392514
}
INFO:__main__:Sending to raw_ingestion: {
  "source_type": "surface_web",
  "url": "https://twitter.com/johndoe94",
  "raw_data": {
    "name": "John Doe",
    "username": "johndoe94",
    "bio": "Just a random bio for testing.",
    "location": "San Francisco, CA"
  },
  "timestamp": 1763840364.2394316
}
INFO:__main__:Sending to raw_ingestion: {
  "source_type": "deep_web",
  "dataset": "Collection #1",
  "raw_data": {
    "email": "jane.s@test.org",
    "password_hash": "sha1:-2943485423592944647",
    "ip_address": "192.168.1.117"
  },
  "timestamp": 1763840364.2395375
}
INFO:__main__:Sending to raw_ingestion: {
  "source_type": "surface_web",
  "url": "https://tiktok.com/michaelchen81",
  "raw_data": {
    "name": "Michael Chen",
    "username": "michaelchen81",
    "bio": "Just a random bio for testing.",
    "location": "San Francisco, CA"
  },
  "timestamp": 1763840367.239703
}
INFO:__main__:Sending to raw_ingestion: {
  "source_type": "deep_web",
  "dataset": "Collection #1",
  "raw_data": {
    "email": "jane.s@test.org",
    "password_hash": "sha1:2728132408212846180",
    "ip_address": "192.168.1.224"
  },
  "timestamp": 1763840367.2398052
}
INFO:__main__:Sending to raw_ingestion: {
  "source_type": "surface_web",
  "url": "https://tiktok.com/bobwilliams28",
  "raw_data": {
    "name": "Bob Williams",
    "username": "bobwilliams28",
    "bio": "Just a random bio for testing.",
    "location": "San Francisco, CA"
  },
  "timestamp": 1763840370.239948
}
INFO:__main__:Sending to raw_ingestion: {
  "source_type": "deep_web",
  "dataset": "Collection #1",
  "raw_data": {
    "email": "jane.s@test.org",
    "password_hash": "sha1:8955215528844269238",
    "ip_address": "192.168.1.230"
  },
  "timestamp": 1763840370.2400515
}
INFO:__main__:Sending to raw_ingestion: {
  "source_type": "surface_web",
  "url": "https://instagram.com/bobwilliams94",
  "raw_data": {
    "name": "Bob Williams",
    "username": "bobwilliams94",
    "bio": "Just a random bio for testing.",
    "location": "San Francisco, CA"
  },
  "timestamp": 1763840373.2401934
}
INFO:__main__:Sending to raw_ingestion: {
  "source_type": "deep_web",
  "dataset": "Collection #1",
  "raw_data": {
    "email": "bob.w@provider.com",
    "password_hash": "sha1:-2943485423592944647",
    "ip_address": "192.168.1.149"
  },
  "timestamp": 1763840373.2402976
}
INFO:__main__:Sending to raw_ingestion: {
  "source_type": "surface_web",
  "url": "https://tiktok.com/alicejohnson69",
  "raw_data": {
    "name": "Alice Johnson",
    "username": "alicejohnson69",
    "bio": "Just a random bio for testing.",
    "location": "San Francisco, CA"
  },
  "timestamp": 1763840376.2404342
}
INFO:__main__:Sending to raw_ingestion: {
  "source_type": "deep_web",
  "dataset": "Collection #1",
  "raw_data": {
    "email": "alice.j@company.net",
    "password_hash": "sha1:8955215528844269238",
    "ip_address": "192.168.1.22"
  },
  "timestamp": 1763840376.240534
}
INFO:__main__:Sending to raw_ingestion: {
  "source_type": "surface_web",
  "url": "https://linkedin.com/alicejohnson95",
  "raw_data": {
    "name": "Alice Johnson",
    "username": "alicejohnson95",
    "bio": "Just a random bio for testing.",
    "location": "San Francisco, CA"
  },
  "timestamp": 1763840379.2406838
}
INFO:__main__:Sending to raw_ingestion: {
  "source_type": "deep_web",
  "dataset": "Collection #1",
  "raw_data": {
    "email": "jane.s@test.org",
    "password_hash": "sha1:1450859526763802376",
    "ip_address": "192.168.1.217"
  },
  "timestamp": 1763840379.24078
}
INFO:__main__:Sending to raw_ingestion: {
  "source_type": "surface_web",
  "url": "https://linkedin.com/janesmith88",
  "raw_data": {
    "name": "Jane Smith",
    "username": "janesmith88",
    "bio": "Just a random bio for testing.",
    "location": "San Francisco, CA"
  },
  "timestamp": 1763840382.2409594
}
INFO:__main__:Sending to raw_ingestion: {
  "source_type": "deep_web",
  "dataset": "Collection #1",
  "raw_data": {
    "email": "alice.j@company.net",
    "password_hash": "sha1:-5088143581403502930",
    "ip_address": "192.168.1.186"
  },
  "timestamp": 1763840382.2410846
}
INFO:__main__:Sending to raw_ingestion: {
  "source_type": "surface_web",
  "url": "https://tiktok.com/evabrown71",
  "raw_data": {
    "name": "Eva Brown",
    "username": "evabrown71",
    "bio": "Just a random bio for testing.",
    "location": "San Francisco, CA"
  },
  "timestamp": 1763840385.241236
}
INFO:__main__:Sending to raw_ingestion: {
  "source_type": "deep_web",
  "dataset": "Collection #1",
  "raw_data": {
    "email": "bob.w@provider.com",
    "password_hash": "sha1:1450859526763802376",
    "ip_address": "192.168.1.130"
  },
  "timestamp": 1763840385.2414334
}
INFO:__main__:Sending to raw_ingestion: {
  "source_type": "surface_web",
  "url": "https://twitter.com/johndoe92",
  "raw_data": {
    "name": "John Doe",
    "username": "johndoe92",
    "bio": "Just a random bio for testing.",
    "location": "San Francisco, CA"
  },
  "timestamp": 1763840388.2416472
}
INFO:__main__:Sending to raw_ingestion: {
  "source_type": "deep_web",
  "dataset": "Collection #1",
  "raw_data": {
    "email": "alice.j@company.net",
    "password_hash": "sha1:-2943485423592944647",
    "ip_address": "192.168.1.57"
  },
  "timestamp": 1763840388.2417505
}
INFO:__main__:Sending to raw_ingestion: {
  "source_type": "surface_web",
  "url": "https://tiktok.com/evabrown98",
  "raw_data": {
    "name": "Eva Brown",
    "username": "evabrown98",
    "bio": "Just a random bio for testing.",
    "location": "San Francisco, CA"
  },
  "timestamp": 1763840391.2418911
}
INFO:__main__:Sending to raw_ingestion: {
  "source_type": "deep_web",
  "dataset": "Collection #1",
  "raw_data": {
    "email": "bob.w@provider.com",
    "password_hash": "sha1:-5088143581403502930",
    "ip_address": "192.168.1.194"
  },
  "timestamp": 1763840391.2419934
}
INFO:__main__:Sending to raw_ingestion: {
  "source_type": "surface_web",
  "url": "https://linkedin.com/bobwilliams14",
  "raw_data": {
    "name": "Bob Williams",
    "username": "bobwilliams14",
    "bio": "Just a random bio for testing.",
    "location": "San Francisco, CA"
  },
  "timestamp": 1763840394.2421288
}
INFO:__main__:Sending to raw_ingestion: {
  "source_type": "deep_web",
  "dataset": "Collection #1",
  "raw_data": {
    "email": "jane.s@test.org",
    "password_hash": "sha1:-2943485423592944647",
    "ip_address": "192.168.1.167"
  },
  "timestamp": 1763840394.2422135
}
INFO:__main__:Sending to raw_ingestion: {
  "source_type": "surface_web",
  "url": "https://tiktok.com/alicejohnson74",
  "raw_data": {
    "name": "Alice Johnson",
    "username": "alicejohnson74",
    "bio": "Just a random bio for testing.",
    "location": "San Francisco, CA"
  },
  "timestamp": 1763840397.2423475
}
INFO:__main__:Sending to raw_ingestion: {
  "source_type": "deep_web",
  "dataset": "Collection #1",
  "raw_data": {
    "email": "bob.w@provider.com",
    "password_hash": "sha1:1450859526763802376",
    "ip_address": "192.168.1.169"
  },
  "timestamp": 1763840397.2424464
}
INFO:__main__:Sending to raw_ingestion: {
  "source_type": "surface_web",
  "url": "https://twitter.com/bobwilliams57",
  "raw_data": {
    "name": "Bob Williams",
    "username": "bobwilliams57",
    "bio": "Just a random bio for testing.",
    "location": "San Francisco, CA"
  },
  "timestamp": 1763840400.2427075
}
INFO:__main__:Sending to raw_ingestion: {
  "source_type": "deep_web",
  "dataset": "Collection #1",
  "raw_data": {
    "email": "alice.j@company.net",
    "password_hash": "sha1:8955215528844269238",
    "ip_address": "192.168.1.197"
  },
  "timestamp": 1763840400.242813
}
INFO:__main__:Sending to raw_ingestion: {
  "source_type": "surface_web",
  "url": "https://tiktok.com/evabrown61",
  "raw_data": {
    "name": "Eva Brown",
    "username": "evabrown61",
    "bio": "Just a random bio for testing.",
    "location": "San Francisco, CA"
  },
  "timestamp": 1763840403.2429817
}
INFO:__main__:Sending to raw_ingestion: {
  "source_type": "deep_web",
  "dataset": "Collection #1",
  "raw_data": {
    "email": "jane.s@test.org",
    "password_hash": "sha1:8955215528844269238",
    "ip_address": "192.168.1.114"
  },
  "timestamp": 1763840403.2430887
}
INFO:__main__:Sending to raw_ingestion: {
  "source_type": "surface_web",
  "url": "https://tiktok.com/bobwilliams56",
  "raw_data": {
    "name": "Bob Williams",
    "username": "bobwilliams56",
    "bio": "Just a random bio for testing.",
    "location": "San Francisco, CA"
  },
  "timestamp": 1763840406.243238
}
INFO:__main__:Sending to raw_ingestion: {
  "source_type": "deep_web",
  "dataset": "Collection #1",
  "raw_data": {
    "email": "alice.j@company.net",
    "password_hash": "sha1:1450859526763802376",
    "ip_address": "192.168.1.119"
  },
  "timestamp": 1763840406.2433436
}
INFO:__main__:Sending to raw_ingestion: {
  "source_type": "surface_web",
  "url": "https://linkedin.com/johndoe40",
  "raw_data": {
    "name": "John Doe",
    "username": "johndoe40",
    "bio": "Just a random bio for testing.",
    "location": "San Francisco, CA"
  },
  "timestamp": 1763840409.243496
}
INFO:__main__:Sending to raw_ingestion: {
  "source_type": "deep_web",
  "dataset": "Collection #1",
  "raw_data": {
    "email": "jane.s@test.org",
    "password_hash": "sha1:1450859526763802376",
    "ip_address": "192.168.1.10"
  },
  "timestamp": 1763840409.243619
}
INFO:__main__:Sending to raw_ingestion: {
  "source_type": "surface_web",
  "url": "https://linkedin.com/evabrown17",
  "raw_data": {
    "name": "Eva Brown",
    "username": "evabrown17",
    "bio": "Just a random bio for testing.",
    "location": "San Francisco, CA"
  },
  "timestamp": 1763840412.2438254
}
INFO:__main__:Sending to raw_ingestion: {
  "source_type": "deep_web",
  "dataset": "Collection #1",
  "raw_data": {
    "email": "alice.j@company.net",
    "password_hash": "sha1:1450859526763802376",
    "ip_address": "192.168.1.166"
  },
  "timestamp": 1763840412.2439187
}
INFO:__main__:Sending to raw_ingestion: {
  "source_type": "surface_web",
  "url": "https://instagram.com/johndoe73",
  "raw_data": {
    "name": "John Doe",
    "username": "johndoe73",
    "bio": "Just a random bio for testing.",
    "location": "San Francisco, CA"
  },
  "timestamp": 1763840415.244054
}
INFO:__main__:Sending to raw_ingestion: {
  "source_type": "deep_web",
  "dataset": "Collection #1",
  "raw_data": {
    "email": "alice.j@company.net",
    "password_hash": "sha1:2728132408212846180",
    "ip_address": "192.168.1.239"
  },
  "timestamp": 1763840415.244146
}
INFO:__main__:Sending to raw_ingestion: {
  "source_type": "surface_web",
  "url": "https://tiktok.com/bobwilliams85",
  "raw_data": {
    "name": "Bob Williams",
    "username": "bobwilliams85",
    "bio": "Just a random bio for testing.",
    "location": "San Francisco, CA"
  },
  "timestamp": 1763840418.2444584
}
INFO:__main__:Sending to raw_ingestion: {
  "source_type": "deep_web",
  "dataset": "Collection #1",
  "raw_data": {
    "email": "jane.s@test.org",
    "password_hash": "sha1:-2943485423592944647",
    "ip_address": "192.168.1.5"
  },
  "timestamp": 1763840418.2446313
}
INFO:__main__:Sending to raw_ingestion: {
  "source_type": "surface_web",
  "url": "https://tiktok.com/janesmith53",
  "raw_data": {
    "name": "Jane Smith",
    "username": "janesmith53",
    "bio": "Just a random bio for testing.",
    "location": "San Francisco, CA"
  },
  "timestamp": 1763840421.2448103
}
INFO:__main__:Sending to raw_ingestion: {
  "source_type": "deep_web",
  "dataset": "Collection #1",
  "raw_data": {
    "email": "alice.j@company.net",
    "password_hash": "sha1:-2943485423592944647",
    "ip_address": "192.168.1.116"
  },
  "timestamp": 1763840421.2450302
}
INFO:__main__:Sending to raw_ingestion: {
  "source_type": "surface_web",
  "url": "https://twitter.com/evabrown8",
  "raw_data": {
    "name": "Eva Brown",
    "username": "evabrown8",
    "bio": "Just a random bio for testing.",
    "location": "San Francisco, CA"
  },
  "timestamp": 1763840424.245167
}
INFO:__main__:Sending to raw_ingestion: {
  "source_type": "deep_web",
  "dataset": "Collection #1",
  "raw_data": {
    "email": "jdoe@example.com",
    "password_hash": "sha1:-2943485423592944647",
    "ip_address": "192.168.1.173"
  },
  "timestamp": 1763840424.245299
}
INFO:__main__:Sending to raw_ingestion: {
  "source_type": "surface_web",
  "url": "https://twitter.com/bobwilliams77",
  "raw_data": {
    "name": "Bob Williams",
    "username": "bobwilliams77",
    "bio": "Just a random bio for testing.",
    "location": "San Francisco, CA"
  },
  "timestamp": 1763840427.245485
}
INFO:__main__:Sending to raw_ingestion: {
  "source_type": "deep_web",
  "dataset": "Collection #1",
  "raw_data": {
    "email": "jane.s@test.org",
    "password_hash": "sha1:1450859526763802376",
    "ip_address": "192.168.1.110"
  },
  "timestamp": 1763840427.2455997
}
INFO:__main__:Sending to raw_ingestion: {
  "source_type": "surface_web",
  "url": "https://twitter.com/alicejohnson5",
  "raw_data": {
    "name": "Alice Johnson",
    "username": "alicejohnson5",
    "bio": "Just a random bio for testing.",
    "location": "San Francisco, CA"
  },
  "timestamp": 1763840430.2458014
}
INFO:__main__:Sending to raw_ingestion: {
  "source_type": "deep_web",
  "dataset": "Collection #1",
  "raw_data": {
    "email": "alice.j@company.net",
    "password_hash": "sha1:1450859526763802376",
    "ip_address": "192.168.1.120"
  },
  "timestamp": 1763840430.2459042
}
INFO:__main__:Sending to raw_ingestion: {
  "source_type": "surface_web",
  "url": "https://instagram.com/bobwilliams32",
  "raw_data": {
    "name": "Bob Williams",
    "username": "bobwilliams32",
    "bio": "Just a random bio for testing.",
    "location": "San Francisco, CA"
  },
  "timestamp": 1763840433.2460463
}
INFO:__main__:Sending to raw_ingestion: {
  "source_type": "deep_web",
  "dataset": "Collection #1",
  "raw_data": {
    "email": "bob.w@provider.com",
    "password_hash": "sha1:-2943485423592944647",
    "ip_address": "192.168.1.156"
  },
  "timestamp": 1763840433.2461524
}
INFO:__main__:Sending to raw_ingestion: {
  "source_type": "surface_web",
  "url": "https://tiktok.com/evabrown63",
  "raw_data": {
    "name": "Eva Brown",
    "username": "evabrown63",
    "bio": "Just a random bio for testing.",
    "location": "San Francisco, CA"
  },
  "timestamp": 1763840436.2462974
}
INFO:__main__:Sending to raw_ingestion: {
  "source_type": "deep_web",
  "dataset": "Collection #1",
  "raw_data": {
    "email": "alice.j@company.net",
    "password_hash": "sha1:8955215528844269238",
    "ip_address": "192.168.1.116"
  },
  "timestamp": 1763840436.2464159
}
INFO:__main__:Sending to raw_ingestion: {
  "source_type": "surface_web",
  "url": "https://twitter.com/johndoe13",
  "raw_data": {
    "name": "John Doe",
    "username": "johndoe13",
    "bio": "Just a random bio for testing.",
    "location": "San Francisco, CA"
  },
  "timestamp": 1763840439.2465968
}
INFO:__main__:Sending to raw_ingestion: {
  "source_type": "deep_web",
  "dataset": "Collection #1",
  "raw_data": {
    "email": "bob.w@provider.com",
    "password_hash": "sha1:2728132408212846180",
    "ip_address": "192.168.1.62"
  },
  "timestamp": 1763840439.2467496
}
INFO:__main__:Sending to raw_ingestion: {
  "source_type": "surface_web",
  "url": "https://instagram.com/bobwilliams15",
  "raw_data": {
    "name": "Bob Williams",
    "username": "bobwilliams15",
    "bio": "Just a random bio for testing.",
    "location": "San Francisco, CA"
  },
  "timestamp": 1763840442.2469
}
INFO:__main__:Sending to raw_ingestion: {
  "source_type": "deep_web",
  "dataset": "Collection #1",
  "raw_data": {
    "email": "bob.w@provider.com",
    "password_hash": "sha1:8955215528844269238",
    "ip_address": "192.168.1.147"
  },
  "timestamp": 1763840442.2470021
}
INFO:__main__:Sending to raw_ingestion: {
  "source_type": "surface_web",
  "url": "https://linkedin.com/alicejohnson75",
  "raw_data": {
    "name": "Alice Johnson",
    "username": "alicejohnson75",
    "bio": "Just a random bio for testing.",
    "location": "San Francisco, CA"
  },
  "timestamp": 1763840445.2471886
}
INFO:__main__:Sending to raw_ingestion: {
  "source_type": "deep_web",
  "dataset": "Collection #1",
  "raw_data": {
    "email": "alice.j@company.net",
    "password_hash": "sha1:8955215528844269238",
    "ip_address": "192.168.1.194"
  },
  "timestamp": 1763840445.247318
}
INFO:__main__:Sending to raw_ingestion: {
  "source_type": "surface_web",
  "url": "https://linkedin.com/janesmith67",
  "raw_data": {
    "name": "Jane Smith",
    "username": "janesmith67",
    "bio": "Just a random bio for testing.",
    "location": "San Francisco, CA"
  },
  "timestamp": 1763840448.2474637
}
INFO:__main__:Sending to raw_ingestion: {
  "source_type": "deep_web",
  "dataset": "Collection #1",
  "raw_data": {
    "email": "bob.w@provider.com",
    "password_hash": "sha1:2728132408212846180",
    "ip_address": "192.168.1.11"
  },
  "timestamp": 1763840448.2475514
}
INFO:__main__:Sending to raw_ingestion: {
  "source_type": "surface_web",
  "url": "https://linkedin.com/michaelchen12",
  "raw_data": {
    "name": "Michael Chen",
    "username": "michaelchen12",
    "bio": "Just a random bio for testing.",
    "location": "San Francisco, CA"
  },
  "timestamp": 1763840451.2476883
}
INFO:__main__:Sending to raw_ingestion: {
  "source_type": "deep_web",
  "dataset": "Collection #1",
  "raw_data": {
    "email": "jane.s@test.org",
    "password_hash": "sha1:2728132408212846180",
    "ip_address": "192.168.1.235"
  },
  "timestamp": 1763840451.2477868
}
INFO:__main__:Sending to raw_ingestion: {
  "source_type": "surface_web",
  "url": "https://tiktok.com/evabrown18",
  "raw_data": {
    "name": "Eva Brown",
    "username": "evabrown18",
    "bio": "Just a random bio for testing.",
    "location": "San Francisco, CA"
  },
  "timestamp": 1763840454.247917
}
INFO:__main__:Sending to raw_ingestion: {
  "source_type": "deep_web",
  "dataset": "Collection #1",
  "raw_data": {
    "email": "alice.j@company.net",
    "password_hash": "sha1:8955215528844269238",
    "ip_address": "192.168.1.98"
  },
  "timestamp": 1763840454.2480066
}
INFO:__main__:Sending to raw_ingestion: {
  "source_type": "surface_web",
  "url": "https://twitter.com/evabrown70",
  "raw_data": {
    "name": "Eva Brown",
    "username": "evabrown70",
    "bio": "Just a random bio for testing.",
    "location": "San Francisco, CA"
  },
  "timestamp": 1763840457.2481396
}
INFO:__main__:Sending to raw_ingestion: {
  "source_type": "deep_web",
  "dataset": "Collection #1",
  "raw_data": {
    "email": "alice.j@company.net",
    "password_hash": "sha1:-5088143581403502930",
    "ip_address": "192.168.1.127"
  },
  "timestamp": 1763840457.2483275
}
INFO:__main__:Sending to raw_ingestion: {
  "source_type": "surface_web",
  "url": "https://twitter.com/alicejohnson80",
  "raw_data": {
    "name": "Alice Johnson",
    "username": "alicejohnson80",
    "bio": "Just a random bio for testing.",
    "location": "San Francisco, CA"
  },
  "timestamp": 1763840460.2485094
}
INFO:__main__:Sending to raw_ingestion: {
  "source_type": "deep_web",
  "dataset": "Collection #1",
  "raw_data": {
    "email": "jane.s@test.org",
    "password_hash": "sha1:-2943485423592944647",
    "ip_address": "192.168.1.153"
  },
  "timestamp": 1763840460.2486086
}
INFO:__main__:Sending to raw_ingestion: {
  "source_type": "surface_web",
  "url": "https://tiktok.com/evabrown98",
  "raw_data": {
    "name": "Eva Brown",
    "username": "evabrown98",
    "bio": "Just a random bio for testing.",
    "location": "San Francisco, CA"
  },
  "timestamp": 1763840463.2487419
}
INFO:__main__:Sending to raw_ingestion: {
  "source_type": "deep_web",
  "dataset": "Collection #1",
  "raw_data": {
    "email": "alice.j@company.net",
    "password_hash": "sha1:2728132408212846180",
    "ip_address": "192.168.1.210"
  },
  "timestamp": 1763840463.2488341
}
INFO:__main__:Sending to raw_ingestion: {
  "source_type": "surface_web",
  "url": "https://tiktok.com/michaelchen91",
  "raw_data": {
    "name": "Michael Chen",
    "username": "michaelchen91",
    "bio": "Just a random bio for testing.",
    "location": "San Francisco, CA"
  },
  "timestamp": 1763840466.2489722
}
INFO:__main__:Sending to raw_ingestion: {
  "source_type": "deep_web",
  "dataset": "Collection #1",
  "raw_data": {
    "email": "bob.w@provider.com",
    "password_hash": "sha1:1450859526763802376",
    "ip_address": "192.168.1.63"
  },
  "timestamp": 1763840466.2490828
}
INFO:__main__:Sending to raw_ingestion: {
  "source_type": "surface_web",
  "url": "https://tiktok.com/bobwilliams33",
  "raw_data": {
    "name": "Bob Williams",
    "username": "bobwilliams33",
    "bio": "Just a random bio for testing.",
    "location": "San Francisco, CA"
  },
  "timestamp": 1763840469.2492237
}
INFO:__main__:Sending to raw_ingestion: {
  "source_type": "deep_web",
  "dataset": "Collection #1",
  "raw_data": {
    "email": "alice.j@company.net",
    "password_hash": "sha1:2728132408212846180",
    "ip_address": "192.168.1.207"
  },
  "timestamp": 1763840469.2493224
}
INFO:__main__:Sending to raw_ingestion: {
  "source_type": "surface_web",
  "url": "https://tiktok.com/evabrown9",
  "raw_data": {
    "name": "Eva Brown",
    "username": "evabrown9",
    "bio": "Just a random bio for testing.",
    "location": "San Francisco, CA"
  },
  "timestamp": 1763840472.2494652
}
INFO:__main__:Sending to raw_ingestion: {
  "source_type": "deep_web",
  "dataset": "Collection #1",
  "raw_data": {
    "email": "bob.w@provider.com",
    "password_hash": "sha1:2728132408212846180",
    "ip_address": "192.168.1.235"
  },
  "timestamp": 1763840472.2495782
}
INFO:__main__:Sending to raw_ingestion: {
  "source_type": "surface_web",
  "url": "https://tiktok.com/evabrown12",
  "raw_data": {
    "name": "Eva Brown",
    "username": "evabrown12",
    "bio": "Just a random bio for testing.",
    "location": "San Francisco, CA"
  },
  "timestamp": 1763840475.249772
}
INFO:__main__:Sending to raw_ingestion: {
  "source_type": "deep_web",
  "dataset": "Collection #1",
  "raw_data": {
    "email": "bob.w@provider.com",
    "password_hash": "sha1:8955215528844269238",
    "ip_address": "192.168.1.141"
  },
  "timestamp": 1763840475.2498848
}
INFO:__main__:Sending to raw_ingestion: {
  "source_type": "surface_web",
  "url": "https://tiktok.com/alicejohnson34",
  "raw_data": {
    "name": "Alice Johnson",
    "username": "alicejohnson34",
    "bio": "Just a random bio for testing.",
    "location": "San Francisco, CA"
  },
  "timestamp": 1763840478.2500303
}
INFO:__main__:Sending to raw_ingestion: {
  "source_type": "deep_web",
  "dataset": "Collection #1",
  "raw_data": {
    "email": "bob.w@provider.com",
    "password_hash": "sha1:-5088143581403502930",
    "ip_address": "192.168.1.236"
  },
  "timestamp": 1763840478.2501369
}
INFO:__main__:Sending to raw_ingestion: {
  "source_type": "surface_web",
  "url": "https://twitter.com/bobwilliams61",
  "raw_data": {
    "name": "Bob Williams",
    "username": "bobwilliams61",
    "bio": "Just a random bio for testing.",
    "location": "San Francisco, CA"
  },
  "timestamp": 1763840481.2502813
}
INFO:__main__:Sending to raw_ingestion: {
  "source_type": "deep_web",
  "dataset": "Collection #1",
  "raw_data": {
    "email": "jdoe@example.com",
    "password_hash": "sha1:-5088143581403502930",
    "ip_address": "192.168.1.197"
  },
  "timestamp": 1763840481.2503917
}
INFO:__main__:Sending to raw_ingestion: {
  "source_type": "surface_web",
  "url": "https://twitter.com/evabrown89",
  "raw_data": {
    "name": "Eva Brown",
    "username": "evabrown89",
    "bio": "Just a random bio for testing.",
    "location": "San Francisco, CA"
  },
  "timestamp": 1763840484.25054
}
INFO:__main__:Sending to raw_ingestion: {
  "source_type": "deep_web",
  "dataset": "Collection #1",
  "raw_data": {
    "email": "bob.w@provider.com",
    "password_hash": "sha1:1450859526763802376",
    "ip_address": "192.168.1.43"
  },
  "timestamp": 1763840484.2506404
}
INFO:__main__:Sending to raw_ingestion: {
  "source_type": "surface_web",
  "url": "https://tiktok.com/bobwilliams82",
  "raw_data": {
    "name": "Bob Williams",
    "username": "bobwilliams82",
    "bio": "Just a random bio for testing.",
    "location": "San Francisco, CA"
  },
  "timestamp": 1763840487.2507868
}
INFO:__main__:Sending to raw_ingestion: {
  "source_type": "deep_web",
  "dataset": "Collection #1",
  "raw_data": {
    "email": "jane.s@test.org",
    "password_hash": "sha1:2728132408212846180",
    "ip_address": "192.168.1.22"
  },
  "timestamp": 1763840487.2509046
}
INFO:__main__:Sending to raw_ingestion: {
  "source_type": "surface_web",
  "url": "https://linkedin.com/michaelchen79",
  "raw_data": {
    "name": "Michael Chen",
    "username": "michaelchen79",
    "bio": "Just a random bio for testing.",
    "location": "San Francisco, CA"
  },
  "timestamp": 1763840490.2511187
}
INFO:__main__:Sending to raw_ingestion: {
  "source_type": "deep_web",
  "dataset": "Collection #1",
  "raw_data": {
    "email": "jane.s@test.org",
    "password_hash": "sha1:-5088143581403502930",
    "ip_address": "192.168.1.107"
  },
  "timestamp": 1763840490.251221
}
INFO:__main__:Sending to raw_ingestion: {
  "source_type": "surface_web",
  "url": "https://tiktok.com/bobwilliams37",
  "raw_data": {
    "name": "Bob Williams",
    "username": "bobwilliams37",
    "bio": "Just a random bio for testing.",
    "location": "San Francisco, CA"
  },
  "timestamp": 1763840493.2514007
}
INFO:__main__:Sending to raw_ingestion: {
  "source_type": "deep_web",
  "dataset": "Collection #1",
  "raw_data": {
    "email": "jane.s@test.org",
    "password_hash": "sha1:1450859526763802376",
    "ip_address": "192.168.1.94"
  },
  "timestamp": 1763840493.2516568
}
INFO:__main__:Sending to raw_ingestion: {
  "source_type": "surface_web",
  "url": "https://instagram.com/evabrown63",
  "raw_data": {
    "name": "Eva Brown",
    "username": "evabrown63",
    "bio": "Just a random bio for testing.",
    "location": "San Francisco, CA"
  },
  "timestamp": 1763840496.2518022
}
INFO:__main__:Sending to raw_ingestion: {
  "source_type": "deep_web",
  "dataset": "Collection #1",
  "raw_data": {
    "email": "jdoe@example.com",
    "password_hash": "sha1:-2943485423592944647",
    "ip_address": "192.168.1.19"
  },
  "timestamp": 1763840496.2519038
}
INFO:__main__:Sending to raw_ingestion: {
  "source_type": "surface_web",
  "url": "https://instagram.com/michaelchen33",
  "raw_data": {
    "name": "Michael Chen",
    "username": "michaelchen33",
    "bio": "Just a random bio for testing.",
    "location": "San Francisco, CA"
  },
  "timestamp": 1763840499.2521048
}
INFO:__main__:Sending to raw_ingestion: {
  "source_type": "deep_web",
  "dataset": "Collection #1",
  "raw_data": {
    "email": "jane.s@test.org",
    "password_hash": "sha1:1450859526763802376",
    "ip_address": "192.168.1.37"
  },
  "timestamp": 1763840499.252203
}
INFO:__main__:Sending to raw_ingestion: {
  "source_type": "surface_web",
  "url": "https://instagram.com/alicejohnson5",
  "raw_data": {
    "name": "Alice Johnson",
    "username": "alicejohnson5",
    "bio": "Just a random bio for testing.",
    "location": "San Francisco, CA"
  },
  "timestamp": 1763840502.252364
}
INFO:__main__:Sending to raw_ingestion: {
  "source_type": "deep_web",
  "dataset": "Collection #1",
  "raw_data": {
    "email": "jdoe@example.com",
    "password_hash": "sha1:-5088143581403502930",
    "ip_address": "192.168.1.28"
  },
  "timestamp": 1763840502.252467
}
INFO:__main__:Sending to raw_ingestion: {
  "source_type": "surface_web",
  "url": "https://instagram.com/janesmith29",
  "raw_data": {
    "name": "Jane Smith",
    "username": "janesmith29",
    "bio": "Just a random bio for testing.",
    "location": "San Francisco, CA"
  },
  "timestamp": 1763840505.2526119
}
INFO:__main__:Sending to raw_ingestion: {
  "source_type": "deep_web",
  "dataset": "Collection #1",
  "raw_data": {
    "email": "bob.w@provider.com",
    "password_hash": "sha1:-2943485423592944647",
    "ip_address": "192.168.1.107"
  },
  "timestamp": 1763840505.2527199
}
INFO:__main__:Sending to raw_ingestion: {
  "source_type": "surface_web",
  "url": "https://linkedin.com/alicejohnson90",
  "raw_data": {
    "name": "Alice Johnson",
    "username": "alicejohnson90",
    "bio": "Just a random bio for testing.",
    "location": "San Francisco, CA"
  },
  "timestamp": 1763840508.252865
}
INFO:__main__:Sending to raw_ingestion: {
  "source_type": "deep_web",
  "dataset": "Collection #1",
  "raw_data": {
    "email": "bob.w@provider.com",
    "password_hash": "sha1:-5088143581403502930",
    "ip_address": "192.168.1.245"
  },
  "timestamp": 1763840508.2529845
}
INFO:__main__:Sending to raw_ingestion: {
  "source_type": "surface_web",
  "url": "https://tiktok.com/bobwilliams97",
  "raw_data": {
    "name": "Bob Williams",
    "username": "bobwilliams97",
    "bio": "Just a random bio for testing.",
    "location": "San Francisco, CA"
  },
  "timestamp": 1763840511.2531886
}
INFO:__main__:Sending to raw_ingestion: {
  "source_type": "deep_web",
  "dataset": "Collection #1",
  "raw_data": {
    "email": "bob.w@provider.com",
    "password_hash": "sha1:2728132408212846180",
    "ip_address": "192.168.1.150"
  },
  "timestamp": 1763840511.253287
}
INFO:__main__:Sending to raw_ingestion: {
  "source_type": "surface_web",
  "url": "https://instagram.com/evabrown92",
  "raw_data": {
    "name": "Eva Brown",
    "username": "evabrown92",
    "bio": "Just a random bio for testing.",
    "location": "San Francisco, CA"
  },
  "timestamp": 1763840514.253481
}
INFO:__main__:Sending to raw_ingestion: {
  "source_type": "deep_web",
  "dataset": "Collection #1",
  "raw_data": {
    "email": "jane.s@test.org",
    "password_hash": "sha1:2728132408212846180",
    "ip_address": "192.168.1.45"
  },
  "timestamp": 1763840514.2536638
}
INFO:__main__:Sending to raw_ingestion: {
  "source_type": "surface_web",
  "url": "https://twitter.com/bobwilliams91",
  "raw_data": {
    "name": "Bob Williams",
    "username": "bobwilliams91",
    "bio": "Just a random bio for testing.",
    "location": "San Francisco, CA"
  },
  "timestamp": 1763840517.253879
}
INFO:__main__:Sending to raw_ingestion: {
  "source_type": "deep_web",
  "dataset": "Collection #1",
  "raw_data": {
    "email": "alice.j@company.net",
    "password_hash": "sha1:2728132408212846180",
    "ip_address": "192.168.1.194"
  },
  "timestamp": 1763840517.254067
}
INFO:__main__:Sending to raw_ingestion: {
  "source_type": "surface_web",
  "url": "https://tiktok.com/bobwilliams42",
  "raw_data": {
    "name": "Bob Williams",
    "username": "bobwilliams42",
    "bio": "Just a random bio for testing.",
    "location": "San Francisco, CA"
  },
  "timestamp": 1763840520.2542427
}
INFO:__main__:Sending to raw_ingestion: {
  "source_type": "deep_web",
  "dataset": "Collection #1",
  "raw_data": {
    "email": "alice.j@company.net",
    "password_hash": "sha1:2728132408212846180",
    "ip_address": "192.168.1.182"
  },
  "timestamp": 1763840520.2544322
}
INFO:__main__:Sending to raw_ingestion: {
  "source_type": "surface_web",
  "url": "https://twitter.com/johndoe15",
  "raw_data": {
    "name": "John Doe",
    "username": "johndoe15",
    "bio": "Just a random bio for testing.",
    "location": "San Francisco, CA"
  },
  "timestamp": 1763840523.2545772
}
INFO:__main__:Sending to raw_ingestion: {
  "source_type": "deep_web",
  "dataset": "Collection #1",
  "raw_data": {
    "email": "alice.j@company.net",
    "password_hash": "sha1:2728132408212846180",
    "ip_address": "192.168.1.207"
  },
  "timestamp": 1763840523.2546792
}
INFO:__main__:Sending to raw_ingestion: {
  "source_type": "surface_web",
  "url": "https://twitter.com/michaelchen14",
  "raw_data": {
    "name": "Michael Chen",
    "username": "michaelchen14",
    "bio": "Just a random bio for testing.",
    "location": "San Francisco, CA"
  },
  "timestamp": 1763840526.254823
}
INFO:__main__:Sending to raw_ingestion: {
  "source_type": "deep_web",
  "dataset": "Collection #1",
  "raw_data": {
    "email": "alice.j@company.net",
    "password_hash": "sha1:-2943485423592944647",
    "ip_address": "192.168.1.58"
  },
  "timestamp": 1763840526.2549462
}
INFO:__main__:Sending to raw_ingestion: {
  "source_type": "surface_web",
  "url": "https://instagram.com/evabrown97",
  "raw_data": {
    "name": "Eva Brown",
    "username": "evabrown97",
    "bio": "Just a random bio for testing.",
    "location": "San Francisco, CA"
  },
  "timestamp": 1763840529.2550898
}
INFO:__main__:Sending to raw_ingestion: {
  "source_type": "deep_web",
  "dataset": "Collection #1",
  "raw_data": {
    "email": "bob.w@provider.com",
    "password_hash": "sha1:-5088143581403502930",
    "ip_address": "192.168.1.130"
  },
  "timestamp": 1763840529.2553494
}
INFO:__main__:Sending to raw_ingestion: {
  "source_type": "surface_web",
  "url": "https://linkedin.com/janesmith50",
  "raw_data": {
    "name": "Jane Smith",
    "username": "janesmith50",
    "bio": "Just a random bio for testing.",
    "location": "San Francisco, CA"
  },
  "timestamp": 1763840532.255556
}
INFO:__main__:Sending to raw_ingestion: {
  "source_type": "deep_web",
  "dataset": "Collection #1",
  "raw_data": {
    "email": "jane.s@test.org",
    "password_hash": "sha1:1450859526763802376",
    "ip_address": "192.168.1.106"
  },
  "timestamp": 1763840532.2556524
}
INFO:__main__:Sending to raw_ingestion: {
  "source_type": "surface_web",
  "url": "https://twitter.com/janesmith93",
  "raw_data": {
    "name": "Jane Smith",
    "username": "janesmith93",
    "bio": "Just a random bio for testing.",
    "location": "San Francisco, CA"
  },
  "timestamp": 1763840535.2557874
}
INFO:__main__:Sending to raw_ingestion: {
  "source_type": "deep_web",
  "dataset": "Collection #1",
  "raw_data": {
    "email": "jane.s@test.org",
    "password_hash": "sha1:1450859526763802376",
    "ip_address": "192.168.1.48"
  },
  "timestamp": 1763840535.2558906
}
INFO:__main__:Sending to raw_ingestion: {
  "source_type": "surface_web",
  "url": "https://twitter.com/alicejohnson21",
  "raw_data": {
    "name": "Alice Johnson",
    "username": "alicejohnson21",
    "bio": "Just a random bio for testing.",
    "location": "San Francisco, CA"
  },
  "timestamp": 1763840538.2560363
}
INFO:__main__:Sending to raw_ingestion: {
  "source_type": "deep_web",
  "dataset": "Collection #1",
  "raw_data": {
    "email": "bob.w@provider.com",
    "password_hash": "sha1:2728132408212846180",
    "ip_address": "192.168.1.73"
  },
  "timestamp": 1763840538.2561765
}
INFO:__main__:Sending to raw_ingestion: {
  "source_type": "surface_web",
  "url": "https://instagram.com/janesmith63",
  "raw_data": {
    "name": "Jane Smith",
    "username": "janesmith63",
    "bio": "Just a random bio for testing.",
    "location": "San Francisco, CA"
  },
  "timestamp": 1763840541.2563365
}
INFO:__main__:Sending to raw_ingestion: {
  "source_type": "deep_web",
  "dataset": "Collection #1",
  "raw_data": {
    "email": "alice.j@company.net",
    "password_hash": "sha1:-2943485423592944647",
    "ip_address": "192.168.1.247"
  },
  "timestamp": 1763840541.2564762
}
INFO:__main__:Sending to raw_ingestion: {
  "source_type": "surface_web",
  "url": "https://twitter.com/evabrown41",
  "raw_data": {
    "name": "Eva Brown",
    "username": "evabrown41",
    "bio": "Just a random bio for testing.",
    "location": "San Francisco, CA"
  },
  "timestamp": 1763840544.256616
}
INFO:__main__:Sending to raw_ingestion: {
  "source_type": "deep_web",
  "dataset": "Collection #1",
  "raw_data": {
    "email": "bob.w@provider.com",
    "password_hash": "sha1:8955215528844269238",
    "ip_address": "192.168.1.244"
  },
  "timestamp": 1763840544.2567158
}
INFO:__main__:Sending to raw_ingestion: {
  "source_type": "surface_web",
  "url": "https://instagram.com/bobwilliams36",
  "raw_data": {
    "name": "Bob Williams",
    "username": "bobwilliams36",
    "bio": "Just a random bio for testing.",
    "location": "San Francisco, CA"
  },
  "timestamp": 1763840547.256852
}
INFO:__main__:Sending to raw_ingestion: {
  "source_type": "deep_web",
  "dataset": "Collection #1",
  "raw_data": {
    "email": "jdoe@example.com",
    "password_hash": "sha1:1450859526763802376",
    "ip_address": "192.168.1.212"
  },
  "timestamp": 1763840547.2569811
}
INFO:__main__:Sending to raw_ingestion: {
  "source_type": "surface_web",
  "url": "https://instagram.com/bobwilliams11",
  "raw_data": {
    "name": "Bob Williams",
    "username": "bobwilliams11",
    "bio": "Just a random bio for testing.",
    "location": "San Francisco, CA"
  },
  "timestamp": 1763840550.2571313
}
INFO:__main__:Sending to raw_ingestion: {
  "source_type": "deep_web",
  "dataset": "Collection #1",
  "raw_data": {
    "email": "jdoe@example.com",
    "password_hash": "sha1:-5088143581403502930",
    "ip_address": "192.168.1.129"
  },
  "timestamp": 1763840550.25729
}
INFO:__main__:Sending to raw_ingestion: {
  "source_type": "surface_web",
  "url": "https://linkedin.com/evabrown88",
  "raw_data": {
    "name": "Eva Brown",
    "username": "evabrown88",
    "bio": "Just a random bio for testing.",
    "location": "San Francisco, CA"
  },
  "timestamp": 1763840553.2575233
}
INFO:__main__:Sending to raw_ingestion: {
  "source_type": "deep_web",
  "dataset": "Collection #1",
  "raw_data": {
    "email": "jdoe@example.com",
    "password_hash": "sha1:1450859526763802376",
    "ip_address": "192.168.1.206"
  },
  "timestamp": 1763840553.2576225
}
INFO:__main__:Sending to raw_ingestion: {
  "source_type": "surface_web",
  "url": "https://instagram.com/janesmith23",
  "raw_data": {
    "name": "Jane Smith",
    "username": "janesmith23",
    "bio": "Just a random bio for testing.",
    "location": "San Francisco, CA"
  },
  "timestamp": 1763840556.2577813
}
INFO:__main__:Sending to raw_ingestion: {
  "source_type": "deep_web",
  "dataset": "Collection #1",
  "raw_data": {
    "email": "jdoe@example.com",
    "password_hash": "sha1:-5088143581403502930",
    "ip_address": "192.168.1.182"
  },
  "timestamp": 1763840556.2578826
}
INFO:__main__:Sending to raw_ingestion: {
  "source_type": "surface_web",
  "url": "https://tiktok.com/evabrown28",
  "raw_data": {
    "name": "Eva Brown",
    "username": "evabrown28",
    "bio": "Just a random bio for testing.",
    "location": "San Francisco, CA"
  },
  "timestamp": 1763840559.2580173
}
INFO:__main__:Sending to raw_ingestion: {
  "source_type": "deep_web",
  "dataset": "Collection #1",
  "raw_data": {
    "email": "alice.j@company.net",
    "password_hash": "sha1:2728132408212846180",
    "ip_address": "192.168.1.144"
  },
  "timestamp": 1763840559.2581153
}
INFO:__main__:Sending to raw_ingestion: {
  "source_type": "surface_web",
  "url": "https://linkedin.com/janesmith43",
  "raw_data": {
    "name": "Jane Smith",
    "username": "janesmith43",
    "bio": "Just a random bio for testing.",
    "location": "San Francisco, CA"
  },
  "timestamp": 1763840562.25831
}
INFO:__main__:Sending to raw_ingestion: {
  "source_type": "deep_web",
  "dataset": "Collection #1",
  "raw_data": {
    "email": "jdoe@example.com",
    "password_hash": "sha1:1450859526763802376",
    "ip_address": "192.168.1.49"
  },
  "timestamp": 1763840562.2584078
}
INFO:__main__:Sending to raw_ingestion: {
  "source_type": "surface_web",
  "url": "https://tiktok.com/janesmith78",
  "raw_data": {
    "name": "Jane Smith",
    "username": "janesmith78",
    "bio": "Just a random bio for testing.",
    "location": "San Francisco, CA"
  },
  "timestamp": 1763840565.2585454
}
INFO:__main__:Sending to raw_ingestion: {
  "source_type": "deep_web",
  "dataset": "Collection #1",
  "raw_data": {
    "email": "jdoe@example.com",
    "password_hash": "sha1:-5088143581403502930",
    "ip_address": "192.168.1.10"
  },
  "timestamp": 1763840565.2587366
}
INFO:__main__:Sending to raw_ingestion: {
  "source_type": "surface_web",
  "url": "https://twitter.com/bobwilliams24",
  "raw_data": {
    "name": "Bob Williams",
    "username": "bobwilliams24",
    "bio": "Just a random bio for testing.",
    "location": "San Francisco, CA"
  },
  "timestamp": 1763840568.2588878
}
INFO:__main__:Sending to raw_ingestion: {
  "source_type": "deep_web",
  "dataset": "Collection #1",
  "raw_data": {
    "email": "alice.j@company.net",
    "password_hash": "sha1:-5088143581403502930",
    "ip_address": "192.168.1.246"
  },
  "timestamp": 1763840568.25898
}
INFO:__main__:Sending to raw_ingestion: {
  "source_type": "surface_web",
  "url": "https://instagram.com/michaelchen93",
  "raw_data": {
    "name": "Michael Chen",
    "username": "michaelchen93",
    "bio": "Just a random bio for testing.",
    "location": "San Francisco, CA"
  },
  "timestamp": 1763840571.259203
}
INFO:__main__:Sending to raw_ingestion: {
  "source_type": "deep_web",
  "dataset": "Collection #1",
  "raw_data": {
    "email": "jdoe@example.com",
    "password_hash": "sha1:-2943485423592944647",
    "ip_address": "192.168.1.103"
  },
  "timestamp": 1763840571.2593462
}
INFO:__main__:Sending to raw_ingestion: {
  "source_type": "surface_web",
  "url": "https://instagram.com/janesmith83",
  "raw_data": {
    "name": "Jane Smith",
    "username": "janesmith83",
    "bio": "Just a random bio for testing.",
    "location": "San Francisco, CA"
  },
  "timestamp": 1763840574.2594924
}
INFO:__main__:Sending to raw_ingestion: {
  "source_type": "deep_web",
  "dataset": "Collection #1",
  "raw_data": {
    "email": "bob.w@provider.com",
    "password_hash": "sha1:8955215528844269238",
    "ip_address": "192.168.1.13"
  },
  "timestamp": 1763840574.2596188
}
INFO:__main__:Sending to raw_ingestion: {
  "source_type": "surface_web",
  "url": "https://linkedin.com/michaelchen46",
  "raw_data": {
    "name": "Michael Chen",
    "username": "michaelchen46",
    "bio": "Just a random bio for testing.",
    "location": "San Francisco, CA"
  },
  "timestamp": 1763840577.2597654
}
INFO:__main__:Sending to raw_ingestion: {
  "source_type": "deep_web",
  "dataset": "Collection #1",
  "raw_data": {
    "email": "bob.w@provider.com",
    "password_hash": "sha1:-2943485423592944647",
    "ip_address": "192.168.1.46"
  },
  "timestamp": 1763840577.2598755
}
INFO:__main__:Sending to raw_ingestion: {
  "source_type": "surface_web",
  "url": "https://linkedin.com/janesmith20",
  "raw_data": {
    "name": "Jane Smith",
    "username": "janesmith20",
    "bio": "Just a random bio for testing.",
    "location": "San Francisco, CA"
  },
  "timestamp": 1763840580.2600195
}
INFO:__main__:Sending to raw_ingestion: {
  "source_type": "deep_web",
  "dataset": "Collection #1",
  "raw_data": {
    "email": "alice.j@company.net",
    "password_hash": "sha1:8955215528844269238",
    "ip_address": "192.168.1.26"
  },
  "timestamp": 1763840580.260126
}
INFO:__main__:Sending to raw_ingestion: {
  "source_type": "surface_web",
  "url": "https://twitter.com/janesmith19",
  "raw_data": {
    "name": "Jane Smith",
    "username": "janesmith19",
    "bio": "Just a random bio for testing.",
    "location": "San Francisco, CA"
  },
  "timestamp": 1763840583.2602682
}
INFO:__main__:Sending to raw_ingestion: {
  "source_type": "deep_web",
  "dataset": "Collection #1",
  "raw_data": {
    "email": "jdoe@example.com",
    "password_hash": "sha1:2728132408212846180",
    "ip_address": "192.168.1.143"
  },
  "timestamp": 1763840583.2603612
}
INFO:__main__:Sending to raw_ingestion: {
  "source_type": "surface_web",
  "url": "https://tiktok.com/michaelchen18",
  "raw_data": {
    "name": "Michael Chen",
    "username": "michaelchen18",
    "bio": "Just a random bio for testing.",
    "location": "San Francisco, CA"
  },
  "timestamp": 1763840586.2604985
}
INFO:__main__:Sending to raw_ingestion: {
  "source_type": "deep_web",
  "dataset": "Collection #1",
  "raw_data": {
    "email": "jane.s@test.org",
    "password_hash": "sha1:1450859526763802376",
    "ip_address": "192.168.1.254"
  },
  "timestamp": 1763840586.2606068
}
INFO:__main__:Sending to raw_ingestion: {
  "source_type": "surface_web",
  "url": "https://twitter.com/alicejohnson7",
  "raw_data": {
    "name": "Alice Johnson",
    "username": "alicejohnson7",
    "bio": "Just a random bio for testing.",
    "location": "San Francisco, CA"
  },
  "timestamp": 1763840589.2607577
}
INFO:__main__:Sending to raw_ingestion: {
  "source_type": "deep_web",
  "dataset": "Collection #1",
  "raw_data": {
    "email": "jane.s@test.org",
    "password_hash": "sha1:8955215528844269238",
    "ip_address": "192.168.1.70"
  },
  "timestamp": 1763840589.2608507
}
INFO:__main__:Sending to raw_ingestion: {
  "source_type": "surface_web",
  "url": "https://instagram.com/michaelchen29",
  "raw_data": {
    "name": "Michael Chen",
    "username": "michaelchen29",
    "bio": "Just a random bio for testing.",
    "location": "San Francisco, CA"
  },
  "timestamp": 1763840592.2611296
}
INFO:__main__:Sending to raw_ingestion: {
  "source_type": "deep_web",
  "dataset": "Collection #1",
  "raw_data": {
    "email": "jane.s@test.org",
    "password_hash": "sha1:2728132408212846180",
    "ip_address": "192.168.1.83"
  },
  "timestamp": 1763840592.2612376
}
INFO:__main__:Sending to raw_ingestion: {
  "source_type": "surface_web",
  "url": "https://tiktok.com/evabrown10",
  "raw_data": {
    "name": "Eva Brown",
    "username": "evabrown10",
    "bio": "Just a random bio for testing.",
    "location": "San Francisco, CA"
  },
  "timestamp": 1763840595.2613738
}
INFO:__main__:Sending to raw_ingestion: {
  "source_type": "deep_web",
  "dataset": "Collection #1",
  "raw_data": {
    "email": "alice.j@company.net",
    "password_hash": "sha1:-5088143581403502930",
    "ip_address": "192.168.1.12"
  },
  "timestamp": 1763840595.2614672
}
INFO:__main__:Sending to raw_ingestion: {
  "source_type": "surface_web",
  "url": "https://tiktok.com/bobwilliams2",
  "raw_data": {
    "name": "Bob Williams",
    "username": "bobwilliams2",
    "bio": "Just a random bio for testing.",
    "location": "San Francisco, CA"
  },
  "timestamp": 1763840598.2616024
}
INFO:__main__:Sending to raw_ingestion: {
  "source_type": "deep_web",
  "dataset": "Collection #1",
  "raw_data": {
    "email": "alice.j@company.net",
    "password_hash": "sha1:-5088143581403502930",
    "ip_address": "192.168.1.142"
  },
  "timestamp": 1763840598.2616951
}
INFO:__main__:Sending to raw_ingestion: {
  "source_type": "surface_web",
  "url": "https://instagram.com/alicejohnson42",
  "raw_data": {
    "name": "Alice Johnson",
    "username": "alicejohnson42",
    "bio": "Just a random bio for testing.",
    "location": "San Francisco, CA"
  },
  "timestamp": 1763840601.2618585
}
INFO:__main__:Sending to raw_ingestion: {
  "source_type": "deep_web",
  "dataset": "Collection #1",
  "raw_data": {
    "email": "jdoe@example.com",
    "password_hash": "sha1:-2943485423592944647",
    "ip_address": "192.168.1.44"
  },
  "timestamp": 1763840601.2621672
}
INFO:__main__:Sending to raw_ingestion: {
  "source_type": "surface_web",
  "url": "https://linkedin.com/bobwilliams19",
  "raw_data": {
    "name": "Bob Williams",
    "username": "bobwilliams19",
    "bio": "Just a random bio for testing.",
    "location": "San Francisco, CA"
  },
  "timestamp": 1763840604.2624843
}
INFO:__main__:Sending to raw_ingestion: {
  "source_type": "deep_web",
  "dataset": "Collection #1",
  "raw_data": {
    "email": "jdoe@example.com",
    "password_hash": "sha1:1450859526763802376",
    "ip_address": "192.168.1.206"
  },
  "timestamp": 1763840604.26269
}
INFO:__main__:Sending to raw_ingestion: {
  "source_type": "surface_web",
  "url": "https://linkedin.com/evabrown43",
  "raw_data": {
    "name": "Eva Brown",
    "username": "evabrown43",
    "bio": "Just a random bio for testing.",
    "location": "San Francisco, CA"
  },
  "timestamp": 1763840607.2628589
}
INFO:__main__:Sending to raw_ingestion: {
  "source_type": "deep_web",
  "dataset": "Collection #1",
  "raw_data": {
    "email": "jdoe@example.com",
    "password_hash": "sha1:-5088143581403502930",
    "ip_address": "192.168.1.131"
  },
  "timestamp": 1763840607.2630506
}
INFO:__main__:Sending to raw_ingestion: {
  "source_type": "surface_web",
  "url": "https://tiktok.com/evabrown96",
  "raw_data": {
    "name": "Eva Brown",
    "username": "evabrown96",
    "bio": "Just a random bio for testing.",
    "location": "San Francisco, CA"
  },
  "timestamp": 1763840610.2632782
}
INFO:__main__:Sending to raw_ingestion: {
  "source_type": "deep_web",
  "dataset": "Collection #1",
  "raw_data": {
    "email": "jane.s@test.org",
    "password_hash": "sha1:8955215528844269238",
    "ip_address": "192.168.1.103"
  },
  "timestamp": 1763840610.263387
}
INFO:__main__:Sending to raw_ingestion: {
  "source_type": "surface_web",
  "url": "https://instagram.com/michaelchen29",
  "raw_data": {
    "name": "Michael Chen",
    "username": "michaelchen29",
    "bio": "Just a random bio for testing.",
    "location": "San Francisco, CA"
  },
  "timestamp": 1763840613.2635512
}
INFO:__main__:Sending to raw_ingestion: {
  "source_type": "deep_web",
  "dataset": "Collection #1",
  "raw_data": {
    "email": "bob.w@provider.com",
    "password_hash": "sha1:-5088143581403502930",
    "ip_address": "192.168.1.14"
  },
  "timestamp": 1763840613.2636619
}
INFO:__main__:Sending to raw_ingestion: {
  "source_type": "surface_web",
  "url": "https://tiktok.com/michaelchen69",
  "raw_data": {
    "name": "Michael Chen",
    "username": "michaelchen69",
    "bio": "Just a random bio for testing.",
    "location": "San Francisco, CA"
  },
  "timestamp": 1763840616.2638028
}
INFO:__main__:Sending to raw_ingestion: {
  "source_type": "deep_web",
  "dataset": "Collection #1",
  "raw_data": {
    "email": "jdoe@example.com",
    "password_hash": "sha1:1450859526763802376",
    "ip_address": "192.168.1.44"
  },
  "timestamp": 1763840616.263902
}
INFO:__main__:Sending to raw_ingestion: {
  "source_type": "surface_web",
  "url": "https://twitter.com/bobwilliams77",
  "raw_data": {
    "name": "Bob Williams",
    "username": "bobwilliams77",
    "bio": "Just a random bio for testing.",
    "location": "San Francisco, CA"
  },
  "timestamp": 1763840619.264132
}
INFO:__main__:Sending to raw_ingestion: {
  "source_type": "deep_web",
  "dataset": "Collection #1",
  "raw_data": {
    "email": "alice.j@company.net",
    "password_hash": "sha1:2728132408212846180",
    "ip_address": "192.168.1.47"
  },
  "timestamp": 1763840619.2642524
}
INFO:__main__:Sending to raw_ingestion: {
  "source_type": "surface_web",
  "url": "https://linkedin.com/janesmith22",
  "raw_data": {
    "name": "Jane Smith",
    "username": "janesmith22",
    "bio": "Just a random bio for testing.",
    "location": "San Francisco, CA"
  },
  "timestamp": 1763840622.2644022
}
INFO:__main__:Sending to raw_ingestion: {
  "source_type": "deep_web",
  "dataset": "Collection #1",
  "raw_data": {
    "email": "bob.w@provider.com",
    "password_hash": "sha1:-2943485423592944647",
    "ip_address": "192.168.1.10"
  },
  "timestamp": 1763840622.2645102
}
INFO:__main__:Sending to raw_ingestion: {
  "source_type": "surface_web",
  "url": "https://linkedin.com/johndoe3",
  "raw_data": {
    "name": "John Doe",
    "username": "johndoe3",
    "bio": "Just a random bio for testing.",
    "location": "San Francisco, CA"
  },
  "timestamp": 1763840625.2646556
}
INFO:__main__:Sending to raw_ingestion: {
  "source_type": "deep_web",
  "dataset": "Collection #1",
  "raw_data": {
    "email": "bob.w@provider.com",
    "password_hash": "sha1:-5088143581403502930",
    "ip_address": "192.168.1.98"
  },
  "timestamp": 1763840625.264754
}
INFO:__main__:Sending to raw_ingestion: {
  "source_type": "surface_web",
  "url": "https://twitter.com/bobwilliams37",
  "raw_data": {
    "name": "Bob Williams",
    "username": "bobwilliams37",
    "bio": "Just a random bio for testing.",
    "location": "San Francisco, CA"
  },
  "timestamp": 1763840628.2649372
}
INFO:__main__:Sending to raw_ingestion: {
  "source_type": "deep_web",
  "dataset": "Collection #1",
  "raw_data": {
    "email": "jane.s@test.org",
    "password_hash": "sha1:-5088143581403502930",
    "ip_address": "192.168.1.164"
  },
  "timestamp": 1763840628.2650373
}
INFO:__main__:Sending to raw_ingestion: {
  "source_type": "surface_web",
  "url": "https://instagram.com/johndoe31",
  "raw_data": {
    "name": "John Doe",
    "username": "johndoe31",
    "bio": "Just a random bio for testing.",
    "location": "San Francisco, CA"
  },
  "timestamp": 1763840631.2652743
}
INFO:__main__:Sending to raw_ingestion: {
  "source_type": "deep_web",
  "dataset": "Collection #1",
  "raw_data": {
    "email": "bob.w@provider.com",
    "password_hash": "sha1:-5088143581403502930",
    "ip_address": "192.168.1.66"
  },
  "timestamp": 1763840631.265381
}
INFO:__main__:Sending to raw_ingestion: {
  "source_type": "surface_web",
  "url": "https://linkedin.com/alicejohnson2",
  "raw_data": {
    "name": "Alice Johnson",
    "username": "alicejohnson2",
    "bio": "Just a random bio for testing.",
    "location": "San Francisco, CA"
  },
  "timestamp": 1763840634.2655823
}
INFO:__main__:Sending to raw_ingestion: {
  "source_type": "deep_web",
  "dataset": "Collection #1",
  "raw_data": {
    "email": "jane.s@test.org",
    "password_hash": "sha1:8955215528844269238",
    "ip_address": "192.168.1.99"
  },
  "timestamp": 1763840634.2656856
}
INFO:__main__:Sending to raw_ingestion: {
  "source_type": "surface_web",
  "url": "https://instagram.com/bobwilliams70",
  "raw_data": {
    "name": "Bob Williams",
    "username": "bobwilliams70",
    "bio": "Just a random bio for testing.",
    "location": "San Francisco, CA"
  },
  "timestamp": 1763840637.265855
}
INFO:__main__:Sending to raw_ingestion: {
  "source_type": "deep_web",
  "dataset": "Collection #1",
  "raw_data": {
    "email": "bob.w@provider.com",
    "password_hash": "sha1:-5088143581403502930",
    "ip_address": "192.168.1.110"
  },
  "timestamp": 1763840637.2661295
}
INFO:__main__:Sending to raw_ingestion: {
  "source_type": "surface_web",
  "url": "https://instagram.com/janesmith69",
  "raw_data": {
    "name": "Jane Smith",
    "username": "janesmith69",
    "bio": "Just a random bio for testing.",
    "location": "San Francisco, CA"
  },
  "timestamp": 1763840640.2662947
}
INFO:__main__:Sending to raw_ingestion: {
  "source_type": "deep_web",
  "dataset": "Collection #1",
  "raw_data": {
    "email": "jdoe@example.com",
    "password_hash": "sha1:8955215528844269238",
    "ip_address": "192.168.1.117"
  },
  "timestamp": 1763840640.2663918
}
INFO:__main__:Sending to raw_ingestion: {
  "source_type": "surface_web",
  "url": "https://linkedin.com/michaelchen4",
  "raw_data": {
    "name": "Michael Chen",
    "username": "michaelchen4",
    "bio": "Just a random bio for testing.",
    "location": "San Francisco, CA"
  },
  "timestamp": 1763840643.2665365
}
INFO:__main__:Sending to raw_ingestion: {
  "source_type": "deep_web",
  "dataset": "Collection #1",
  "raw_data": {
    "email": "jdoe@example.com",
    "password_hash": "sha1:2728132408212846180",
    "ip_address": "192.168.1.59"
  },
  "timestamp": 1763840643.2666388
}
INFO:__main__:Sending to raw_ingestion: {
  "source_type": "surface_web",
  "url": "https://instagram.com/janesmith76",
  "raw_data": {
    "name": "Jane Smith",
    "username": "janesmith76",
    "bio": "Just a random bio for testing.",
    "location": "San Francisco, CA"
  },
  "timestamp": 1763840646.2668731
}
INFO:__main__:Sending to raw_ingestion: {
  "source_type": "deep_web",
  "dataset": "Collection #1",
  "raw_data": {
    "email": "bob.w@provider.com",
    "password_hash": "sha1:2728132408212846180",
    "ip_address": "192.168.1.39"
  },
  "timestamp": 1763840646.2669773
}
INFO:__main__:Sending to raw_ingestion: {
  "source_type": "surface_web",
  "url": "https://tiktok.com/bobwilliams25",
  "raw_data": {
    "name": "Bob Williams",
    "username": "bobwilliams25",
    "bio": "Just a random bio for testing.",
    "location": "San Francisco, CA"
  },
  "timestamp": 1763840649.2671928
}
INFO:__main__:Sending to raw_ingestion: {
  "source_type": "deep_web",
  "dataset": "Collection #1",
  "raw_data": {
    "email": "alice.j@company.net",
    "password_hash": "sha1:2728132408212846180",
    "ip_address": "192.168.1.138"
  },
  "timestamp": 1763840649.2672925
}
INFO:__main__:Sending to raw_ingestion: {
  "source_type": "surface_web",
  "url": "https://tiktok.com/evabrown51",
  "raw_data": {
    "name": "Eva Brown",
    "username": "evabrown51",
    "bio": "Just a random bio for testing.",
    "location": "San Francisco, CA"
  },
  "timestamp": 1763840652.2675173
}
INFO:__main__:Sending to raw_ingestion: {
  "source_type": "deep_web",
  "dataset": "Collection #1",
  "raw_data": {
    "email": "bob.w@provider.com",
    "password_hash": "sha1:8955215528844269238",
    "ip_address": "192.168.1.202"
  },
  "timestamp": 1763840652.267621
}
INFO:__main__:Sending to raw_ingestion: {
  "source_type": "surface_web",
  "url": "https://tiktok.com/evabrown48",
  "raw_data": {
    "name": "Eva Brown",
    "username": "evabrown48",
    "bio": "Just a random bio for testing.",
    "location": "San Francisco, CA"
  },
  "timestamp": 1763840655.267904
}
INFO:__main__:Sending to raw_ingestion: {
  "source_type": "deep_web",
  "dataset": "Collection #1",
  "raw_data": {
    "email": "jdoe@example.com",
    "password_hash": "sha1:-5088143581403502930",
    "ip_address": "192.168.1.142"
  },
  "timestamp": 1763840655.268002
}
INFO:__main__:Sending to raw_ingestion: {
  "source_type": "surface_web",
  "url": "https://linkedin.com/michaelchen24",
  "raw_data": {
    "name": "Michael Chen",
    "username": "michaelchen24",
    "bio": "Just a random bio for testing.",
    "location": "San Francisco, CA"
  },
  "timestamp": 1763840658.2681618
}
INFO:__main__:Sending to raw_ingestion: {
  "source_type": "deep_web",
  "dataset": "Collection #1",
  "raw_data": {
    "email": "bob.w@provider.com",
    "password_hash": "sha1:8955215528844269238",
    "ip_address": "192.168.1.117"
  },
  "timestamp": 1763840658.268261
}
INFO:__main__:Sending to raw_ingestion: {
  "source_type": "surface_web",
  "url": "https://tiktok.com/michaelchen48",
  "raw_data": {
    "name": "Michael Chen",
    "username": "michaelchen48",
    "bio": "Just a random bio for testing.",
    "location": "San Francisco, CA"
  },
  "timestamp": 1763840661.2684298
}
INFO:__main__:Sending to raw_ingestion: {
  "source_type": "deep_web",
  "dataset": "Collection #1",
  "raw_data": {
    "email": "alice.j@company.net",
    "password_hash": "sha1:1450859526763802376",
    "ip_address": "192.168.1.85"
  },
  "timestamp": 1763840661.268528
}
INFO:__main__:Sending to raw_ingestion: {
  "source_type": "surface_web",
  "url": "https://linkedin.com/bobwilliams54",
  "raw_data": {
    "name": "Bob Williams",
    "username": "bobwilliams54",
    "bio": "Just a random bio for testing.",
    "location": "San Francisco, CA"
  },
  "timestamp": 1763840664.2687736
}
INFO:__main__:Sending to raw_ingestion: {
  "source_type": "deep_web",
  "dataset": "Collection #1",
  "raw_data": {
    "email": "bob.w@provider.com",
    "password_hash": "sha1:1450859526763802376",
    "ip_address": "192.168.1.216"
  },
  "timestamp": 1763840664.268963
}
INFO:__main__:Sending to raw_ingestion: {
  "source_type": "surface_web",
  "url": "https://instagram.com/michaelchen1",
  "raw_data": {
    "name": "Michael Chen",
    "username": "michaelchen1",
    "bio": "Just a random bio for testing.",
    "location": "San Francisco, CA"
  },
  "timestamp": 1763840667.269251
}
INFO:__main__:Sending to raw_ingestion: {
  "source_type": "deep_web",
  "dataset": "Collection #1",
  "raw_data": {
    "email": "jane.s@test.org",
    "password_hash": "sha1:-5088143581403502930",
    "ip_address": "192.168.1.90"
  },
  "timestamp": 1763840667.2694762
}
INFO:__main__:Sending to raw_ingestion: {
  "source_type": "surface_web",
  "url": "https://twitter.com/janesmith77",
  "raw_data": {
    "name": "Jane Smith",
    "username": "janesmith77",
    "bio": "Just a random bio for testing.",
    "location": "San Francisco, CA"
  },
  "timestamp": 1763840670.269637
}
INFO:__main__:Sending to raw_ingestion: {
  "source_type": "deep_web",
  "dataset": "Collection #1",
  "raw_data": {
    "email": "bob.w@provider.com",
    "password_hash": "sha1:1450859526763802376",
    "ip_address": "192.168.1.43"
  },
  "timestamp": 1763840670.2697666
}
INFO:__main__:Sending to raw_ingestion: {
  "source_type": "surface_web",
  "url": "https://tiktok.com/johndoe57",
  "raw_data": {
    "name": "John Doe",
    "username": "johndoe57",
    "bio": "Just a random bio for testing.",
    "location": "San Francisco, CA"
  },
  "timestamp": 1763840673.2700818
}
INFO:__main__:Sending to raw_ingestion: {
  "source_type": "deep_web",
  "dataset": "Collection #1",
  "raw_data": {
    "email": "alice.j@company.net",
    "password_hash": "sha1:-5088143581403502930",
    "ip_address": "192.168.1.67"
  },
  "timestamp": 1763840673.270423
}
INFO:__main__:Sending to raw_ingestion: {
  "source_type": "surface_web",
  "url": "https://instagram.com/alicejohnson61",
  "raw_data": {
    "name": "Alice Johnson",
    "username": "alicejohnson61",
    "bio": "Just a random bio for testing.",
    "location": "San Francisco, CA"
  },
  "timestamp": 1763840676.2706068
}
INFO:__main__:Sending to raw_ingestion: {
  "source_type": "deep_web",
  "dataset": "Collection #1",
  "raw_data": {
    "email": "jane.s@test.org",
    "password_hash": "sha1:2728132408212846180",
    "ip_address": "192.168.1.235"
  },
  "timestamp": 1763840676.2708325
}
INFO:__main__:Sending to raw_ingestion: {
  "source_type": "surface_web",
  "url": "https://tiktok.com/janesmith86",
  "raw_data": {
    "name": "Jane Smith",
    "username": "janesmith86",
    "bio": "Just a random bio for testing.",
    "location": "San Francisco, CA"
  },
  "timestamp": 1763840679.2710247
}
INFO:__main__:Sending to raw_ingestion: {
  "source_type": "deep_web",
  "dataset": "Collection #1",
  "raw_data": {
    "email": "alice.j@company.net",
    "password_hash": "sha1:8955215528844269238",
    "ip_address": "192.168.1.233"
  },
  "timestamp": 1763840679.2713845
}
INFO:__main__:Sending to raw_ingestion: {
  "source_type": "surface_web",
  "url": "https://twitter.com/janesmith21",
  "raw_data": {
    "name": "Jane Smith",
    "username": "janesmith21",
    "bio": "Just a random bio for testing.",
    "location": "San Francisco, CA"
  },
  "timestamp": 1763840682.27165
}
INFO:__main__:Sending to raw_ingestion: {
  "source_type": "deep_web",
  "dataset": "Collection #1",
  "raw_data": {
    "email": "alice.j@company.net",
    "password_hash": "sha1:-5088143581403502930",
    "ip_address": "192.168.1.70"
  },
  "timestamp": 1763840682.2719069
}
INFO:__main__:Sending to raw_ingestion: {
  "source_type": "surface_web",
  "url": "https://instagram.com/michaelchen61",
  "raw_data": {
    "name": "Michael Chen",
    "username": "michaelchen61",
    "bio": "Just a random bio for testing.",
    "location": "San Francisco, CA"
  },
  "timestamp": 1763840685.2721457
}
INFO:__main__:Sending to raw_ingestion: {
  "source_type": "deep_web",
  "dataset": "Collection #1",
  "raw_data": {
    "email": "jdoe@example.com",
    "password_hash": "sha1:-2943485423592944647",
    "ip_address": "192.168.1.8"
  },
  "timestamp": 1763840685.2724116
}
INFO:__main__:Sending to raw_ingestion: {
  "source_type": "surface_web",
  "url": "https://tiktok.com/bobwilliams26",
  "raw_data": {
    "name": "Bob Williams",
    "username": "bobwilliams26",
    "bio": "Just a random bio for testing.",
    "location": "San Francisco, CA"
  },
  "timestamp": 1763840688.2725658
}
INFO:__main__:Sending to raw_ingestion: {
  "source_type": "deep_web",
  "dataset": "Collection #1",
  "raw_data": {
    "email": "bob.w@provider.com",
    "password_hash": "sha1:-5088143581403502930",
    "ip_address": "192.168.1.2"
  },
  "timestamp": 1763840688.272749
}
INFO:__main__:Sending to raw_ingestion: {
  "source_type": "surface_web",
  "url": "https://instagram.com/evabrown58",
  "raw_data": {
    "name": "Eva Brown",
    "username": "evabrown58",
    "bio": "Just a random bio for testing.",
    "location": "San Francisco, CA"
  },
  "timestamp": 1763840691.2729433
}
INFO:__main__:Sending to raw_ingestion: {
  "source_type": "deep_web",
  "dataset": "Collection #1",
  "raw_data": {
    "email": "alice.j@company.net",
    "password_hash": "sha1:-5088143581403502930",
    "ip_address": "192.168.1.152"
  },
  "timestamp": 1763840691.2731638
}
INFO:__main__:Sending to raw_ingestion: {
  "source_type": "surface_web",
  "url": "https://instagram.com/alicejohnson35",
  "raw_data": {
    "name": "Alice Johnson",
    "username": "alicejohnson35",
    "bio": "Just a random bio for testing.",
    "location": "San Francisco, CA"
  },
  "timestamp": 1763840694.2733934
}
INFO:__main__:Sending to raw_ingestion: {
  "source_type": "deep_web",
  "dataset": "Collection #1",
  "raw_data": {
    "email": "bob.w@provider.com",
    "password_hash": "sha1:2728132408212846180",
    "ip_address": "192.168.1.65"
  },
  "timestamp": 1763840694.2735488
}
INFO:__main__:Sending to raw_ingestion: {
  "source_type": "surface_web",
  "url": "https://linkedin.com/bobwilliams63",
  "raw_data": {
    "name": "Bob Williams",
    "username": "bobwilliams63",
    "bio": "Just a random bio for testing.",
    "location": "San Francisco, CA"
  },
  "timestamp": 1763840697.2738013
}
INFO:__main__:Sending to raw_ingestion: {
  "source_type": "deep_web",
  "dataset": "Collection #1",
  "raw_data": {
    "email": "alice.j@company.net",
    "password_hash": "sha1:1450859526763802376",
    "ip_address": "192.168.1.148"
  },
  "timestamp": 1763840697.2741003
}
INFO:__main__:Sending to raw_ingestion: {
  "source_type": "surface_web",
  "url": "https://linkedin.com/janesmith8",
  "raw_data": {
    "name": "Jane Smith",
    "username": "janesmith8",
    "bio": "Just a random bio for testing.",
    "location": "San Francisco, CA"
  },
  "timestamp": 1763840700.274361
}
INFO:__main__:Sending to raw_ingestion: {
  "source_type": "deep_web",
  "dataset": "Collection #1",
  "raw_data": {
    "email": "jane.s@test.org",
    "password_hash": "sha1:8955215528844269238",
    "ip_address": "192.168.1.131"
  },
  "timestamp": 1763840700.2745135
}
INFO:__main__:Sending to raw_ingestion: {
  "source_type": "surface_web",
  "url": "https://twitter.com/alicejohnson76",
  "raw_data": {
    "name": "Alice Johnson",
    "username": "alicejohnson76",
    "bio": "Just a random bio for testing.",
    "location": "San Francisco, CA"
  },
  "timestamp": 1763840703.27466
}
INFO:__main__:Sending to raw_ingestion: {
  "source_type": "deep_web",
  "dataset": "Collection #1",
  "raw_data": {
    "email": "jane.s@test.org",
    "password_hash": "sha1:2728132408212846180",
    "ip_address": "192.168.1.104"
  },
  "timestamp": 1763840703.2747788
}
INFO:__main__:Sending to raw_ingestion: {
  "source_type": "surface_web",
  "url": "https://twitter.com/johndoe84",
  "raw_data": {
    "name": "John Doe",
    "username": "johndoe84",
    "bio": "Just a random bio for testing.",
    "location": "San Francisco, CA"
  },
  "timestamp": 1763840706.2749228
}
INFO:__main__:Sending to raw_ingestion: {
  "source_type": "deep_web",
  "dataset": "Collection #1",
  "raw_data": {
    "email": "alice.j@company.net",
    "password_hash": "sha1:-2943485423592944647",
    "ip_address": "192.168.1.139"
  },
  "timestamp": 1763840706.2750225
}
INFO:__main__:Sending to raw_ingestion: {
  "source_type": "surface_web",
  "url": "https://instagram.com/bobwilliams95",
  "raw_data": {
    "name": "Bob Williams",
    "username": "bobwilliams95",
    "bio": "Just a random bio for testing.",
    "location": "San Francisco, CA"
  },
  "timestamp": 1763840709.275205
}
INFO:__main__:Sending to raw_ingestion: {
  "source_type": "deep_web",
  "dataset": "Collection #1",
  "raw_data": {
    "email": "jdoe@example.com",
    "password_hash": "sha1:8955215528844269238",
    "ip_address": "192.168.1.11"
  },
  "timestamp": 1763840709.2754774
}
INFO:__main__:Sending to raw_ingestion: {
  "source_type": "surface_web",
  "url": "https://twitter.com/alicejohnson94",
  "raw_data": {
    "name": "Alice Johnson",
    "username": "alicejohnson94",
    "bio": "Just a random bio for testing.",
    "location": "San Francisco, CA"
  },
  "timestamp": 1763840712.2757356
}
INFO:__main__:Sending to raw_ingestion: {
  "source_type": "deep_web",
  "dataset": "Collection #1",
  "raw_data": {
    "email": "bob.w@provider.com",
    "password_hash": "sha1:-2943485423592944647",
    "ip_address": "192.168.1.176"
  },
  "timestamp": 1763840712.2758882
}
INFO:__main__:Sending to raw_ingestion: {
  "source_type": "surface_web",
  "url": "https://instagram.com/johndoe77",
  "raw_data": {
    "name": "John Doe",
    "username": "johndoe77",
    "bio": "Just a random bio for testing.",
    "location": "San Francisco, CA"
  },
  "timestamp": 1763840715.2760308
}
INFO:__main__:Sending to raw_ingestion: {
  "source_type": "deep_web",
  "dataset": "Collection #1",
  "raw_data": {
    "email": "bob.w@provider.com",
    "password_hash": "sha1:2728132408212846180",
    "ip_address": "192.168.1.221"
  },
  "timestamp": 1763840715.2761707
}
INFO:__main__:Sending to raw_ingestion: {
  "source_type": "surface_web",
  "url": "https://instagram.com/alicejohnson64",
  "raw_data": {
    "name": "Alice Johnson",
    "username": "alicejohnson64",
    "bio": "Just a random bio for testing.",
    "location": "San Francisco, CA"
  },
  "timestamp": 1763840718.2763634
}
INFO:__main__:Sending to raw_ingestion: {
  "source_type": "deep_web",
  "dataset": "Collection #1",
  "raw_data": {
    "email": "bob.w@provider.com",
    "password_hash": "sha1:-5088143581403502930",
    "ip_address": "192.168.1.134"
  },
  "timestamp": 1763840718.2764614
}
INFO:__main__:Sending to raw_ingestion: {
  "source_type": "surface_web",
  "url": "https://tiktok.com/alicejohnson53",
  "raw_data": {
    "name": "Alice Johnson",
    "username": "alicejohnson53",
    "bio": "Just a random bio for testing.",
    "location": "San Francisco, CA"
  },
  "timestamp": 1763840721.2766006
}
INFO:__main__:Sending to raw_ingestion: {
  "source_type": "deep_web",
  "dataset": "Collection #1",
  "raw_data": {
    "email": "bob.w@provider.com",
    "password_hash": "sha1:8955215528844269238",
    "ip_address": "192.168.1.44"
  },
  "timestamp": 1763840721.2767174
}
INFO:__main__:Sending to raw_ingestion: {
  "source_type": "surface_web",
  "url": "https://twitter.com/bobwilliams80",
  "raw_data": {
    "name": "Bob Williams",
    "username": "bobwilliams80",
    "bio": "Just a random bio for testing.",
    "location": "San Francisco, CA"
  },
  "timestamp": 1763840724.276896
}
INFO:__main__:Sending to raw_ingestion: {
  "source_type": "deep_web",
  "dataset": "Collection #1",
  "raw_data": {
    "email": "alice.j@company.net",
    "password_hash": "sha1:-2943485423592944647",
    "ip_address": "192.168.1.209"
  },
  "timestamp": 1763840724.27707
}
INFO:__main__:Sending to raw_ingestion: {
  "source_type": "surface_web",
  "url": "https://instagram.com/alicejohnson69",
  "raw_data": {
    "name": "Alice Johnson",
    "username": "alicejohnson69",
    "bio": "Just a random bio for testing.",
    "location": "San Francisco, CA"
  },
  "timestamp": 1763840727.2772262
}
INFO:__main__:Sending to raw_ingestion: {
  "source_type": "deep_web",
  "dataset": "Collection #1",
  "raw_data": {
    "email": "jane.s@test.org",
    "password_hash": "sha1:1450859526763802376",
    "ip_address": "192.168.1.169"
  },
  "timestamp": 1763840727.277375
}
INFO:__main__:Sending to raw_ingestion: {
  "source_type": "surface_web",
  "url": "https://instagram.com/evabrown10",
  "raw_data": {
    "name": "Eva Brown",
    "username": "evabrown10",
    "bio": "Just a random bio for testing.",
    "location": "San Francisco, CA"
  },
  "timestamp": 1763840730.277515
}
INFO:__main__:Sending to raw_ingestion: {
  "source_type": "deep_web",
  "dataset": "Collection #1",
  "raw_data": {
    "email": "bob.w@provider.com",
    "password_hash": "sha1:2728132408212846180",
    "ip_address": "192.168.1.8"
  },
  "timestamp": 1763840730.2776525
}
INFO:__main__:Sending to raw_ingestion: {
  "source_type": "surface_web",
  "url": "https://linkedin.com/janesmith22",
  "raw_data": {
    "name": "Jane Smith",
    "username": "janesmith22",
    "bio": "Just a random bio for testing.",
    "location": "San Francisco, CA"
  },
  "timestamp": 1763840733.278419
}
INFO:__main__:Sending to raw_ingestion: {
  "source_type": "deep_web",
  "dataset": "Collection #1",
  "raw_data": {
    "email": "jdoe@example.com",
    "password_hash": "sha1:-5088143581403502930",
    "ip_address": "192.168.1.81"
  },
  "timestamp": 1763840733.2785947
}
INFO:__main__:Sending to raw_ingestion: {
  "source_type": "surface_web",
  "url": "https://tiktok.com/johndoe20",
  "raw_data": {
    "name": "John Doe",
    "username": "johndoe20",
    "bio": "Just a random bio for testing.",
    "location": "San Francisco, CA"
  },
  "timestamp": 1763840736.278744
}
INFO:__main__:Sending to raw_ingestion: {
  "source_type": "deep_web",
  "dataset": "Collection #1",
  "raw_data": {
    "email": "bob.w@provider.com",
    "password_hash": "sha1:-5088143581403502930",
    "ip_address": "192.168.1.74"
  },
  "timestamp": 1763840736.278884
}
INFO:__main__:Sending to raw_ingestion: {
  "source_type": "surface_web",
  "url": "https://tiktok.com/johndoe60",
  "raw_data": {
    "name": "John Doe",
    "username": "johndoe60",
    "bio": "Just a random bio for testing.",
    "location": "San Francisco, CA"
  },
  "timestamp": 1763840739.2792084
}
INFO:__main__:Sending to raw_ingestion: {
  "source_type": "deep_web",
  "dataset": "Collection #1",
  "raw_data": {
    "email": "alice.j@company.net",
    "password_hash": "sha1:1450859526763802376",
    "ip_address": "192.168.1.172"
  },
  "timestamp": 1763840739.2794273
}
INFO:__main__:Sending to raw_ingestion: {
  "source_type": "surface_web",
  "url": "https://instagram.com/evabrown30",
  "raw_data": {
    "name": "Eva Brown",
    "username": "evabrown30",
    "bio": "Just a random bio for testing.",
    "location": "San Francisco, CA"
  },
  "timestamp": 1763840742.279781
}
INFO:__main__:Sending to raw_ingestion: {
  "source_type": "deep_web",
  "dataset": "Collection #1",
  "raw_data": {
    "email": "alice.j@company.net",
    "password_hash": "sha1:2728132408212846180",
    "ip_address": "192.168.1.219"
  },
  "timestamp": 1763840742.2799706
}
INFO:__main__:Sending to raw_ingestion: {
  "source_type": "surface_web",
  "url": "https://linkedin.com/alicejohnson80",
  "raw_data": {
    "name": "Alice Johnson",
    "username": "alicejohnson80",
    "bio": "Just a random bio for testing.",
    "location": "San Francisco, CA"
  },
  "timestamp": 1763840745.2801275
}
INFO:__main__:Sending to raw_ingestion: {
  "source_type": "deep_web",
  "dataset": "Collection #1",
  "raw_data": {
    "email": "jdoe@example.com",
    "password_hash": "sha1:-2943485423592944647",
    "ip_address": "192.168.1.44"
  },
  "timestamp": 1763840745.2804132
}
INFO:__main__:Sending to raw_ingestion: {
  "source_type": "surface_web",
  "url": "https://linkedin.com/janesmith29",
  "raw_data": {
    "name": "Jane Smith",
    "username": "janesmith29",
    "bio": "Just a random bio for testing.",
    "location": "San Francisco, CA"
  },
  "timestamp": 1763840748.2805555
}
INFO:__main__:Sending to raw_ingestion: {
  "source_type": "deep_web",
  "dataset": "Collection #1",
  "raw_data": {
    "email": "bob.w@provider.com",
    "password_hash": "sha1:-5088143581403502930",
    "ip_address": "192.168.1.215"
  },
  "timestamp": 1763840748.2807152
}
INFO:__main__:Sending to raw_ingestion: {
  "source_type": "surface_web",
  "url": "https://instagram.com/bobwilliams39",
  "raw_data": {
    "name": "Bob Williams",
    "username": "bobwilliams39",
    "bio": "Just a random bio for testing.",
    "location": "San Francisco, CA"
  },
  "timestamp": 1763840751.2809103
}
INFO:__main__:Sending to raw_ingestion: {
  "source_type": "deep_web",
  "dataset": "Collection #1",
  "raw_data": {
    "email": "alice.j@company.net",
    "password_hash": "sha1:-2943485423592944647",
    "ip_address": "192.168.1.97"
  },
  "timestamp": 1763840751.2811255
}
INFO:__main__:Sending to raw_ingestion: {
  "source_type": "surface_web",
  "url": "https://tiktok.com/janesmith25",
  "raw_data": {
    "name": "Jane Smith",
    "username": "janesmith25",
    "bio": "Just a random bio for testing.",
    "location": "San Francisco, CA"
  },
  "timestamp": 1763840754.281375
}
INFO:__main__:Sending to raw_ingestion: {
  "source_type": "deep_web",
  "dataset": "Collection #1",
  "raw_data": {
    "email": "bob.w@provider.com",
    "password_hash": "sha1:-5088143581403502930",
    "ip_address": "192.168.1.173"
  },
  "timestamp": 1763840754.2816236
}
INFO:__main__:Sending to raw_ingestion: {
  "source_type": "surface_web",
  "url": "https://tiktok.com/johndoe30",
  "raw_data": {
    "name": "John Doe",
    "username": "johndoe30",
    "bio": "Just a random bio for testing.",
    "location": "San Francisco, CA"
  },
  "timestamp": 1763840757.281801
}
INFO:__main__:Sending to raw_ingestion: {
  "source_type": "deep_web",
  "dataset": "Collection #1",
  "raw_data": {
    "email": "jane.s@test.org",
    "password_hash": "sha1:8955215528844269238",
    "ip_address": "192.168.1.129"
  },
  "timestamp": 1763840757.2820194
}
INFO:__main__:Sending to raw_ingestion: {
  "source_type": "surface_web",
  "url": "https://instagram.com/bobwilliams37",
  "raw_data": {
    "name": "Bob Williams",
    "username": "bobwilliams37",
    "bio": "Just a random bio for testing.",
    "location": "San Francisco, CA"
  },
  "timestamp": 1763840760.282201
}
INFO:__main__:Sending to raw_ingestion: {
  "source_type": "deep_web",
  "dataset": "Collection #1",
  "raw_data": {
    "email": "bob.w@provider.com",
    "password_hash": "sha1:-5088143581403502930",
    "ip_address": "192.168.1.87"
  },
  "timestamp": 1763840760.282384
}
INFO:__main__:Sending to raw_ingestion: {
  "source_type": "surface_web",
  "url": "https://instagram.com/michaelchen11",
  "raw_data": {
    "name": "Michael Chen",
    "username": "michaelchen11",
    "bio": "Just a random bio for testing.",
    "location": "San Francisco, CA"
  },
  "timestamp": 1763840763.2825427
}
INFO:__main__:Sending to raw_ingestion: {
  "source_type": "deep_web",
  "dataset": "Collection #1",
  "raw_data": {
    "email": "alice.j@company.net",
    "password_hash": "sha1:8955215528844269238",
    "ip_address": "192.168.1.188"
  },
  "timestamp": 1763840763.2827044
}
INFO:__main__:Sending to raw_ingestion: {
  "source_type": "surface_web",
  "url": "https://twitter.com/bobwilliams36",
  "raw_data": {
    "name": "Bob Williams",
    "username": "bobwilliams36",
    "bio": "Just a random bio for testing.",
    "location": "San Francisco, CA"
  },
  "timestamp": 1763840766.2830055
}
INFO:__main__:Sending to raw_ingestion: {
  "source_type": "deep_web",
  "dataset": "Collection #1",
  "raw_data": {
    "email": "jdoe@example.com",
    "password_hash": "sha1:1450859526763802376",
    "ip_address": "192.168.1.47"
  },
  "timestamp": 1763840766.2832205
}
INFO:__main__:Sending to raw_ingestion: {
  "source_type": "surface_web",
  "url": "https://twitter.com/michaelchen75",
  "raw_data": {
    "name": "Michael Chen",
    "username": "michaelchen75",
    "bio": "Just a random bio for testing.",
    "location": "San Francisco, CA"
  },
  "timestamp": 1763840769.2833977
}
INFO:__main__:Sending to raw_ingestion: {
  "source_type": "deep_web",
  "dataset": "Collection #1",
  "raw_data": {
    "email": "bob.w@provider.com",
    "password_hash": "sha1:8955215528844269238",
    "ip_address": "192.168.1.52"
  },
  "timestamp": 1763840769.2836008
}
INFO:__main__:Sending to raw_ingestion: {
  "source_type": "surface_web",
  "url": "https://twitter.com/evabrown27",
  "raw_data": {
    "name": "Eva Brown",
    "username": "evabrown27",
    "bio": "Just a random bio for testing.",
    "location": "San Francisco, CA"
  },
  "timestamp": 1763840772.2837737
}
INFO:__main__:Sending to raw_ingestion: {
  "source_type": "deep_web",
  "dataset": "Collection #1",
  "raw_data": {
    "email": "jane.s@test.org",
    "password_hash": "sha1:-2943485423592944647",
    "ip_address": "192.168.1.33"
  },
  "timestamp": 1763840772.2839603
}
INFO:__main__:Sending to raw_ingestion: {
  "source_type": "surface_web",
  "url": "https://instagram.com/alicejohnson97",
  "raw_data": {
    "name": "Alice Johnson",
    "username": "alicejohnson97",
    "bio": "Just a random bio for testing.",
    "location": "San Francisco, CA"
  },
  "timestamp": 1763840775.2841933
}
INFO:__main__:Sending to raw_ingestion: {
  "source_type": "deep_web",
  "dataset": "Collection #1",
  "raw_data": {
    "email": "jdoe@example.com",
    "password_hash": "sha1:1450859526763802376",
    "ip_address": "192.168.1.201"
  },
  "timestamp": 1763840775.2844005
}
INFO:__main__:Sending to raw_ingestion: {
  "source_type": "surface_web",
  "url": "https://instagram.com/bobwilliams70",
  "raw_data": {
    "name": "Bob Williams",
    "username": "bobwilliams70",
    "bio": "Just a random bio for testing.",
    "location": "San Francisco, CA"
  },
  "timestamp": 1763840778.2847128
}
INFO:__main__:Sending to raw_ingestion: {
  "source_type": "deep_web",
  "dataset": "Collection #1",
  "raw_data": {
    "email": "jane.s@test.org",
    "password_hash": "sha1:2728132408212846180",
    "ip_address": "192.168.1.171"
  },
  "timestamp": 1763840778.2848964
}
INFO:__main__:Sending to raw_ingestion: {
  "source_type": "surface_web",
  "url": "https://linkedin.com/michaelchen57",
  "raw_data": {
    "name": "Michael Chen",
    "username": "michaelchen57",
    "bio": "Just a random bio for testing.",
    "location": "San Francisco, CA"
  },
  "timestamp": 1763840781.285105
}
INFO:__main__:Sending to raw_ingestion: {
  "source_type": "deep_web",
  "dataset": "Collection #1",
  "raw_data": {
    "email": "jane.s@test.org",
    "password_hash": "sha1:-5088143581403502930",
    "ip_address": "192.168.1.180"
  },
  "timestamp": 1763840781.285389
}
INFO:__main__:Sending to raw_ingestion: {
  "source_type": "surface_web",
  "url": "https://linkedin.com/janesmith51",
  "raw_data": {
    "name": "Jane Smith",
    "username": "janesmith51",
    "bio": "Just a random bio for testing.",
    "location": "San Francisco, CA"
  },
  "timestamp": 1763840784.2856152
}
INFO:__main__:Sending to raw_ingestion: {
  "source_type": "deep_web",
  "dataset": "Collection #1",
  "raw_data": {
    "email": "alice.j@company.net",
    "password_hash": "sha1:8955215528844269238",
    "ip_address": "192.168.1.160"
  },
  "timestamp": 1763840784.2857654
}
INFO:__main__:Sending to raw_ingestion: {
  "source_type": "surface_web",
  "url": "https://twitter.com/michaelchen27",
  "raw_data": {
    "name": "Michael Chen",
    "username": "michaelchen27",
    "bio": "Just a random bio for testing.",
    "location": "San Francisco, CA"
  },
  "timestamp": 1763840787.2859972
}
INFO:__main__:Sending to raw_ingestion: {
  "source_type": "deep_web",
  "dataset": "Collection #1",
  "raw_data": {
    "email": "bob.w@provider.com",
    "password_hash": "sha1:2728132408212846180",
    "ip_address": "192.168.1.198"
  },
  "timestamp": 1763840787.2861698
}
INFO:__main__:Sending to raw_ingestion: {
  "source_type": "surface_web",
  "url": "https://linkedin.com/bobwilliams6",
  "raw_data": {
    "name": "Bob Williams",
    "username": "bobwilliams6",
    "bio": "Just a random bio for testing.",
    "location": "San Francisco, CA"
  },
  "timestamp": 1763840790.2863255
}
INFO:__main__:Sending to raw_ingestion: {
  "source_type": "deep_web",
  "dataset": "Collection #1",
  "raw_data": {
    "email": "jane.s@test.org",
    "password_hash": "sha1:1450859526763802376",
    "ip_address": "192.168.1.62"
  },
  "timestamp": 1763840790.2864711
}
INFO:__main__:Sending to raw_ingestion: {
  "source_type": "surface_web",
  "url": "https://linkedin.com/alicejohnson96",
  "raw_data": {
    "name": "Alice Johnson",
    "username": "alicejohnson96",
    "bio": "Just a random bio for testing.",
    "location": "San Francisco, CA"
  },
  "timestamp": 1763840793.2866907
}
INFO:__main__:Sending to raw_ingestion: {
  "source_type": "deep_web",
  "dataset": "Collection #1",
  "raw_data": {
    "email": "jane.s@test.org",
    "password_hash": "sha1:-5088143581403502930",
    "ip_address": "192.168.1.160"
  },
  "timestamp": 1763840793.2868745
}
INFO:__main__:Sending to raw_ingestion: {
  "source_type": "surface_web",
  "url": "https://tiktok.com/johndoe50",
  "raw_data": {
    "name": "John Doe",
    "username": "johndoe50",
    "bio": "Just a random bio for testing.",
    "location": "San Francisco, CA"
  },
  "timestamp": 1763840796.2870457
}
INFO:__main__:Sending to raw_ingestion: {
  "source_type": "deep_web",
  "dataset": "Collection #1",
  "raw_data": {
    "email": "alice.j@company.net",
    "password_hash": "sha1:-2943485423592944647",
    "ip_address": "192.168.1.10"
  },
  "timestamp": 1763840796.287174
}
INFO:__main__:Sending to raw_ingestion: {
  "source_type": "surface_web",
  "url": "https://twitter.com/michaelchen93",
  "raw_data": {
    "name": "Michael Chen",
    "username": "michaelchen93",
    "bio": "Just a random bio for testing.",
    "location": "San Francisco, CA"
  },
  "timestamp": 1763840799.2873225
}
INFO:__main__:Sending to raw_ingestion: {
  "source_type": "deep_web",
  "dataset": "Collection #1",
  "raw_data": {
    "email": "jdoe@example.com",
    "password_hash": "sha1:2728132408212846180",
    "ip_address": "192.168.1.195"
  },
  "timestamp": 1763840799.287439
}
INFO:__main__:Sending to raw_ingestion: {
  "source_type": "surface_web",
  "url": "https://linkedin.com/janesmith47",
  "raw_data": {
    "name": "Jane Smith",
    "username": "janesmith47",
    "bio": "Just a random bio for testing.",
    "location": "San Francisco, CA"
  },
  "timestamp": 1763840802.2877119
}
INFO:__main__:Sending to raw_ingestion: {
  "source_type": "deep_web",
  "dataset": "Collection #1",
  "raw_data": {
    "email": "jdoe@example.com",
    "password_hash": "sha1:-2943485423592944647",
    "ip_address": "192.168.1.145"
  },
  "timestamp": 1763840802.2878735
}
INFO:__main__:Sending to raw_ingestion: {
  "source_type": "surface_web",
  "url": "https://linkedin.com/michaelchen40",
  "raw_data": {
    "name": "Michael Chen",
    "username": "michaelchen40",
    "bio": "Just a random bio for testing.",
    "location": "San Francisco, CA"
  },
  "timestamp": 1763840805.2881722
}
INFO:__main__:Sending to raw_ingestion: {
  "source_type": "deep_web",
  "dataset": "Collection #1",
  "raw_data": {
    "email": "alice.j@company.net",
    "password_hash": "sha1:-5088143581403502930",
    "ip_address": "192.168.1.92"
  },
  "timestamp": 1763840805.2883291
}
INFO:__main__:Sending to raw_ingestion: {
  "source_type": "surface_web",
  "url": "https://tiktok.com/evabrown85",
  "raw_data": {
    "name": "Eva Brown",
    "username": "evabrown85",
    "bio": "Just a random bio for testing.",
    "location": "San Francisco, CA"
  },
  "timestamp": 1763840808.288607
}
INFO:__main__:Sending to raw_ingestion: {
  "source_type": "deep_web",
  "dataset": "Collection #1",
  "raw_data": {
    "email": "alice.j@company.net",
    "password_hash": "sha1:1450859526763802376",
    "ip_address": "192.168.1.157"
  },
  "timestamp": 1763840808.288798
}
INFO:__main__:Sending to raw_ingestion: {
  "source_type": "surface_web",
  "url": "https://twitter.com/alicejohnson36",
  "raw_data": {
    "name": "Alice Johnson",
    "username": "alicejohnson36",
    "bio": "Just a random bio for testing.",
    "location": "San Francisco, CA"
  },
  "timestamp": 1763840811.2890801
}
INFO:__main__:Sending to raw_ingestion: {
  "source_type": "deep_web",
  "dataset": "Collection #1",
  "raw_data": {
    "email": "jane.s@test.org",
    "password_hash": "sha1:-2943485423592944647",
    "ip_address": "192.168.1.65"
  },
  "timestamp": 1763840811.2892263
}
INFO:__main__:Sending to raw_ingestion: {
  "source_type": "surface_web",
  "url": "https://twitter.com/alicejohnson6",
  "raw_data": {
    "name": "Alice Johnson",
    "username": "alicejohnson6",
    "bio": "Just a random bio for testing.",
    "location": "San Francisco, CA"
  },
  "timestamp": 1763840814.289391
}
INFO:__main__:Sending to raw_ingestion: {
  "source_type": "deep_web",
  "dataset": "Collection #1",
  "raw_data": {
    "email": "jdoe@example.com",
    "password_hash": "sha1:1450859526763802376",
    "ip_address": "192.168.1.110"
  },
  "timestamp": 1763840814.2896152
}
INFO:__main__:Sending to raw_ingestion: {
  "source_type": "surface_web",
  "url": "https://tiktok.com/bobwilliams79",
  "raw_data": {
    "name": "Bob Williams",
    "username": "bobwilliams79",
    "bio": "Just a random bio for testing.",
    "location": "San Francisco, CA"
  },
  "timestamp": 1763840817.2898216
}
INFO:__main__:Sending to raw_ingestion: {
  "source_type": "deep_web",
  "dataset": "Collection #1",
  "raw_data": {
    "email": "jdoe@example.com",
    "password_hash": "sha1:1450859526763802376",
    "ip_address": "192.168.1.100"
  },
  "timestamp": 1763840817.290175
}
INFO:__main__:Sending to raw_ingestion: {
  "source_type": "surface_web",
  "url": "https://twitter.com/bobwilliams73",
  "raw_data": {
    "name": "Bob Williams",
    "username": "bobwilliams73",
    "bio": "Just a random bio for testing.",
    "location": "San Francisco, CA"
  },
  "timestamp": 1763840820.2903597
}
INFO:__main__:Sending to raw_ingestion: {
  "source_type": "deep_web",
  "dataset": "Collection #1",
  "raw_data": {
    "email": "jdoe@example.com",
    "password_hash": "sha1:-2943485423592944647",
    "ip_address": "192.168.1.51"
  },
  "timestamp": 1763840820.2905924
}
INFO:__main__:Sending to raw_ingestion: {
  "source_type": "surface_web",
  "url": "https://tiktok.com/janesmith2",
  "raw_data": {
    "name": "Jane Smith",
    "username": "janesmith2",
    "bio": "Just a random bio for testing.",
    "location": "San Francisco, CA"
  },
  "timestamp": 1763840823.2907896
}
INFO:__main__:Sending to raw_ingestion: {
  "source_type": "deep_web",
  "dataset": "Collection #1",
  "raw_data": {
    "email": "jane.s@test.org",
    "password_hash": "sha1:8955215528844269238",
    "ip_address": "192.168.1.161"
  },
  "timestamp": 1763840823.2909691
}
INFO:__main__:Sending to raw_ingestion: {
  "source_type": "surface_web",
  "url": "https://twitter.com/bobwilliams8",
  "raw_data": {
    "name": "Bob Williams",
    "username": "bobwilliams8",
    "bio": "Just a random bio for testing.",
    "location": "San Francisco, CA"
  },
  "timestamp": 1763840826.2911408
}
INFO:__main__:Sending to raw_ingestion: {
  "source_type": "deep_web",
  "dataset": "Collection #1",
  "raw_data": {
    "email": "alice.j@company.net",
    "password_hash": "sha1:-5088143581403502930",
    "ip_address": "192.168.1.124"
  },
  "timestamp": 1763840826.2912955
}
INFO:__main__:Sending to raw_ingestion: {
  "source_type": "surface_web",
  "url": "https://twitter.com/johndoe64",
  "raw_data": {
    "name": "John Doe",
    "username": "johndoe64",
    "bio": "Just a random bio for testing.",
    "location": "San Francisco, CA"
  },
  "timestamp": 1763840829.2914743
}
INFO:__main__:Sending to raw_ingestion: {
  "source_type": "deep_web",
  "dataset": "Collection #1",
  "raw_data": {
    "email": "jdoe@example.com",
    "password_hash": "sha1:1450859526763802376",
    "ip_address": "192.168.1.136"
  },
  "timestamp": 1763840829.2916906
}
INFO:__main__:Sending to raw_ingestion: {
  "source_type": "surface_web",
  "url": "https://twitter.com/michaelchen6",
  "raw_data": {
    "name": "Michael Chen",
    "username": "michaelchen6",
    "bio": "Just a random bio for testing.",
    "location": "San Francisco, CA"
  },
  "timestamp": 1763840832.2918744
}
INFO:__main__:Sending to raw_ingestion: {
  "source_type": "deep_web",
  "dataset": "Collection #1",
  "raw_data": {
    "email": "jdoe@example.com",
    "password_hash": "sha1:-2943485423592944647",
    "ip_address": "192.168.1.108"
  },
  "timestamp": 1763840832.2920744
}
INFO:__main__:Sending to raw_ingestion: {
  "source_type": "surface_web",
  "url": "https://linkedin.com/johndoe94",
  "raw_data": {
    "name": "John Doe",
    "username": "johndoe94",
    "bio": "Just a random bio for testing.",
    "location": "San Francisco, CA"
  },
  "timestamp": 1763840835.2922754
}
INFO:__main__:Sending to raw_ingestion: {
  "source_type": "deep_web",
  "dataset": "Collection #1",
  "raw_data": {
    "email": "jane.s@test.org",
    "password_hash": "sha1:1450859526763802376",
    "ip_address": "192.168.1.227"
  },
  "timestamp": 1763840835.2924106
}
INFO:__main__:Sending to raw_ingestion: {
  "source_type": "surface_web",
  "url": "https://tiktok.com/janesmith36",
  "raw_data": {
    "name": "Jane Smith",
    "username": "janesmith36",
    "bio": "Just a random bio for testing.",
    "location": "San Francisco, CA"
  },
  "timestamp": 1763840838.2925663
}
INFO:__main__:Sending to raw_ingestion: {
  "source_type": "deep_web",
  "dataset": "Collection #1",
  "raw_data": {
    "email": "jane.s@test.org",
    "password_hash": "sha1:-5088143581403502930",
    "ip_address": "192.168.1.233"
  },
  "timestamp": 1763840838.2927308
}
INFO:__main__:Sending to raw_ingestion: {
  "source_type": "surface_web",
  "url": "https://linkedin.com/evabrown29",
  "raw_data": {
    "name": "Eva Brown",
    "username": "evabrown29",
    "bio": "Just a random bio for testing.",
    "location": "San Francisco, CA"
  },
  "timestamp": 1763840841.2929325
}
INFO:__main__:Sending to raw_ingestion: {
  "source_type": "deep_web",
  "dataset": "Collection #1",
  "raw_data": {
    "email": "bob.w@provider.com",
    "password_hash": "sha1:-5088143581403502930",
    "ip_address": "192.168.1.172"
  },
  "timestamp": 1763840841.2931287
}
INFO:__main__:Sending to raw_ingestion: {
  "source_type": "surface_web",
  "url": "https://tiktok.com/johndoe13",
  "raw_data": {
    "name": "John Doe",
    "username": "johndoe13",
    "bio": "Just a random bio for testing.",
    "location": "San Francisco, CA"
  },
  "timestamp": 1763840844.293266
}
INFO:__main__:Sending to raw_ingestion: {
  "source_type": "deep_web",
  "dataset": "Collection #1",
  "raw_data": {
    "email": "alice.j@company.net",
    "password_hash": "sha1:-2943485423592944647",
    "ip_address": "192.168.1.105"
  },
  "timestamp": 1763840844.2933667
}
INFO:__main__:Sending to raw_ingestion: {
  "source_type": "surface_web",
  "url": "https://twitter.com/janesmith23",
  "raw_data": {
    "name": "Jane Smith",
    "username": "janesmith23",
    "bio": "Just a random bio for testing.",
    "location": "San Francisco, CA"
  },
  "timestamp": 1763840847.2935395
}
INFO:__main__:Sending to raw_ingestion: {
  "source_type": "deep_web",
  "dataset": "Collection #1",
  "raw_data": {
    "email": "bob.w@provider.com",
    "password_hash": "sha1:-5088143581403502930",
    "ip_address": "192.168.1.237"
  },
  "timestamp": 1763840847.293707
}
INFO:__main__:Sending to raw_ingestion: {
  "source_type": "surface_web",
  "url": "https://instagram.com/janesmith38",
  "raw_data": {
    "name": "Jane Smith",
    "username": "janesmith38",
    "bio": "Just a random bio for testing.",
    "location": "San Francisco, CA"
  },
  "timestamp": 1763840850.293863
}
INFO:__main__:Sending to raw_ingestion: {
  "source_type": "deep_web",
  "dataset": "Collection #1",
  "raw_data": {
    "email": "jane.s@test.org",
    "password_hash": "sha1:-2943485423592944647",
    "ip_address": "192.168.1.251"
  },
  "timestamp": 1763840850.2940493
}
INFO:__main__:Sending to raw_ingestion: {
  "source_type": "surface_web",
  "url": "https://twitter.com/evabrown26",
  "raw_data": {
    "name": "Eva Brown",
    "username": "evabrown26",
    "bio": "Just a random bio for testing.",
    "location": "San Francisco, CA"
  },
  "timestamp": 1763840853.2942145
}
INFO:__main__:Sending to raw_ingestion: {
  "source_type": "deep_web",
  "dataset": "Collection #1",
  "raw_data": {
    "email": "jane.s@test.org",
    "password_hash": "sha1:-5088143581403502930",
    "ip_address": "192.168.1.133"
  },
  "timestamp": 1763840853.294546
}
INFO:__main__:Sending to raw_ingestion: {
  "source_type": "surface_web",
  "url": "https://linkedin.com/michaelchen71",
  "raw_data": {
    "name": "Michael Chen",
    "username": "michaelchen71",
    "bio": "Just a random bio for testing.",
    "location": "San Francisco, CA"
  },
  "timestamp": 1763840856.2949524
}
INFO:__main__:Sending to raw_ingestion: {
  "source_type": "deep_web",
  "dataset": "Collection #1",
  "raw_data": {
    "email": "bob.w@provider.com",
    "password_hash": "sha1:1450859526763802376",
    "ip_address": "192.168.1.20"
  },
  "timestamp": 1763840856.2951279
}
INFO:__main__:Sending to raw_ingestion: {
  "source_type": "surface_web",
  "url": "https://twitter.com/bobwilliams97",
  "raw_data": {
    "name": "Bob Williams",
    "username": "bobwilliams97",
    "bio": "Just a random bio for testing.",
    "location": "San Francisco, CA"
  },
  "timestamp": 1763840859.2952754
}
INFO:__main__:Sending to raw_ingestion: {
  "source_type": "deep_web",
  "dataset": "Collection #1",
  "raw_data": {
    "email": "bob.w@provider.com",
    "password_hash": "sha1:1450859526763802376",
    "ip_address": "192.168.1.26"
  },
  "timestamp": 1763840859.2954938
}
INFO:__main__:Sending to raw_ingestion: {
  "source_type": "surface_web",
  "url": "https://linkedin.com/janesmith64",
  "raw_data": {
    "name": "Jane Smith",
    "username": "janesmith64",
    "bio": "Just a random bio for testing.",
    "location": "San Francisco, CA"
  },
  "timestamp": 1763840862.2956562
}
INFO:__main__:Sending to raw_ingestion: {
  "source_type": "deep_web",
  "dataset": "Collection #1",
  "raw_data": {
    "email": "bob.w@provider.com",
    "password_hash": "sha1:1450859526763802376",
    "ip_address": "192.168.1.178"
  },
  "timestamp": 1763840862.2958677
}
INFO:__main__:Sending to raw_ingestion: {
  "source_type": "surface_web",
  "url": "https://instagram.com/evabrown36",
  "raw_data": {
    "name": "Eva Brown",
    "username": "evabrown36",
    "bio": "Just a random bio for testing.",
    "location": "San Francisco, CA"
  },
  "timestamp": 1763840865.2960236
}
INFO:__main__:Sending to raw_ingestion: {
  "source_type": "deep_web",
  "dataset": "Collection #1",
  "raw_data": {
    "email": "jdoe@example.com",
    "password_hash": "sha1:-5088143581403502930",
    "ip_address": "192.168.1.110"
  },
  "timestamp": 1763840865.2962177
}
INFO:__main__:Sending to raw_ingestion: {
  "source_type": "surface_web",
  "url": "https://linkedin.com/johndoe31",
  "raw_data": {
    "name": "John Doe",
    "username": "johndoe31",
    "bio": "Just a random bio for testing.",
    "location": "San Francisco, CA"
  },
  "timestamp": 1763840868.2964833
}
INFO:__main__:Sending to raw_ingestion: {
  "source_type": "deep_web",
  "dataset": "Collection #1",
  "raw_data": {
    "email": "jane.s@test.org",
    "password_hash": "sha1:-5088143581403502930",
    "ip_address": "192.168.1.241"
  },
  "timestamp": 1763840868.296705
}
INFO:__main__:Sending to raw_ingestion: {
  "source_type": "surface_web",
  "url": "https://instagram.com/johndoe98",
  "raw_data": {
    "name": "John Doe",
    "username": "johndoe98",
    "bio": "Just a random bio for testing.",
    "location": "San Francisco, CA"
  },
  "timestamp": 1763840871.2968688
}
INFO:__main__:Sending to raw_ingestion: {
  "source_type": "deep_web",
  "dataset": "Collection #1",
  "raw_data": {
    "email": "jdoe@example.com",
    "password_hash": "sha1:8955215528844269238",
    "ip_address": "192.168.1.169"
  },
  "timestamp": 1763840871.2970638
}
INFO:__main__:Sending to raw_ingestion: {
  "source_type": "surface_web",
  "url": "https://tiktok.com/alicejohnson84",
  "raw_data": {
    "name": "Alice Johnson",
    "username": "alicejohnson84",
    "bio": "Just a random bio for testing.",
    "location": "San Francisco, CA"
  },
  "timestamp": 1763840874.2972414
}
INFO:__main__:Sending to raw_ingestion: {
  "source_type": "deep_web",
  "dataset": "Collection #1",
  "raw_data": {
    "email": "jdoe@example.com",
    "password_hash": "sha1:2728132408212846180",
    "ip_address": "192.168.1.24"
  },
  "timestamp": 1763840874.2973614
}
INFO:__main__:Sending to raw_ingestion: {
  "source_type": "surface_web",
  "url": "https://tiktok.com/bobwilliams22",
  "raw_data": {
    "name": "Bob Williams",
    "username": "bobwilliams22",
    "bio": "Just a random bio for testing.",
    "location": "San Francisco, CA"
  },
  "timestamp": 1763840877.2976427
}
INFO:__main__:Sending to raw_ingestion: {
  "source_type": "deep_web",
  "dataset": "Collection #1",
  "raw_data": {
    "email": "bob.w@provider.com",
    "password_hash": "sha1:-5088143581403502930",
    "ip_address": "192.168.1.106"
  },
  "timestamp": 1763840877.2977846
}
INFO:__main__:Sending to raw_ingestion: {
  "source_type": "surface_web",
  "url": "https://instagram.com/michaelchen10",
  "raw_data": {
    "name": "Michael Chen",
    "username": "michaelchen10",
    "bio": "Just a random bio for testing.",
    "location": "San Francisco, CA"
  },
  "timestamp": 1763840880.2980595
}
INFO:__main__:Sending to raw_ingestion: {
  "source_type": "deep_web",
  "dataset": "Collection #1",
  "raw_data": {
    "email": "jdoe@example.com",
    "password_hash": "sha1:1450859526763802376",
    "ip_address": "192.168.1.116"
  },
  "timestamp": 1763840880.2982419
}
INFO:__main__:Sending to raw_ingestion: {
  "source_type": "surface_web",
  "url": "https://linkedin.com/johndoe44",
  "raw_data": {
    "name": "John Doe",
    "username": "johndoe44",
    "bio": "Just a random bio for testing.",
    "location": "San Francisco, CA"
  },
  "timestamp": 1763840883.298398
}
INFO:__main__:Sending to raw_ingestion: {
  "source_type": "deep_web",
  "dataset": "Collection #1",
  "raw_data": {
    "email": "jdoe@example.com",
    "password_hash": "sha1:8955215528844269238",
    "ip_address": "192.168.1.172"
  },
  "timestamp": 1763840883.2985842
}
INFO:__main__:Sending to raw_ingestion: {
  "source_type": "surface_web",
  "url": "https://tiktok.com/janesmith36",
  "raw_data": {
    "name": "Jane Smith",
    "username": "janesmith36",
    "bio": "Just a random bio for testing.",
    "location": "San Francisco, CA"
  },
  "timestamp": 1763840886.2987912
}
INFO:__main__:Sending to raw_ingestion: {
  "source_type": "deep_web",
  "dataset": "Collection #1",
  "raw_data": {
    "email": "jane.s@test.org",
    "password_hash": "sha1:2728132408212846180",
    "ip_address": "192.168.1.203"
  },
  "timestamp": 1763840886.2989855
}
INFO:__main__:Sending to raw_ingestion: {
  "source_type": "surface_web",
  "url": "https://instagram.com/alicejohnson21",
  "raw_data": {
    "name": "Alice Johnson",
    "username": "alicejohnson21",
    "bio": "Just a random bio for testing.",
    "location": "San Francisco, CA"
  },
  "timestamp": 1763840889.2992156
}
INFO:__main__:Sending to raw_ingestion: {
  "source_type": "deep_web",
  "dataset": "Collection #1",
  "raw_data": {
    "email": "bob.w@provider.com",
    "password_hash": "sha1:2728132408212846180",
    "ip_address": "192.168.1.107"
  },
  "timestamp": 1763840889.2994983
}
INFO:__main__:Sending to raw_ingestion: {
  "source_type": "surface_web",
  "url": "https://instagram.com/bobwilliams67",
  "raw_data": {
    "name": "Bob Williams",
    "username": "bobwilliams67",
    "bio": "Just a random bio for testing.",
    "location": "San Francisco, CA"
  },
  "timestamp": 1763840892.2997904
}
INFO:__main__:Sending to raw_ingestion: {
  "source_type": "deep_web",
  "dataset": "Collection #1",
  "raw_data": {
    "email": "jdoe@example.com",
    "password_hash": "sha1:-5088143581403502930",
    "ip_address": "192.168.1.216"
  },
  "timestamp": 1763840892.3000166
}
INFO:__main__:Sending to raw_ingestion: {
  "source_type": "surface_web",
  "url": "https://tiktok.com/alicejohnson82",
  "raw_data": {
    "name": "Alice Johnson",
    "username": "alicejohnson82",
    "bio": "Just a random bio for testing.",
    "location": "San Francisco, CA"
  },
  "timestamp": 1763840895.3001823
}
INFO:__main__:Sending to raw_ingestion: {
  "source_type": "deep_web",
  "dataset": "Collection #1",
  "raw_data": {
    "email": "alice.j@company.net",
    "password_hash": "sha1:1450859526763802376",
    "ip_address": "192.168.1.174"
  },
  "timestamp": 1763840895.3003356
}
INFO:__main__:Sending to raw_ingestion: {
  "source_type": "surface_web",
  "url": "https://twitter.com/bobwilliams23",
  "raw_data": {
    "name": "Bob Williams",
    "username": "bobwilliams23",
    "bio": "Just a random bio for testing.",
    "location": "San Francisco, CA"
  },
  "timestamp": 1763840898.3006153
}
INFO:__main__:Sending to raw_ingestion: {
  "source_type": "deep_web",
  "dataset": "Collection #1",
  "raw_data": {
    "email": "jdoe@example.com",
    "password_hash": "sha1:2728132408212846180",
    "ip_address": "192.168.1.233"
  },
  "timestamp": 1763840898.3008218
}
INFO:__main__:Sending to raw_ingestion: {
  "source_type": "surface_web",
  "url": "https://linkedin.com/johndoe85",
  "raw_data": {
    "name": "John Doe",
    "username": "johndoe85",
    "bio": "Just a random bio for testing.",
    "location": "San Francisco, CA"
  },
  "timestamp": 1763840901.3011935
}
INFO:__main__:Sending to raw_ingestion: {
  "source_type": "deep_web",
  "dataset": "Collection #1",
  "raw_data": {
    "email": "bob.w@provider.com",
    "password_hash": "sha1:-5088143581403502930",
    "ip_address": "192.168.1.162"
  },
  "timestamp": 1763840901.3014152
}
INFO:__main__:Sending to raw_ingestion: {
  "source_type": "surface_web",
  "url": "https://instagram.com/johndoe53",
  "raw_data": {
    "name": "John Doe",
    "username": "johndoe53",
    "bio": "Just a random bio for testing.",
    "location": "San Francisco, CA"
  },
  "timestamp": 1763840904.3017309
}
INFO:__main__:Sending to raw_ingestion: {
  "source_type": "deep_web",
  "dataset": "Collection #1",
  "raw_data": {
    "email": "jdoe@example.com",
    "password_hash": "sha1:1450859526763802376",
    "ip_address": "192.168.1.242"
  },
  "timestamp": 1763840904.3019736
}
INFO:__main__:Sending to raw_ingestion: {
  "source_type": "surface_web",
  "url": "https://tiktok.com/alicejohnson80",
  "raw_data": {
    "name": "Alice Johnson",
    "username": "alicejohnson80",
    "bio": "Just a random bio for testing.",
    "location": "San Francisco, CA"
  },
  "timestamp": 1763840907.302151
}
INFO:__main__:Sending to raw_ingestion: {
  "source_type": "deep_web",
  "dataset": "Collection #1",
  "raw_data": {
    "email": "jdoe@example.com",
    "password_hash": "sha1:2728132408212846180",
    "ip_address": "192.168.1.214"
  },
  "timestamp": 1763840907.30235
}
INFO:__main__:Sending to raw_ingestion: {
  "source_type": "surface_web",
  "url": "https://tiktok.com/bobwilliams80",
  "raw_data": {
    "name": "Bob Williams",
    "username": "bobwilliams80",
    "bio": "Just a random bio for testing.",
    "location": "San Francisco, CA"
  },
  "timestamp": 1763840910.3025293
}
INFO:__main__:Sending to raw_ingestion: {
  "source_type": "deep_web",
  "dataset": "Collection #1",
  "raw_data": {
    "email": "jdoe@example.com",
    "password_hash": "sha1:1450859526763802376",
    "ip_address": "192.168.1.182"
  },
  "timestamp": 1763840910.3027465
}
INFO:__main__:Sending to raw_ingestion: {
  "source_type": "surface_web",
  "url": "https://tiktok.com/janesmith86",
  "raw_data": {
    "name": "Jane Smith",
    "username": "janesmith86",
    "bio": "Just a random bio for testing.",
    "location": "San Francisco, CA"
  },
  "timestamp": 1763840913.3030775
}
INFO:__main__:Sending to raw_ingestion: {
  "source_type": "deep_web",
  "dataset": "Collection #1",
  "raw_data": {
    "email": "alice.j@company.net",
    "password_hash": "sha1:-2943485423592944647",
    "ip_address": "192.168.1.27"
  },
  "timestamp": 1763840913.3033206
}
INFO:__main__:Sending to raw_ingestion: {
  "source_type": "surface_web",
  "url": "https://tiktok.com/bobwilliams94",
  "raw_data": {
    "name": "Bob Williams",
    "username": "bobwilliams94",
    "bio": "Just a random bio for testing.",
    "location": "San Francisco, CA"
  },
  "timestamp": 1763840916.3035152
}
INFO:__main__:Sending to raw_ingestion: {
  "source_type": "deep_web",
  "dataset": "Collection #1",
  "raw_data": {
    "email": "bob.w@provider.com",
    "password_hash": "sha1:-5088143581403502930",
    "ip_address": "192.168.1.212"
  },
  "timestamp": 1763840916.3037367
}
INFO:__main__:Sending to raw_ingestion: {
  "source_type": "surface_web",
  "url": "https://instagram.com/evabrown93",
  "raw_data": {
    "name": "Eva Brown",
    "username": "evabrown93",
    "bio": "Just a random bio for testing.",
    "location": "San Francisco, CA"
  },
  "timestamp": 1763840919.3039024
}
INFO:__main__:Sending to raw_ingestion: {
  "source_type": "deep_web",
  "dataset": "Collection #1",
  "raw_data": {
    "email": "jdoe@example.com",
    "password_hash": "sha1:-2943485423592944647",
    "ip_address": "192.168.1.186"
  },
  "timestamp": 1763840919.3041074
}
INFO:__main__:Sending to raw_ingestion: {
  "source_type": "surface_web",
  "url": "https://tiktok.com/bobwilliams66",
  "raw_data": {
    "name": "Bob Williams",
    "username": "bobwilliams66",
    "bio": "Just a random bio for testing.",
    "location": "San Francisco, CA"
  },
  "timestamp": 1763840922.3042667
}
INFO:__main__:Sending to raw_ingestion: {
  "source_type": "deep_web",
  "dataset": "Collection #1",
  "raw_data": {
    "email": "jdoe@example.com",
    "password_hash": "sha1:2728132408212846180",
    "ip_address": "192.168.1.208"
  },
  "timestamp": 1763840922.304505
}
INFO:__main__:Sending to raw_ingestion: {
  "source_type": "surface_web",
  "url": "https://twitter.com/evabrown59",
  "raw_data": {
    "name": "Eva Brown",
    "username": "evabrown59",
    "bio": "Just a random bio for testing.",
    "location": "San Francisco, CA"
  },
  "timestamp": 1763840925.304699
}
INFO:__main__:Sending to raw_ingestion: {
  "source_type": "deep_web",
  "dataset": "Collection #1",
  "raw_data": {
    "email": "jane.s@test.org",
    "password_hash": "sha1:2728132408212846180",
    "ip_address": "192.168.1.25"
  },
  "timestamp": 1763840925.3051136
}
INFO:__main__:Sending to raw_ingestion: {
  "source_type": "surface_web",
  "url": "https://twitter.com/bobwilliams9",
  "raw_data": {
    "name": "Bob Williams",
    "username": "bobwilliams9",
    "bio": "Just a random bio for testing.",
    "location": "San Francisco, CA"
  },
  "timestamp": 1763840928.3052468
}
INFO:__main__:Sending to raw_ingestion: {
  "source_type": "deep_web",
  "dataset": "Collection #1",
  "raw_data": {
    "email": "bob.w@provider.com",
    "password_hash": "sha1:1450859526763802376",
    "ip_address": "192.168.1.81"
  },
  "timestamp": 1763840928.3053741
}
INFO:__main__:Sending to raw_ingestion: {
  "source_type": "surface_web",
  "url": "https://linkedin.com/michaelchen22",
  "raw_data": {
    "name": "Michael Chen",
    "username": "michaelchen22",
    "bio": "Just a random bio for testing.",
    "location": "San Francisco, CA"
  },
  "timestamp": 1763840931.3055258
}
INFO:__main__:Sending to raw_ingestion: {
  "source_type": "deep_web",
  "dataset": "Collection #1",
  "raw_data": {
    "email": "jane.s@test.org",
    "password_hash": "sha1:-2943485423592944647",
    "ip_address": "192.168.1.151"
  },
  "timestamp": 1763840931.305678
}
INFO:__main__:Sending to raw_ingestion: {
  "source_type": "surface_web",
  "url": "https://linkedin.com/janesmith99",
  "raw_data": {
    "name": "Jane Smith",
    "username": "janesmith99",
    "bio": "Just a random bio for testing.",
    "location": "San Francisco, CA"
  },
  "timestamp": 1763840934.3058197
}
INFO:__main__:Sending to raw_ingestion: {
  "source_type": "deep_web",
  "dataset": "Collection #1",
  "raw_data": {
    "email": "jane.s@test.org",
    "password_hash": "sha1:1450859526763802376",
    "ip_address": "192.168.1.206"
  },
  "timestamp": 1763840934.3059614
}
INFO:__main__:Sending to raw_ingestion: {
  "source_type": "surface_web",
  "url": "https://tiktok.com/johndoe11",
  "raw_data": {
    "name": "John Doe",
    "username": "johndoe11",
    "bio": "Just a random bio for testing.",
    "location": "San Francisco, CA"
  },
  "timestamp": 1763840937.3061585
}
INFO:__main__:Sending to raw_ingestion: {
  "source_type": "deep_web",
  "dataset": "Collection #1",
  "raw_data": {
    "email": "alice.j@company.net",
    "password_hash": "sha1:1450859526763802376",
    "ip_address": "192.168.1.80"
  },
  "timestamp": 1763840937.3062873
}
INFO:__main__:Sending to raw_ingestion: {
  "source_type": "surface_web",
  "url": "https://instagram.com/bobwilliams24",
  "raw_data": {
    "name": "Bob Williams",
    "username": "bobwilliams24",
    "bio": "Just a random bio for testing.",
    "location": "San Francisco, CA"
  },
  "timestamp": 1763840940.3064342
}
INFO:__main__:Sending to raw_ingestion: {
  "source_type": "deep_web",
  "dataset": "Collection #1",
  "raw_data": {
    "email": "alice.j@company.net",
    "password_hash": "sha1:8955215528844269238",
    "ip_address": "192.168.1.13"
  },
  "timestamp": 1763840940.3065417
}
INFO:__main__:Sending to raw_ingestion: {
  "source_type": "surface_web",
  "url": "https://tiktok.com/janesmith7",
  "raw_data": {
    "name": "Jane Smith",
    "username": "janesmith7",
    "bio": "Just a random bio for testing.",
    "location": "San Francisco, CA"
  },
  "timestamp": 1763840943.3068147
}
INFO:__main__:Sending to raw_ingestion: {
  "source_type": "deep_web",
  "dataset": "Collection #1",
  "raw_data": {
    "email": "jdoe@example.com",
    "password_hash": "sha1:2728132408212846180",
    "ip_address": "192.168.1.204"
  },
  "timestamp": 1763840943.306915
}
INFO:__main__:Sending to raw_ingestion: {
  "source_type": "surface_web",
  "url": "https://instagram.com/michaelchen75",
  "raw_data": {
    "name": "Michael Chen",
    "username": "michaelchen75",
    "bio": "Just a random bio for testing.",
    "location": "San Francisco, CA"
  },
  "timestamp": 1763840946.3071673
}
INFO:__main__:Sending to raw_ingestion: {
  "source_type": "deep_web",
  "dataset": "Collection #1",
  "raw_data": {
    "email": "bob.w@provider.com",
    "password_hash": "sha1:-2943485423592944647",
    "ip_address": "192.168.1.164"
  },
  "timestamp": 1763840946.3072703
}
INFO:__main__:Sending to raw_ingestion: {
  "source_type": "surface_web",
  "url": "https://instagram.com/evabrown59",
  "raw_data": {
    "name": "Eva Brown",
    "username": "evabrown59",
    "bio": "Just a random bio for testing.",
    "location": "San Francisco, CA"
  },
  "timestamp": 1763840949.3074114
}
INFO:__main__:Sending to raw_ingestion: {
  "source_type": "deep_web",
  "dataset": "Collection #1",
  "raw_data": {
    "email": "alice.j@company.net",
    "password_hash": "sha1:1450859526763802376",
    "ip_address": "192.168.1.233"
  },
  "timestamp": 1763840949.3075192
}
INFO:__main__:Sending to raw_ingestion: {
  "source_type": "surface_web",
  "url": "https://tiktok.com/michaelchen62",
  "raw_data": {
    "name": "Michael Chen",
    "username": "michaelchen62",
    "bio": "Just a random bio for testing.",
    "location": "San Francisco, CA"
  },
  "timestamp": 1763840952.3076668
}
INFO:__main__:Sending to raw_ingestion: {
  "source_type": "deep_web",
  "dataset": "Collection #1",
  "raw_data": {
    "email": "jane.s@test.org",
    "password_hash": "sha1:8955215528844269238",
    "ip_address": "192.168.1.218"
  },
  "timestamp": 1763840952.3077729
}
INFO:__main__:Sending to raw_ingestion: {
  "source_type": "surface_web",
  "url": "https://instagram.com/alicejohnson44",
  "raw_data": {
    "name": "Alice Johnson",
    "username": "alicejohnson44",
    "bio": "Just a random bio for testing.",
    "location": "San Francisco, CA"
  },
  "timestamp": 1763840955.3079681
}
INFO:__main__:Sending to raw_ingestion: {
  "source_type": "deep_web",
  "dataset": "Collection #1",
  "raw_data": {
    "email": "bob.w@provider.com",
    "password_hash": "sha1:8955215528844269238",
    "ip_address": "192.168.1.70"
  },
  "timestamp": 1763840955.308068
}
INFO:__main__:Sending to raw_ingestion: {
  "source_type": "surface_web",
  "url": "https://tiktok.com/evabrown79",
  "raw_data": {
    "name": "Eva Brown",
    "username": "evabrown79",
    "bio": "Just a random bio for testing.",
    "location": "San Francisco, CA"
  },
  "timestamp": 1763840958.308234
}
INFO:__main__:Sending to raw_ingestion: {
  "source_type": "deep_web",
  "dataset": "Collection #1",
  "raw_data": {
    "email": "jdoe@example.com",
    "password_hash": "sha1:-2943485423592944647",
    "ip_address": "192.168.1.62"
  },
  "timestamp": 1763840958.3083396
}
INFO:__main__:Sending to raw_ingestion: {
  "source_type": "surface_web",
  "url": "https://linkedin.com/evabrown22",
  "raw_data": {
    "name": "Eva Brown",
    "username": "evabrown22",
    "bio": "Just a random bio for testing.",
    "location": "San Francisco, CA"
  },
  "timestamp": 1763840961.3084834
}
INFO:__main__:Sending to raw_ingestion: {
  "source_type": "deep_web",
  "dataset": "Collection #1",
  "raw_data": {
    "email": "bob.w@provider.com",
    "password_hash": "sha1:-5088143581403502930",
    "ip_address": "192.168.1.136"
  },
  "timestamp": 1763840961.3086753
}
INFO:__main__:Sending to raw_ingestion: {
  "source_type": "surface_web",
  "url": "https://twitter.com/janesmith37",
  "raw_data": {
    "name": "Jane Smith",
    "username": "janesmith37",
    "bio": "Just a random bio for testing.",
    "location": "San Francisco, CA"
  },
  "timestamp": 1763840964.3088174
}
INFO:__main__:Sending to raw_ingestion: {
  "source_type": "deep_web",
  "dataset": "Collection #1",
  "raw_data": {
    "email": "jane.s@test.org",
    "password_hash": "sha1:8955215528844269238",
    "ip_address": "192.168.1.162"
  },
  "timestamp": 1763840964.30895
}
INFO:__main__:Sending to raw_ingestion: {
  "source_type": "surface_web",
  "url": "https://linkedin.com/johndoe46",
  "raw_data": {
    "name": "John Doe",
    "username": "johndoe46",
    "bio": "Just a random bio for testing.",
    "location": "San Francisco, CA"
  },
  "timestamp": 1763840967.3091214
}
INFO:__main__:Sending to raw_ingestion: {
  "source_type": "deep_web",
  "dataset": "Collection #1",
  "raw_data": {
    "email": "jdoe@example.com",
    "password_hash": "sha1:2728132408212846180",
    "ip_address": "192.168.1.30"
  },
  "timestamp": 1763840967.3092158
}
INFO:__main__:Sending to raw_ingestion: {
  "source_type": "surface_web",
  "url": "https://linkedin.com/johndoe89",
  "raw_data": {
    "name": "John Doe",
    "username": "johndoe89",
    "bio": "Just a random bio for testing.",
    "location": "San Francisco, CA"
  },
  "timestamp": 1763840970.309351
}
INFO:__main__:Sending to raw_ingestion: {
  "source_type": "deep_web",
  "dataset": "Collection #1",
  "raw_data": {
    "email": "bob.w@provider.com",
    "password_hash": "sha1:1450859526763802376",
    "ip_address": "192.168.1.175"
  },
  "timestamp": 1763840970.309449
}
INFO:__main__:Sending to raw_ingestion: {
  "source_type": "surface_web",
  "url": "https://linkedin.com/alicejohnson40",
  "raw_data": {
    "name": "Alice Johnson",
    "username": "alicejohnson40",
    "bio": "Just a random bio for testing.",
    "location": "San Francisco, CA"
  },
  "timestamp": 1763840973.3095615
}
INFO:__main__:Sending to raw_ingestion: {
  "source_type": "deep_web",
  "dataset": "Collection #1",
  "raw_data": {
    "email": "alice.j@company.net",
    "password_hash": "sha1:1450859526763802376",
    "ip_address": "192.168.1.172"
  },
  "timestamp": 1763840973.3096824
}
INFO:__main__:Sending to raw_ingestion: {
  "source_type": "surface_web",
  "url": "https://twitter.com/alicejohnson78",
  "raw_data": {
    "name": "Alice Johnson",
    "username": "alicejohnson78",
    "bio": "Just a random bio for testing.",
    "location": "San Francisco, CA"
  },
  "timestamp": 1763840976.3098097
}
INFO:__main__:Sending to raw_ingestion: {
  "source_type": "deep_web",
  "dataset": "Collection #1",
  "raw_data": {
    "email": "bob.w@provider.com",
    "password_hash": "sha1:2728132408212846180",
    "ip_address": "192.168.1.97"
  },
  "timestamp": 1763840976.3099573
}
INFO:__main__:Sending to raw_ingestion: {
  "source_type": "surface_web",
  "url": "https://twitter.com/michaelchen94",
  "raw_data": {
    "name": "Michael Chen",
    "username": "michaelchen94",
    "bio": "Just a random bio for testing.",
    "location": "San Francisco, CA"
  },
  "timestamp": 1763840979.310104
}
INFO:__main__:Sending to raw_ingestion: {
  "source_type": "deep_web",
  "dataset": "Collection #1",
  "raw_data": {
    "email": "bob.w@provider.com",
    "password_hash": "sha1:2728132408212846180",
    "ip_address": "192.168.1.142"
  },
  "timestamp": 1763840979.3102508
}
INFO:__main__:Sending to raw_ingestion: {
  "source_type": "surface_web",
  "url": "https://instagram.com/evabrown23",
  "raw_data": {
    "name": "Eva Brown",
    "username": "evabrown23",
    "bio": "Just a random bio for testing.",
    "location": "San Francisco, CA"
  },
  "timestamp": 1763840982.3104057
}
INFO:__main__:Sending to raw_ingestion: {
  "source_type": "deep_web",
  "dataset": "Collection #1",
  "raw_data": {
    "email": "alice.j@company.net",
    "password_hash": "sha1:1450859526763802376",
    "ip_address": "192.168.1.59"
  },
  "timestamp": 1763840982.3105507
}
INFO:__main__:Sending to raw_ingestion: {
  "source_type": "surface_web",
  "url": "https://tiktok.com/janesmith41",
  "raw_data": {
    "name": "Jane Smith",
    "username": "janesmith41",
    "bio": "Just a random bio for testing.",
    "location": "San Francisco, CA"
  },
  "timestamp": 1763840985.3106787
}
INFO:__main__:Sending to raw_ingestion: {
  "source_type": "deep_web",
  "dataset": "Collection #1",
  "raw_data": {
    "email": "bob.w@provider.com",
    "password_hash": "sha1:8955215528844269238",
    "ip_address": "192.168.1.196"
  },
  "timestamp": 1763840985.3107789
}
INFO:__main__:Sending to raw_ingestion: {
  "source_type": "surface_web",
  "url": "https://tiktok.com/michaelchen62",
  "raw_data": {
    "name": "Michael Chen",
    "username": "michaelchen62",
    "bio": "Just a random bio for testing.",
    "location": "San Francisco, CA"
  },
  "timestamp": 1763840988.3109708
}
INFO:__main__:Sending to raw_ingestion: {
  "source_type": "deep_web",
  "dataset": "Collection #1",
  "raw_data": {
    "email": "bob.w@provider.com",
    "password_hash": "sha1:1450859526763802376",
    "ip_address": "192.168.1.137"
  },
  "timestamp": 1763840988.3111396
}
INFO:__main__:Sending to raw_ingestion: {
  "source_type": "surface_web",
  "url": "https://tiktok.com/johndoe2",
  "raw_data": {
    "name": "John Doe",
    "username": "johndoe2",
    "bio": "Just a random bio for testing.",
    "location": "San Francisco, CA"
  },
  "timestamp": 1763840991.311321
}
INFO:__main__:Sending to raw_ingestion: {
  "source_type": "deep_web",
  "dataset": "Collection #1",
  "raw_data": {
    "email": "bob.w@provider.com",
    "password_hash": "sha1:2728132408212846180",
    "ip_address": "192.168.1.76"
  },
  "timestamp": 1763840991.3115227
}
INFO:__main__:Sending to raw_ingestion: {
  "source_type": "surface_web",
  "url": "https://twitter.com/michaelchen34",
  "raw_data": {
    "name": "Michael Chen",
    "username": "michaelchen34",
    "bio": "Just a random bio for testing.",
    "location": "San Francisco, CA"
  },
  "timestamp": 1763840994.3117163
}
INFO:__main__:Sending to raw_ingestion: {
  "source_type": "deep_web",
  "dataset": "Collection #1",
  "raw_data": {
    "email": "bob.w@provider.com",
    "password_hash": "sha1:1450859526763802376",
    "ip_address": "192.168.1.78"
  },
  "timestamp": 1763840994.311983
}
INFO:__main__:Sending to raw_ingestion: {
  "source_type": "surface_web",
  "url": "https://instagram.com/evabrown37",
  "raw_data": {
    "name": "Eva Brown",
    "username": "evabrown37",
    "bio": "Just a random bio for testing.",
    "location": "San Francisco, CA"
  },
  "timestamp": 1763840997.3122246
}
INFO:__main__:Sending to raw_ingestion: {
  "source_type": "deep_web",
  "dataset": "Collection #1",
  "raw_data": {
    "email": "bob.w@provider.com",
    "password_hash": "sha1:2728132408212846180",
    "ip_address": "192.168.1.19"
  },
  "timestamp": 1763840997.3126864
}
INFO:__main__:Sending to raw_ingestion: {
  "source_type": "surface_web",
  "url": "https://instagram.com/michaelchen92",
  "raw_data": {
    "name": "Michael Chen",
    "username": "michaelchen92",
    "bio": "Just a random bio for testing.",
    "location": "San Francisco, CA"
  },
  "timestamp": 1763841000.313118
}
INFO:__main__:Sending to raw_ingestion: {
  "source_type": "deep_web",
  "dataset": "Collection #1",
  "raw_data": {
    "email": "bob.w@provider.com",
    "password_hash": "sha1:2728132408212846180",
    "ip_address": "192.168.1.244"
  },
  "timestamp": 1763841000.3133526
}
INFO:__main__:Sending to raw_ingestion: {
  "source_type": "surface_web",
  "url": "https://tiktok.com/johndoe55",
  "raw_data": {
    "name": "John Doe",
    "username": "johndoe55",
    "bio": "Just a random bio for testing.",
    "location": "San Francisco, CA"
  },
  "timestamp": 1763841003.3135111
}
INFO:__main__:Sending to raw_ingestion: {
  "source_type": "deep_web",
  "dataset": "Collection #1",
  "raw_data": {
    "email": "alice.j@company.net",
    "password_hash": "sha1:1450859526763802376",
    "ip_address": "192.168.1.24"
  },
  "timestamp": 1763841003.3136666
}
INFO:__main__:Sending to raw_ingestion: {
  "source_type": "surface_web",
  "url": "https://twitter.com/michaelchen63",
  "raw_data": {
    "name": "Michael Chen",
    "username": "michaelchen63",
    "bio": "Just a random bio for testing.",
    "location": "San Francisco, CA"
  },
  "timestamp": 1763841006.3138325
}
INFO:__main__:Sending to raw_ingestion: {
  "source_type": "deep_web",
  "dataset": "Collection #1",
  "raw_data": {
    "email": "alice.j@company.net",
    "password_hash": "sha1:-2943485423592944647",
    "ip_address": "192.168.1.199"
  },
  "timestamp": 1763841006.3140523
}
INFO:__main__:Sending to raw_ingestion: {
  "source_type": "surface_web",
  "url": "https://tiktok.com/evabrown23",
  "raw_data": {
    "name": "Eva Brown",
    "username": "evabrown23",
    "bio": "Just a random bio for testing.",
    "location": "San Francisco, CA"
  },
  "timestamp": 1763841009.3142593
}
INFO:__main__:Sending to raw_ingestion: {
  "source_type": "deep_web",
  "dataset": "Collection #1",
  "raw_data": {
    "email": "jdoe@example.com",
    "password_hash": "sha1:8955215528844269238",
    "ip_address": "192.168.1.191"
  },
  "timestamp": 1763841009.314545
}
INFO:__main__:Sending to raw_ingestion: {
  "source_type": "surface_web",
  "url": "https://tiktok.com/michaelchen89",
  "raw_data": {
    "name": "Michael Chen",
    "username": "michaelchen89",
    "bio": "Just a random bio for testing.",
    "location": "San Francisco, CA"
  },
  "timestamp": 1763841012.314712
}
INFO:__main__:Sending to raw_ingestion: {
  "source_type": "deep_web",
  "dataset": "Collection #1",
  "raw_data": {
    "email": "jdoe@example.com",
    "password_hash": "sha1:-5088143581403502930",
    "ip_address": "192.168.1.116"
  },
  "timestamp": 1763841012.314885
}
INFO:__main__:Sending to raw_ingestion: {
  "source_type": "surface_web",
  "url": "https://tiktok.com/janesmith51",
  "raw_data": {
    "name": "Jane Smith",
    "username": "janesmith51",
    "bio": "Just a random bio for testing.",
    "location": "San Francisco, CA"
  },
  "timestamp": 1763841015.3150897
}
INFO:__main__:Sending to raw_ingestion: {
  "source_type": "deep_web",
  "dataset": "Collection #1",
  "raw_data": {
    "email": "alice.j@company.net",
    "password_hash": "sha1:8955215528844269238",
    "ip_address": "192.168.1.129"
  },
  "timestamp": 1763841015.315315
}
INFO:__main__:Sending to raw_ingestion: {
  "source_type": "surface_web",
  "url": "https://linkedin.com/bobwilliams30",
  "raw_data": {
    "name": "Bob Williams",
    "username": "bobwilliams30",
    "bio": "Just a random bio for testing.",
    "location": "San Francisco, CA"
  },
  "timestamp": 1763841018.3155088
}
INFO:__main__:Sending to raw_ingestion: {
  "source_type": "deep_web",
  "dataset": "Collection #1",
  "raw_data": {
    "email": "alice.j@company.net",
    "password_hash": "sha1:-5088143581403502930",
    "ip_address": "192.168.1.199"
  },
  "timestamp": 1763841018.3157375
}
INFO:__main__:Sending to raw_ingestion: {
  "source_type": "surface_web",
  "url": "https://linkedin.com/alicejohnson60",
  "raw_data": {
    "name": "Alice Johnson",
    "username": "alicejohnson60",
    "bio": "Just a random bio for testing.",
    "location": "San Francisco, CA"
  },
  "timestamp": 1763841021.3159058
}
INFO:__main__:Sending to raw_ingestion: {
  "source_type": "deep_web",
  "dataset": "Collection #1",
  "raw_data": {
    "email": "jdoe@example.com",
    "password_hash": "sha1:8955215528844269238",
    "ip_address": "192.168.1.112"
  },
  "timestamp": 1763841021.3161192
}
INFO:__main__:Sending to raw_ingestion: {
  "source_type": "surface_web",
  "url": "https://instagram.com/michaelchen90",
  "raw_data": {
    "name": "Michael Chen",
    "username": "michaelchen90",
    "bio": "Just a random bio for testing.",
    "location": "San Francisco, CA"
  },
  "timestamp": 1763841024.3164315
}
INFO:__main__:Sending to raw_ingestion: {
  "source_type": "deep_web",
  "dataset": "Collection #1",
  "raw_data": {
    "email": "jane.s@test.org",
    "password_hash": "sha1:8955215528844269238",
    "ip_address": "192.168.1.100"
  },
  "timestamp": 1763841024.316607
}
INFO:__main__:Sending to raw_ingestion: {
  "source_type": "surface_web",
  "url": "https://twitter.com/janesmith68",
  "raw_data": {
    "name": "Jane Smith",
    "username": "janesmith68",
    "bio": "Just a random bio for testing.",
    "location": "San Francisco, CA"
  },
  "timestamp": 1763841027.3167844
}
INFO:__main__:Sending to raw_ingestion: {
  "source_type": "deep_web",
  "dataset": "Collection #1",
  "raw_data": {
    "email": "jane.s@test.org",
    "password_hash": "sha1:1450859526763802376",
    "ip_address": "192.168.1.2"
  },
  "timestamp": 1763841027.316985
}
INFO:__main__:Sending to raw_ingestion: {
  "source_type": "surface_web",
  "url": "https://twitter.com/bobwilliams53",
  "raw_data": {
    "name": "Bob Williams",
    "username": "bobwilliams53",
    "bio": "Just a random bio for testing.",
    "location": "San Francisco, CA"
  },
  "timestamp": 1763841030.3172562
}
INFO:__main__:Sending to raw_ingestion: {
  "source_type": "deep_web",
  "dataset": "Collection #1",
  "raw_data": {
    "email": "jane.s@test.org",
    "password_hash": "sha1:8955215528844269238",
    "ip_address": "192.168.1.129"
  },
  "timestamp": 1763841030.3174307
}
INFO:__main__:Sending to raw_ingestion: {
  "source_type": "surface_web",
  "url": "https://instagram.com/evabrown79",
  "raw_data": {
    "name": "Eva Brown",
    "username": "evabrown79",
    "bio": "Just a random bio for testing.",
    "location": "San Francisco, CA"
  },
  "timestamp": 1763841033.3175936
}
INFO:__main__:Sending to raw_ingestion: {
  "source_type": "deep_web",
  "dataset": "Collection #1",
  "raw_data": {
    "email": "jane.s@test.org",
    "password_hash": "sha1:-2943485423592944647",
    "ip_address": "192.168.1.163"
  },
  "timestamp": 1763841033.3178678
}
INFO:__main__:Sending to raw_ingestion: {
  "source_type": "surface_web",
  "url": "https://instagram.com/michaelchen98",
  "raw_data": {
    "name": "Michael Chen",
    "username": "michaelchen98",
    "bio": "Just a random bio for testing.",
    "location": "San Francisco, CA"
  },
  "timestamp": 1763841036.318024
}
INFO:__main__:Sending to raw_ingestion: {
  "source_type": "deep_web",
  "dataset": "Collection #1",
  "raw_data": {
    "email": "alice.j@company.net",
    "password_hash": "sha1:-2943485423592944647",
    "ip_address": "192.168.1.38"
  },
  "timestamp": 1763841036.318174
}
INFO:__main__:Sending to raw_ingestion: {
  "source_type": "surface_web",
  "url": "https://twitter.com/michaelchen47",
  "raw_data": {
    "name": "Michael Chen",
    "username": "michaelchen47",
    "bio": "Just a random bio for testing.",
    "location": "San Francisco, CA"
  },
  "timestamp": 1763841039.3184137
}
INFO:__main__:Sending to raw_ingestion: {
  "source_type": "deep_web",
  "dataset": "Collection #1",
  "raw_data": {
    "email": "jane.s@test.org",
    "password_hash": "sha1:2728132408212846180",
    "ip_address": "192.168.1.16"
  },
  "timestamp": 1763841039.3185568
}
INFO:__main__:Sending to raw_ingestion: {
  "source_type": "surface_web",
  "url": "https://instagram.com/michaelchen92",
  "raw_data": {
    "name": "Michael Chen",
    "username": "michaelchen92",
    "bio": "Just a random bio for testing.",
    "location": "San Francisco, CA"
  },
  "timestamp": 1763841042.3186867
}
INFO:__main__:Sending to raw_ingestion: {
  "source_type": "deep_web",
  "dataset": "Collection #1",
  "raw_data": {
    "email": "alice.j@company.net",
    "password_hash": "sha1:-5088143581403502930",
    "ip_address": "192.168.1.18"
  },
  "timestamp": 1763841042.318815
}
INFO:__main__:Sending to raw_ingestion: {
  "source_type": "surface_web",
  "url": "https://tiktok.com/michaelchen10",
  "raw_data": {
    "name": "Michael Chen",
    "username": "michaelchen10",
    "bio": "Just a random bio for testing.",
    "location": "San Francisco, CA"
  },
  "timestamp": 1763841045.3189645
}
INFO:__main__:Sending to raw_ingestion: {
  "source_type": "deep_web",
  "dataset": "Collection #1",
  "raw_data": {
    "email": "jdoe@example.com",
    "password_hash": "sha1:2728132408212846180",
    "ip_address": "192.168.1.64"
  },
  "timestamp": 1763841045.3190906
}
INFO:__main__:Sending to raw_ingestion: {
  "source_type": "surface_web",
  "url": "https://tiktok.com/janesmith29",
  "raw_data": {
    "name": "Jane Smith",
    "username": "janesmith29",
    "bio": "Just a random bio for testing.",
    "location": "San Francisco, CA"
  },
  "timestamp": 1763841048.3192432
}
INFO:__main__:Sending to raw_ingestion: {
  "source_type": "deep_web",
  "dataset": "Collection #1",
  "raw_data": {
    "email": "bob.w@provider.com",
    "password_hash": "sha1:-5088143581403502930",
    "ip_address": "192.168.1.221"
  },
  "timestamp": 1763841048.3194077
}
INFO:__main__:Sending to raw_ingestion: {
  "source_type": "surface_web",
  "url": "https://instagram.com/alicejohnson73",
  "raw_data": {
    "name": "Alice Johnson",
    "username": "alicejohnson73",
    "bio": "Just a random bio for testing.",
    "location": "San Francisco, CA"
  },
  "timestamp": 1763841051.3196871
}
INFO:__main__:Sending to raw_ingestion: {
  "source_type": "deep_web",
  "dataset": "Collection #1",
  "raw_data": {
    "email": "bob.w@provider.com",
    "password_hash": "sha1:8955215528844269238",
    "ip_address": "192.168.1.148"
  },
  "timestamp": 1763841051.3198428
}
INFO:__main__:Sending to raw_ingestion: {
  "source_type": "surface_web",
  "url": "https://linkedin.com/michaelchen81",
  "raw_data": {
    "name": "Michael Chen",
    "username": "michaelchen81",
    "bio": "Just a random bio for testing.",
    "location": "San Francisco, CA"
  },
  "timestamp": 1763841054.3199894
}
INFO:__main__:Sending to raw_ingestion: {
  "source_type": "deep_web",
  "dataset": "Collection #1",
  "raw_data": {
    "email": "alice.j@company.net",
    "password_hash": "sha1:2728132408212846180",
    "ip_address": "192.168.1.188"
  },
  "timestamp": 1763841054.3201687
}
INFO:__main__:Sending to raw_ingestion: {
  "source_type": "surface_web",
  "url": "https://twitter.com/johndoe99",
  "raw_data": {
    "name": "John Doe",
    "username": "johndoe99",
    "bio": "Just a random bio for testing.",
    "location": "San Francisco, CA"
  },
  "timestamp": 1763841057.3203573
}
INFO:__main__:Sending to raw_ingestion: {
  "source_type": "deep_web",
  "dataset": "Collection #1",
  "raw_data": {
    "email": "jane.s@test.org",
    "password_hash": "sha1:2728132408212846180",
    "ip_address": "192.168.1.217"
  },
  "timestamp": 1763841057.3205926
}
INFO:__main__:Sending to raw_ingestion: {
  "source_type": "surface_web",
  "url": "https://instagram.com/janesmith68",
  "raw_data": {
    "name": "Jane Smith",
    "username": "janesmith68",
    "bio": "Just a random bio for testing.",
    "location": "San Francisco, CA"
  },
  "timestamp": 1763841060.3207648
}
INFO:__main__:Sending to raw_ingestion: {
  "source_type": "deep_web",
  "dataset": "Collection #1",
  "raw_data": {
    "email": "alice.j@company.net",
    "password_hash": "sha1:1450859526763802376",
    "ip_address": "192.168.1.58"
  },
  "timestamp": 1763841060.3209372
}
INFO:__main__:Sending to raw_ingestion: {
  "source_type": "surface_web",
  "url": "https://tiktok.com/janesmith22",
  "raw_data": {
    "name": "Jane Smith",
    "username": "janesmith22",
    "bio": "Just a random bio for testing.",
    "location": "San Francisco, CA"
  },
  "timestamp": 1763841063.3211584
}
INFO:__main__:Sending to raw_ingestion: {
  "source_type": "deep_web",
  "dataset": "Collection #1",
  "raw_data": {
    "email": "alice.j@company.net",
    "password_hash": "sha1:1450859526763802376",
    "ip_address": "192.168.1.125"
  },
  "timestamp": 1763841063.3212779
}
INFO:__main__:Sending to raw_ingestion: {
  "source_type": "surface_web",
  "url": "https://twitter.com/bobwilliams62",
  "raw_data": {
    "name": "Bob Williams",
    "username": "bobwilliams62",
    "bio": "Just a random bio for testing.",
    "location": "San Francisco, CA"
  },
  "timestamp": 1763841066.3214324
}
INFO:__main__:Sending to raw_ingestion: {
  "source_type": "deep_web",
  "dataset": "Collection #1",
  "raw_data": {
    "email": "alice.j@company.net",
    "password_hash": "sha1:-5088143581403502930",
    "ip_address": "192.168.1.81"
  },
  "timestamp": 1763841066.321559
}
INFO:__main__:Sending to raw_ingestion: {
  "source_type": "surface_web",
  "url": "https://twitter.com/evabrown73",
  "raw_data": {
    "name": "Eva Brown",
    "username": "evabrown73",
    "bio": "Just a random bio for testing.",
    "location": "San Francisco, CA"
  },
  "timestamp": 1763841069.3217874
}
INFO:__main__:Sending to raw_ingestion: {
  "source_type": "deep_web",
  "dataset": "Collection #1",
  "raw_data": {
    "email": "bob.w@provider.com",
    "password_hash": "sha1:1450859526763802376",
    "ip_address": "192.168.1.151"
  },
  "timestamp": 1763841069.3221047
}
INFO:__main__:Sending to raw_ingestion: {
  "source_type": "surface_web",
  "url": "https://twitter.com/johndoe10",
  "raw_data": {
    "name": "John Doe",
    "username": "johndoe10",
    "bio": "Just a random bio for testing.",
    "location": "San Francisco, CA"
  },
  "timestamp": 1763841072.3222702
}
INFO:__main__:Sending to raw_ingestion: {
  "source_type": "deep_web",
  "dataset": "Collection #1",
  "raw_data": {
    "email": "jane.s@test.org",
    "password_hash": "sha1:2728132408212846180",
    "ip_address": "192.168.1.117"
  },
  "timestamp": 1763841072.3224156
}
INFO:__main__:Sending to raw_ingestion: {
  "source_type": "surface_web",
  "url": "https://tiktok.com/alicejohnson87",
  "raw_data": {
    "name": "Alice Johnson",
    "username": "alicejohnson87",
    "bio": "Just a random bio for testing.",
    "location": "San Francisco, CA"
  },
  "timestamp": 1763841075.322664
}
INFO:__main__:Sending to raw_ingestion: {
  "source_type": "deep_web",
  "dataset": "Collection #1",
  "raw_data": {
    "email": "jdoe@example.com",
    "password_hash": "sha1:1450859526763802376",
    "ip_address": "192.168.1.159"
  },
  "timestamp": 1763841075.3227794
}
INFO:__main__:Sending to raw_ingestion: {
  "source_type": "surface_web",
  "url": "https://tiktok.com/michaelchen29",
  "raw_data": {
    "name": "Michael Chen",
    "username": "michaelchen29",
    "bio": "Just a random bio for testing.",
    "location": "San Francisco, CA"
  },
  "timestamp": 1763841078.3229673
}
INFO:__main__:Sending to raw_ingestion: {
  "source_type": "deep_web",
  "dataset": "Collection #1",
  "raw_data": {
    "email": "bob.w@provider.com",
    "password_hash": "sha1:2728132408212846180",
    "ip_address": "192.168.1.170"
  },
  "timestamp": 1763841078.3230736
}
INFO:__main__:Sending to raw_ingestion: {
  "source_type": "surface_web",
  "url": "https://linkedin.com/johndoe67",
  "raw_data": {
    "name": "John Doe",
    "username": "johndoe67",
    "bio": "Just a random bio for testing.",
    "location": "San Francisco, CA"
  },
  "timestamp": 1763841081.3233232
}
INFO:__main__:Sending to raw_ingestion: {
  "source_type": "deep_web",
  "dataset": "Collection #1",
  "raw_data": {
    "email": "alice.j@company.net",
    "password_hash": "sha1:8955215528844269238",
    "ip_address": "192.168.1.18"
  },
  "timestamp": 1763841081.323508
}
INFO:__main__:Sending to raw_ingestion: {
  "source_type": "surface_web",
  "url": "https://instagram.com/alicejohnson26",
  "raw_data": {
    "name": "Alice Johnson",
    "username": "alicejohnson26",
    "bio": "Just a random bio for testing.",
    "location": "San Francisco, CA"
  },
  "timestamp": 1763841084.3237522
}
INFO:__main__:Sending to raw_ingestion: {
  "source_type": "deep_web",
  "dataset": "Collection #1",
  "raw_data": {
    "email": "bob.w@provider.com",
    "password_hash": "sha1:8955215528844269238",
    "ip_address": "192.168.1.4"
  },
  "timestamp": 1763841084.3238895
}
INFO:__main__:Sending to raw_ingestion: {
  "source_type": "surface_web",
  "url": "https://instagram.com/janesmith8",
  "raw_data": {
    "name": "Jane Smith",
    "username": "janesmith8",
    "bio": "Just a random bio for testing.",
    "location": "San Francisco, CA"
  },
  "timestamp": 1763841087.324044
}
INFO:__main__:Sending to raw_ingestion: {
  "source_type": "deep_web",
  "dataset": "Collection #1",
  "raw_data": {
    "email": "jane.s@test.org",
    "password_hash": "sha1:1450859526763802376",
    "ip_address": "192.168.1.97"
  },
  "timestamp": 1763841087.324172
}
INFO:__main__:Sending to raw_ingestion: {
  "source_type": "surface_web",
  "url": "https://twitter.com/janesmith26",
  "raw_data": {
    "name": "Jane Smith",
    "username": "janesmith26",
    "bio": "Just a random bio for testing.",
    "location": "San Francisco, CA"
  },
  "timestamp": 1763841090.324305
}
INFO:__main__:Sending to raw_ingestion: {
  "source_type": "deep_web",
  "dataset": "Collection #1",
  "raw_data": {
    "email": "alice.j@company.net",
    "password_hash": "sha1:-5088143581403502930",
    "ip_address": "192.168.1.93"
  },
  "timestamp": 1763841090.324488
}
INFO:__main__:Sending to raw_ingestion: {
  "source_type": "surface_web",
  "url": "https://tiktok.com/michaelchen29",
  "raw_data": {
    "name": "Michael Chen",
    "username": "michaelchen29",
    "bio": "Just a random bio for testing.",
    "location": "San Francisco, CA"
  },
  "timestamp": 1763841093.3246796
}
INFO:__main__:Sending to raw_ingestion: {
  "source_type": "deep_web",
  "dataset": "Collection #1",
  "raw_data": {
    "email": "alice.j@company.net",
    "password_hash": "sha1:-2943485423592944647",
    "ip_address": "192.168.1.18"
  },
  "timestamp": 1763841093.324894
}
INFO:__main__:Sending to raw_ingestion: {
  "source_type": "surface_web",
  "url": "https://linkedin.com/bobwilliams21",
  "raw_data": {
    "name": "Bob Williams",
    "username": "bobwilliams21",
    "bio": "Just a random bio for testing.",
    "location": "San Francisco, CA"
  },
  "timestamp": 1763841096.3250823
}
INFO:__main__:Sending to raw_ingestion: {
  "source_type": "deep_web",
  "dataset": "Collection #1",
  "raw_data": {
    "email": "alice.j@company.net",
    "password_hash": "sha1:1450859526763802376",
    "ip_address": "192.168.1.71"
  },
  "timestamp": 1763841096.3252883
}
INFO:__main__:Sending to raw_ingestion: {
  "source_type": "surface_web",
  "url": "https://instagram.com/alicejohnson60",
  "raw_data": {
    "name": "Alice Johnson",
    "username": "alicejohnson60",
    "bio": "Just a random bio for testing.",
    "location": "San Francisco, CA"
  },
  "timestamp": 1763841099.3254528
}
INFO:__main__:Sending to raw_ingestion: {
  "source_type": "deep_web",
  "dataset": "Collection #1",
  "raw_data": {
    "email": "jdoe@example.com",
    "password_hash": "sha1:-2943485423592944647",
    "ip_address": "192.168.1.170"
  },
  "timestamp": 1763841099.32571
}
INFO:__main__:Sending to raw_ingestion: {
  "source_type": "surface_web",
  "url": "https://twitter.com/johndoe65",
  "raw_data": {
    "name": "John Doe",
    "username": "johndoe65",
    "bio": "Just a random bio for testing.",
    "location": "San Francisco, CA"
  },
  "timestamp": 1763841102.3258908
}
INFO:__main__:Sending to raw_ingestion: {
  "source_type": "deep_web",
  "dataset": "Collection #1",
  "raw_data": {
    "email": "jdoe@example.com",
    "password_hash": "sha1:-5088143581403502930",
    "ip_address": "192.168.1.105"
  },
  "timestamp": 1763841102.3261487
}
INFO:__main__:Sending to raw_ingestion: {
  "source_type": "surface_web",
  "url": "https://tiktok.com/michaelchen61",
  "raw_data": {
    "name": "Michael Chen",
    "username": "michaelchen61",
    "bio": "Just a random bio for testing.",
    "location": "San Francisco, CA"
  },
  "timestamp": 1763841105.3264349
}
INFO:__main__:Sending to raw_ingestion: {
  "source_type": "deep_web",
  "dataset": "Collection #1",
  "raw_data": {
    "email": "jdoe@example.com",
    "password_hash": "sha1:8955215528844269238",
    "ip_address": "192.168.1.121"
  },
  "timestamp": 1763841105.3267577
}
INFO:__main__:Sending to raw_ingestion: {
  "source_type": "surface_web",
  "url": "https://twitter.com/alicejohnson16",
  "raw_data": {
    "name": "Alice Johnson",
    "username": "alicejohnson16",
    "bio": "Just a random bio for testing.",
    "location": "San Francisco, CA"
  },
  "timestamp": 1763841108.326942
}
INFO:__main__:Sending to raw_ingestion: {
  "source_type": "deep_web",
  "dataset": "Collection #1",
  "raw_data": {
    "email": "jdoe@example.com",
    "password_hash": "sha1:2728132408212846180",
    "ip_address": "192.168.1.187"
  },
  "timestamp": 1763841108.3271587
}
INFO:__main__:Sending to raw_ingestion: {
  "source_type": "surface_web",
  "url": "https://linkedin.com/johndoe26",
  "raw_data": {
    "name": "John Doe",
    "username": "johndoe26",
    "bio": "Just a random bio for testing.",
    "location": "San Francisco, CA"
  },
  "timestamp": 1763841111.327316
}
INFO:__main__:Sending to raw_ingestion: {
  "source_type": "deep_web",
  "dataset": "Collection #1",
  "raw_data": {
    "email": "bob.w@provider.com",
    "password_hash": "sha1:1450859526763802376",
    "ip_address": "192.168.1.39"
  },
  "timestamp": 1763841111.3274841
}
INFO:__main__:Sending to raw_ingestion: {
  "source_type": "surface_web",
  "url": "https://linkedin.com/michaelchen6",
  "raw_data": {
    "name": "Michael Chen",
    "username": "michaelchen6",
    "bio": "Just a random bio for testing.",
    "location": "San Francisco, CA"
  },
  "timestamp": 1763841114.327631
}
INFO:__main__:Sending to raw_ingestion: {
  "source_type": "deep_web",
  "dataset": "Collection #1",
  "raw_data": {
    "email": "jane.s@test.org",
    "password_hash": "sha1:-5088143581403502930",
    "ip_address": "192.168.1.136"
  },
  "timestamp": 1763841114.327792
}
INFO:__main__:Sending to raw_ingestion: {
  "source_type": "surface_web",
  "url": "https://instagram.com/alicejohnson21",
  "raw_data": {
    "name": "Alice Johnson",
    "username": "alicejohnson21",
    "bio": "Just a random bio for testing.",
    "location": "San Francisco, CA"
  },
  "timestamp": 1763841117.32793
}
INFO:__main__:Sending to raw_ingestion: {
  "source_type": "deep_web",
  "dataset": "Collection #1",
  "raw_data": {
    "email": "jane.s@test.org",
    "password_hash": "sha1:2728132408212846180",
    "ip_address": "192.168.1.205"
  },
  "timestamp": 1763841117.3280678
}
INFO:__main__:Sending to raw_ingestion: {
  "source_type": "surface_web",
  "url": "https://instagram.com/evabrown79",
  "raw_data": {
    "name": "Eva Brown",
    "username": "evabrown79",
    "bio": "Just a random bio for testing.",
    "location": "San Francisco, CA"
  },
  "timestamp": 1763841120.3283808
}
INFO:__main__:Sending to raw_ingestion: {
  "source_type": "deep_web",
  "dataset": "Collection #1",
  "raw_data": {
    "email": "alice.j@company.net",
    "password_hash": "sha1:-2943485423592944647",
    "ip_address": "192.168.1.197"
  },
  "timestamp": 1763841120.3285277
}
INFO:__main__:Sending to raw_ingestion: {
  "source_type": "surface_web",
  "url": "https://linkedin.com/janesmith12",
  "raw_data": {
    "name": "Jane Smith",
    "username": "janesmith12",
    "bio": "Just a random bio for testing.",
    "location": "San Francisco, CA"
  },
  "timestamp": 1763841123.3287714
}
INFO:__main__:Sending to raw_ingestion: {
  "source_type": "deep_web",
  "dataset": "Collection #1",
  "raw_data": {
    "email": "bob.w@provider.com",
    "password_hash": "sha1:2728132408212846180",
    "ip_address": "192.168.1.125"
  },
  "timestamp": 1763841123.328987
}
INFO:__main__:Sending to raw_ingestion: {
  "source_type": "surface_web",
  "url": "https://twitter.com/evabrown94",
  "raw_data": {
    "name": "Eva Brown",
    "username": "evabrown94",
    "bio": "Just a random bio for testing.",
    "location": "San Francisco, CA"
  },
  "timestamp": 1763841126.3292508
}
INFO:__main__:Sending to raw_ingestion: {
  "source_type": "deep_web",
  "dataset": "Collection #1",
  "raw_data": {
    "email": "jdoe@example.com",
    "password_hash": "sha1:-2943485423592944647",
    "ip_address": "192.168.1.71"
  },
  "timestamp": 1763841126.3293571
}
INFO:__main__:Sending to raw_ingestion: {
  "source_type": "surface_web",
  "url": "https://instagram.com/janesmith85",
  "raw_data": {
    "name": "Jane Smith",
    "username": "janesmith85",
    "bio": "Just a random bio for testing.",
    "location": "San Francisco, CA"
  },
  "timestamp": 1763841129.3295212
}
INFO:__main__:Sending to raw_ingestion: {
  "source_type": "deep_web",
  "dataset": "Collection #1",
  "raw_data": {
    "email": "bob.w@provider.com",
    "password_hash": "sha1:-5088143581403502930",
    "ip_address": "192.168.1.99"
  },
  "timestamp": 1763841129.3296542
}
INFO:__main__:Sending to raw_ingestion: {
  "source_type": "surface_web",
  "url": "https://twitter.com/johndoe41",
  "raw_data": {
    "name": "John Doe",
    "username": "johndoe41",
    "bio": "Just a random bio for testing.",
    "location": "San Francisco, CA"
  },
  "timestamp": 1763841132.3298795
}
INFO:__main__:Sending to raw_ingestion: {
  "source_type": "deep_web",
  "dataset": "Collection #1",
  "raw_data": {
    "email": "alice.j@company.net",
    "password_hash": "sha1:-5088143581403502930",
    "ip_address": "192.168.1.255"
  },
  "timestamp": 1763841132.3300035
}
INFO:__main__:Sending to raw_ingestion: {
  "source_type": "surface_web",
  "url": "https://instagram.com/johndoe33",
  "raw_data": {
    "name": "John Doe",
    "username": "johndoe33",
    "bio": "Just a random bio for testing.",
    "location": "San Francisco, CA"
  },
  "timestamp": 1763841135.330201
}
INFO:__main__:Sending to raw_ingestion: {
  "source_type": "deep_web",
  "dataset": "Collection #1",
  "raw_data": {
    "email": "jane.s@test.org",
    "password_hash": "sha1:1450859526763802376",
    "ip_address": "192.168.1.195"
  },
  "timestamp": 1763841135.3304021
}
INFO:__main__:Sending to raw_ingestion: {
  "source_type": "surface_web",
  "url": "https://twitter.com/alicejohnson9",
  "raw_data": {
    "name": "Alice Johnson",
    "username": "alicejohnson9",
    "bio": "Just a random bio for testing.",
    "location": "San Francisco, CA"
  },
  "timestamp": 1763841138.330615
}
INFO:__main__:Sending to raw_ingestion: {
  "source_type": "deep_web",
  "dataset": "Collection #1",
  "raw_data": {
    "email": "bob.w@provider.com",
    "password_hash": "sha1:2728132408212846180",
    "ip_address": "192.168.1.159"
  },
  "timestamp": 1763841138.3307462
}
INFO:__main__:Sending to raw_ingestion: {
  "source_type": "surface_web",
  "url": "https://linkedin.com/michaelchen83",
  "raw_data": {
    "name": "Michael Chen",
    "username": "michaelchen83",
    "bio": "Just a random bio for testing.",
    "location": "San Francisco, CA"
  },
  "timestamp": 1763841141.3309278
}
INFO:__main__:Sending to raw_ingestion: {
  "source_type": "deep_web",
  "dataset": "Collection #1",
  "raw_data": {
    "email": "bob.w@provider.com",
    "password_hash": "sha1:1450859526763802376",
    "ip_address": "192.168.1.115"
  },
  "timestamp": 1763841141.3313003
}
INFO:__main__:Sending to raw_ingestion: {
  "source_type": "surface_web",
  "url": "https://tiktok.com/michaelchen44",
  "raw_data": {
    "name": "Michael Chen",
    "username": "michaelchen44",
    "bio": "Just a random bio for testing.",
    "location": "San Francisco, CA"
  },
  "timestamp": 1763841144.3314564
}
INFO:__main__:Sending to raw_ingestion: {
  "source_type": "deep_web",
  "dataset": "Collection #1",
  "raw_data": {
    "email": "jane.s@test.org",
    "password_hash": "sha1:-2943485423592944647",
    "ip_address": "192.168.1.83"
  },
  "timestamp": 1763841144.3316002
}
INFO:__main__:Sending to raw_ingestion: {
  "source_type": "surface_web",
  "url": "https://twitter.com/bobwilliams92",
  "raw_data": {
    "name": "Bob Williams",
    "username": "bobwilliams92",
    "bio": "Just a random bio for testing.",
    "location": "San Francisco, CA"
  },
  "timestamp": 1763841147.3317468
}
INFO:__main__:Sending to raw_ingestion: {
  "source_type": "deep_web",
  "dataset": "Collection #1",
  "raw_data": {
    "email": "jdoe@example.com",
    "password_hash": "sha1:1450859526763802376",
    "ip_address": "192.168.1.132"
  },
  "timestamp": 1763841147.3318722
}
INFO:__main__:Sending to raw_ingestion: {
  "source_type": "surface_web",
  "url": "https://twitter.com/johndoe36",
  "raw_data": {
    "name": "John Doe",
    "username": "johndoe36",
    "bio": "Just a random bio for testing.",
    "location": "San Francisco, CA"
  },
  "timestamp": 1763841150.3320208
}
INFO:__main__:Sending to raw_ingestion: {
  "source_type": "deep_web",
  "dataset": "Collection #1",
  "raw_data": {
    "email": "jdoe@example.com",
    "password_hash": "sha1:-5088143581403502930",
    "ip_address": "192.168.1.29"
  },
  "timestamp": 1763841150.3321364
}
INFO:__main__:Sending to raw_ingestion: {
  "source_type": "surface_web",
  "url": "https://linkedin.com/bobwilliams12",
  "raw_data": {
    "name": "Bob Williams",
    "username": "bobwilliams12",
    "bio": "Just a random bio for testing.",
    "location": "San Francisco, CA"
  },
  "timestamp": 1763841153.332281
}
INFO:__main__:Sending to raw_ingestion: {
  "source_type": "deep_web",
  "dataset": "Collection #1",
  "raw_data": {
    "email": "jdoe@example.com",
    "password_hash": "sha1:-2943485423592944647",
    "ip_address": "192.168.1.91"
  },
  "timestamp": 1763841153.3324337
}
INFO:__main__:Sending to raw_ingestion: {
  "source_type": "surface_web",
  "url": "https://twitter.com/michaelchen89",
  "raw_data": {
    "name": "Michael Chen",
    "username": "michaelchen89",
    "bio": "Just a random bio for testing.",
    "location": "San Francisco, CA"
  },
  "timestamp": 1763841156.3325846
}
INFO:__main__:Sending to raw_ingestion: {
  "source_type": "deep_web",
  "dataset": "Collection #1",
  "raw_data": {
    "email": "alice.j@company.net",
    "password_hash": "sha1:8955215528844269238",
    "ip_address": "192.168.1.242"
  },
  "timestamp": 1763841156.3327372
}
INFO:__main__:Sending to raw_ingestion: {
  "source_type": "surface_web",
  "url": "https://linkedin.com/johndoe36",
  "raw_data": {
    "name": "John Doe",
    "username": "johndoe36",
    "bio": "Just a random bio for testing.",
    "location": "San Francisco, CA"
  },
  "timestamp": 1763841159.3329937
}
INFO:__main__:Sending to raw_ingestion: {
  "source_type": "deep_web",
  "dataset": "Collection #1",
  "raw_data": {
    "email": "bob.w@provider.com",
    "password_hash": "sha1:1450859526763802376",
    "ip_address": "192.168.1.244"
  },
  "timestamp": 1763841159.3331459
}
INFO:__main__:Sending to raw_ingestion: {
  "source_type": "surface_web",
  "url": "https://linkedin.com/michaelchen79",
  "raw_data": {
    "name": "Michael Chen",
    "username": "michaelchen79",
    "bio": "Just a random bio for testing.",
    "location": "San Francisco, CA"
  },
  "timestamp": 1763841162.3333066
}
INFO:__main__:Sending to raw_ingestion: {
  "source_type": "deep_web",
  "dataset": "Collection #1",
  "raw_data": {
    "email": "jdoe@example.com",
    "password_hash": "sha1:8955215528844269238",
    "ip_address": "192.168.1.87"
  },
  "timestamp": 1763841162.3334732
}
INFO:__main__:Sending to raw_ingestion: {
  "source_type": "surface_web",
  "url": "https://tiktok.com/bobwilliams2",
  "raw_data": {
    "name": "Bob Williams",
    "username": "bobwilliams2",
    "bio": "Just a random bio for testing.",
    "location": "San Francisco, CA"
  },
  "timestamp": 1763841165.3337634
}
INFO:__main__:Sending to raw_ingestion: {
  "source_type": "deep_web",
  "dataset": "Collection #1",
  "raw_data": {
    "email": "alice.j@company.net",
    "password_hash": "sha1:8955215528844269238",
    "ip_address": "192.168.1.92"
  },
  "timestamp": 1763841165.3339415
}
INFO:__main__:Sending to raw_ingestion: {
  "source_type": "surface_web",
  "url": "https://instagram.com/bobwilliams70",
  "raw_data": {
    "name": "Bob Williams",
    "username": "bobwilliams70",
    "bio": "Just a random bio for testing.",
    "location": "San Francisco, CA"
  },
  "timestamp": 1763841168.3342018
}
INFO:__main__:Sending to raw_ingestion: {
  "source_type": "deep_web",
  "dataset": "Collection #1",
  "raw_data": {
    "email": "jdoe@example.com",
    "password_hash": "sha1:-5088143581403502930",
    "ip_address": "192.168.1.241"
  },
  "timestamp": 1763841168.334352
}
INFO:__main__:Sending to raw_ingestion: {
  "source_type": "surface_web",
  "url": "https://linkedin.com/michaelchen15",
  "raw_data": {
    "name": "Michael Chen",
    "username": "michaelchen15",
    "bio": "Just a random bio for testing.",
    "location": "San Francisco, CA"
  },
  "timestamp": 1763841171.3345354
}
INFO:__main__:Sending to raw_ingestion: {
  "source_type": "deep_web",
  "dataset": "Collection #1",
  "raw_data": {
    "email": "alice.j@company.net",
    "password_hash": "sha1:-5088143581403502930",
    "ip_address": "192.168.1.188"
  },
  "timestamp": 1763841171.3347363
}
INFO:__main__:Sending to raw_ingestion: {
  "source_type": "surface_web",
  "url": "https://linkedin.com/alicejohnson18",
  "raw_data": {
    "name": "Alice Johnson",
    "username": "alicejohnson18",
    "bio": "Just a random bio for testing.",
    "location": "San Francisco, CA"
  },
  "timestamp": 1763841174.3349414
}
INFO:__main__:Sending to raw_ingestion: {
  "source_type": "deep_web",
  "dataset": "Collection #1",
  "raw_data": {
    "email": "alice.j@company.net",
    "password_hash": "sha1:-2943485423592944647",
    "ip_address": "192.168.1.166"
  },
  "timestamp": 1763841174.3351097
}
INFO:__main__:Sending to raw_ingestion: {
  "source_type": "surface_web",
  "url": "https://linkedin.com/evabrown7",
  "raw_data": {
    "name": "Eva Brown",
    "username": "evabrown7",
    "bio": "Just a random bio for testing.",
    "location": "San Francisco, CA"
  },
  "timestamp": 1763841177.3353858
}
INFO:__main__:Sending to raw_ingestion: {
  "source_type": "deep_web",
  "dataset": "Collection #1",
  "raw_data": {
    "email": "jdoe@example.com",
    "password_hash": "sha1:2728132408212846180",
    "ip_address": "192.168.1.199"
  },
  "timestamp": 1763841177.3356838
}
INFO:__main__:Sending to raw_ingestion: {
  "source_type": "surface_web",
  "url": "https://tiktok.com/alicejohnson8",
  "raw_data": {
    "name": "Alice Johnson",
    "username": "alicejohnson8",
    "bio": "Just a random bio for testing.",
    "location": "San Francisco, CA"
  },
  "timestamp": 1763841180.3359377
}
INFO:__main__:Sending to raw_ingestion: {
  "source_type": "deep_web",
  "dataset": "Collection #1",
  "raw_data": {
    "email": "bob.w@provider.com",
    "password_hash": "sha1:8955215528844269238",
    "ip_address": "192.168.1.208"
  },
  "timestamp": 1763841180.3361704
}
INFO:__main__:Sending to raw_ingestion: {
  "source_type": "surface_web",
  "url": "https://tiktok.com/johndoe37",
  "raw_data": {
    "name": "John Doe",
    "username": "johndoe37",
    "bio": "Just a random bio for testing.",
    "location": "San Francisco, CA"
  },
  "timestamp": 1763841183.3363833
}
INFO:__main__:Sending to raw_ingestion: {
  "source_type": "deep_web",
  "dataset": "Collection #1",
  "raw_data": {
    "email": "bob.w@provider.com",
    "password_hash": "sha1:2728132408212846180",
    "ip_address": "192.168.1.10"
  },
  "timestamp": 1763841183.336603
}
INFO:__main__:Sending to raw_ingestion: {
  "source_type": "surface_web",
  "url": "https://instagram.com/michaelchen93",
  "raw_data": {
    "name": "Michael Chen",
    "username": "michaelchen93",
    "bio": "Just a random bio for testing.",
    "location": "San Francisco, CA"
  },
  "timestamp": 1763841186.3367822
}
INFO:__main__:Sending to raw_ingestion: {
  "source_type": "deep_web",
  "dataset": "Collection #1",
  "raw_data": {
    "email": "alice.j@company.net",
    "password_hash": "sha1:2728132408212846180",
    "ip_address": "192.168.1.208"
  },
  "timestamp": 1763841186.3370674
}
INFO:__main__:Sending to raw_ingestion: {
  "source_type": "surface_web",
  "url": "https://instagram.com/evabrown84",
  "raw_data": {
    "name": "Eva Brown",
    "username": "evabrown84",
    "bio": "Just a random bio for testing.",
    "location": "San Francisco, CA"
  },
  "timestamp": 1763841189.3373582
}
INFO:__main__:Sending to raw_ingestion: {
  "source_type": "deep_web",
  "dataset": "Collection #1",
  "raw_data": {
    "email": "alice.j@company.net",
    "password_hash": "sha1:1450859526763802376",
    "ip_address": "192.168.1.233"
  },
  "timestamp": 1763841189.337557
}
INFO:__main__:Sending to raw_ingestion: {
  "source_type": "surface_web",
  "url": "https://tiktok.com/johndoe51",
  "raw_data": {
    "name": "John Doe",
    "username": "johndoe51",
    "bio": "Just a random bio for testing.",
    "location": "San Francisco, CA"
  },
  "timestamp": 1763841192.3378615
}
INFO:__main__:Sending to raw_ingestion: {
  "source_type": "deep_web",
  "dataset": "Collection #1",
  "raw_data": {
    "email": "alice.j@company.net",
    "password_hash": "sha1:1450859526763802376",
    "ip_address": "192.168.1.122"
  },
  "timestamp": 1763841192.3380604
}
INFO:__main__:Sending to raw_ingestion: {
  "source_type": "surface_web",
  "url": "https://instagram.com/michaelchen46",
  "raw_data": {
    "name": "Michael Chen",
    "username": "michaelchen46",
    "bio": "Just a random bio for testing.",
    "location": "San Francisco, CA"
  },
  "timestamp": 1763841195.3382468
}
INFO:__main__:Sending to raw_ingestion: {
  "source_type": "deep_web",
  "dataset": "Collection #1",
  "raw_data": {
    "email": "alice.j@company.net",
    "password_hash": "sha1:1450859526763802376",
    "ip_address": "192.168.1.252"
  },
  "timestamp": 1763841195.338483
}
INFO:__main__:Sending to raw_ingestion: {
  "source_type": "surface_web",
  "url": "https://twitter.com/michaelchen47",
  "raw_data": {
    "name": "Michael Chen",
    "username": "michaelchen47",
    "bio": "Just a random bio for testing.",
    "location": "San Francisco, CA"
  },
  "timestamp": 1763841198.3386707
}
INFO:__main__:Sending to raw_ingestion: {
  "source_type": "deep_web",
  "dataset": "Collection #1",
  "raw_data": {
    "email": "alice.j@company.net",
    "password_hash": "sha1:2728132408212846180",
    "ip_address": "192.168.1.215"
  },
  "timestamp": 1763841198.338861
}
INFO:__main__:Sending to raw_ingestion: {
  "source_type": "surface_web",
  "url": "https://twitter.com/michaelchen34",
  "raw_data": {
    "name": "Michael Chen",
    "username": "michaelchen34",
    "bio": "Just a random bio for testing.",
    "location": "San Francisco, CA"
  },
  "timestamp": 1763841201.3390245
}
INFO:__main__:Sending to raw_ingestion: {
  "source_type": "deep_web",
  "dataset": "Collection #1",
  "raw_data": {
    "email": "jane.s@test.org",
    "password_hash": "sha1:8955215528844269238",
    "ip_address": "192.168.1.56"
  },
  "timestamp": 1763841201.339241
}
INFO:__main__:Sending to raw_ingestion: {
  "source_type": "surface_web",
  "url": "https://tiktok.com/johndoe29",
  "raw_data": {
    "name": "John Doe",
    "username": "johndoe29",
    "bio": "Just a random bio for testing.",
    "location": "San Francisco, CA"
  },
  "timestamp": 1763841204.339462
}
INFO:__main__:Sending to raw_ingestion: {
  "source_type": "deep_web",
  "dataset": "Collection #1",
  "raw_data": {
    "email": "jane.s@test.org",
    "password_hash": "sha1:-2943485423592944647",
    "ip_address": "192.168.1.26"
  },
  "timestamp": 1763841204.339739
}
INFO:__main__:Sending to raw_ingestion: {
  "source_type": "surface_web",
  "url": "https://linkedin.com/evabrown21",
  "raw_data": {
    "name": "Eva Brown",
    "username": "evabrown21",
    "bio": "Just a random bio for testing.",
    "location": "San Francisco, CA"
  },
  "timestamp": 1763841207.3400393
}
INFO:__main__:Sending to raw_ingestion: {
  "source_type": "deep_web",
  "dataset": "Collection #1",
  "raw_data": {
    "email": "jdoe@example.com",
    "password_hash": "sha1:-2943485423592944647",
    "ip_address": "192.168.1.71"
  },
  "timestamp": 1763841207.3403654
}
INFO:__main__:Sending to raw_ingestion: {
  "source_type": "surface_web",
  "url": "https://linkedin.com/johndoe28",
  "raw_data": {
    "name": "John Doe",
    "username": "johndoe28",
    "bio": "Just a random bio for testing.",
    "location": "San Francisco, CA"
  },
  "timestamp": 1763841210.3407514
}
INFO:__main__:Sending to raw_ingestion: {
  "source_type": "deep_web",
  "dataset": "Collection #1",
  "raw_data": {
    "email": "jane.s@test.org",
    "password_hash": "sha1:1450859526763802376",
    "ip_address": "192.168.1.175"
  },
  "timestamp": 1763841210.3411632
}
INFO:__main__:Sending to raw_ingestion: {
  "source_type": "surface_web",
  "url": "https://linkedin.com/janesmith81",
  "raw_data": {
    "name": "Jane Smith",
    "username": "janesmith81",
    "bio": "Just a random bio for testing.",
    "location": "San Francisco, CA"
  },
  "timestamp": 1763841213.3414207
}
INFO:__main__:Sending to raw_ingestion: {
  "source_type": "deep_web",
  "dataset": "Collection #1",
  "raw_data": {
    "email": "alice.j@company.net",
    "password_hash": "sha1:1450859526763802376",
    "ip_address": "192.168.1.225"
  },
  "timestamp": 1763841213.341929
}
INFO:__main__:Sending to raw_ingestion: {
  "source_type": "surface_web",
  "url": "https://linkedin.com/johndoe90",
  "raw_data": {
    "name": "John Doe",
    "username": "johndoe90",
    "bio": "Just a random bio for testing.",
    "location": "San Francisco, CA"
  },
  "timestamp": 1763841216.3421152
}
INFO:__main__:Sending to raw_ingestion: {
  "source_type": "deep_web",
  "dataset": "Collection #1",
  "raw_data": {
    "email": "bob.w@provider.com",
    "password_hash": "sha1:-2943485423592944647",
    "ip_address": "192.168.1.183"
  },
  "timestamp": 1763841216.3423188
}
INFO:__main__:Sending to raw_ingestion: {
  "source_type": "surface_web",
  "url": "https://tiktok.com/alicejohnson55",
  "raw_data": {
    "name": "Alice Johnson",
    "username": "alicejohnson55",
    "bio": "Just a random bio for testing.",
    "location": "San Francisco, CA"
  },
  "timestamp": 1763841219.3424644
}
INFO:__main__:Sending to raw_ingestion: {
  "source_type": "deep_web",
  "dataset": "Collection #1",
  "raw_data": {
    "email": "alice.j@company.net",
    "password_hash": "sha1:1450859526763802376",
    "ip_address": "192.168.1.160"
  },
  "timestamp": 1763841219.34262
}
INFO:__main__:Sending to raw_ingestion: {
  "source_type": "surface_web",
  "url": "https://tiktok.com/bobwilliams17",
  "raw_data": {
    "name": "Bob Williams",
    "username": "bobwilliams17",
    "bio": "Just a random bio for testing.",
    "location": "San Francisco, CA"
  },
  "timestamp": 1763841222.342899
}
INFO:__main__:Sending to raw_ingestion: {
  "source_type": "deep_web",
  "dataset": "Collection #1",
  "raw_data": {
    "email": "jane.s@test.org",
    "password_hash": "sha1:8955215528844269238",
    "ip_address": "192.168.1.135"
  },
  "timestamp": 1763841222.3430793
}
INFO:__main__:Sending to raw_ingestion: {
  "source_type": "surface_web",
  "url": "https://instagram.com/alicejohnson31",
  "raw_data": {
    "name": "Alice Johnson",
    "username": "alicejohnson31",
    "bio": "Just a random bio for testing.",
    "location": "San Francisco, CA"
  },
  "timestamp": 1763841225.343286
}
INFO:__main__:Sending to raw_ingestion: {
  "source_type": "deep_web",
  "dataset": "Collection #1",
  "raw_data": {
    "email": "jane.s@test.org",
    "password_hash": "sha1:-5088143581403502930",
    "ip_address": "192.168.1.161"
  },
  "timestamp": 1763841225.34346
}
INFO:__main__:Sending to raw_ingestion: {
  "source_type": "surface_web",
  "url": "https://linkedin.com/bobwilliams71",
  "raw_data": {
    "name": "Bob Williams",
    "username": "bobwilliams71",
    "bio": "Just a random bio for testing.",
    "location": "San Francisco, CA"
  },
  "timestamp": 1763841228.3436584
}
INFO:__main__:Sending to raw_ingestion: {
  "source_type": "deep_web",
  "dataset": "Collection #1",
  "raw_data": {
    "email": "jane.s@test.org",
    "password_hash": "sha1:-2943485423592944647",
    "ip_address": "192.168.1.222"
  },
  "timestamp": 1763841228.3439157
}
INFO:__main__:Sending to raw_ingestion: {
  "source_type": "surface_web",
  "url": "https://twitter.com/alicejohnson76",
  "raw_data": {
    "name": "Alice Johnson",
    "username": "alicejohnson76",
    "bio": "Just a random bio for testing.",
    "location": "San Francisco, CA"
  },
  "timestamp": 1763841231.3441277
}
INFO:__main__:Sending to raw_ingestion: {
  "source_type": "deep_web",
  "dataset": "Collection #1",
  "raw_data": {
    "email": "bob.w@provider.com",
    "password_hash": "sha1:2728132408212846180",
    "ip_address": "192.168.1.74"
  },
  "timestamp": 1763841231.344295
}
INFO:__main__:Sending to raw_ingestion: {
  "source_type": "surface_web",
  "url": "https://tiktok.com/alicejohnson71",
  "raw_data": {
    "name": "Alice Johnson",
    "username": "alicejohnson71",
    "bio": "Just a random bio for testing.",
    "location": "San Francisco, CA"
  },
  "timestamp": 1763841234.344458
}
INFO:__main__:Sending to raw_ingestion: {
  "source_type": "deep_web",
  "dataset": "Collection #1",
  "raw_data": {
    "email": "alice.j@company.net",
    "password_hash": "sha1:1450859526763802376",
    "ip_address": "192.168.1.161"
  },
  "timestamp": 1763841234.3446128
}
INFO:__main__:Sending to raw_ingestion: {
  "source_type": "surface_web",
  "url": "https://linkedin.com/janesmith16",
  "raw_data": {
    "name": "Jane Smith",
    "username": "janesmith16",
    "bio": "Just a random bio for testing.",
    "location": "San Francisco, CA"
  },
  "timestamp": 1763841237.3448043
}
INFO:__main__:Sending to raw_ingestion: {
  "source_type": "deep_web",
  "dataset": "Collection #1",
  "raw_data": {
    "email": "jane.s@test.org",
    "password_hash": "sha1:8955215528844269238",
    "ip_address": "192.168.1.155"
  },
  "timestamp": 1763841237.3449523
}
INFO:__main__:Sending to raw_ingestion: {
  "source_type": "surface_web",
  "url": "https://instagram.com/evabrown9",
  "raw_data": {
    "name": "Eva Brown",
    "username": "evabrown9",
    "bio": "Just a random bio for testing.",
    "location": "San Francisco, CA"
  },
  "timestamp": 1763841240.3452542
}
INFO:__main__:Sending to raw_ingestion: {
  "source_type": "deep_web",
  "dataset": "Collection #1",
  "raw_data": {
    "email": "alice.j@company.net",
    "password_hash": "sha1:-5088143581403502930",
    "ip_address": "192.168.1.204"
  },
  "timestamp": 1763841240.3454123
}
INFO:__main__:Sending to raw_ingestion: {
  "source_type": "surface_web",
  "url": "https://tiktok.com/janesmith67",
  "raw_data": {
    "name": "Jane Smith",
    "username": "janesmith67",
    "bio": "Just a random bio for testing.",
    "location": "San Francisco, CA"
  },
  "timestamp": 1763841243.3456476
}
INFO:__main__:Sending to raw_ingestion: {
  "source_type": "deep_web",
  "dataset": "Collection #1",
  "raw_data": {
    "email": "bob.w@provider.com",
    "password_hash": "sha1:2728132408212846180",
    "ip_address": "192.168.1.52"
  },
  "timestamp": 1763841243.3458416
}
INFO:__main__:Sending to raw_ingestion: {
  "source_type": "surface_web",
  "url": "https://tiktok.com/alicejohnson22",
  "raw_data": {
    "name": "Alice Johnson",
    "username": "alicejohnson22",
    "bio": "Just a random bio for testing.",
    "location": "San Francisco, CA"
  },
  "timestamp": 1763841246.3460858
}
INFO:__main__:Sending to raw_ingestion: {
  "source_type": "deep_web",
  "dataset": "Collection #1",
  "raw_data": {
    "email": "jdoe@example.com",
    "password_hash": "sha1:1450859526763802376",
    "ip_address": "192.168.1.3"
  },
  "timestamp": 1763841246.346234
}
INFO:__main__:Sending to raw_ingestion: {
  "source_type": "surface_web",
  "url": "https://twitter.com/bobwilliams69",
  "raw_data": {
    "name": "Bob Williams",
    "username": "bobwilliams69",
    "bio": "Just a random bio for testing.",
    "location": "San Francisco, CA"
  },
  "timestamp": 1763841249.3464034
}
INFO:__main__:Sending to raw_ingestion: {
  "source_type": "deep_web",
  "dataset": "Collection #1",
  "raw_data": {
    "email": "bob.w@provider.com",
    "password_hash": "sha1:2728132408212846180",
    "ip_address": "192.168.1.48"
  },
  "timestamp": 1763841249.3466702
}
INFO:__main__:Sending to raw_ingestion: {
  "source_type": "surface_web",
  "url": "https://twitter.com/evabrown78",
  "raw_data": {
    "name": "Eva Brown",
    "username": "evabrown78",
    "bio": "Just a random bio for testing.",
    "location": "San Francisco, CA"
  },
  "timestamp": 1763841252.346838
}
INFO:__main__:Sending to raw_ingestion: {
  "source_type": "deep_web",
  "dataset": "Collection #1",
  "raw_data": {
    "email": "jdoe@example.com",
    "password_hash": "sha1:2728132408212846180",
    "ip_address": "192.168.1.169"
  },
  "timestamp": 1763841252.3470285
}
INFO:__main__:Sending to raw_ingestion: {
  "source_type": "surface_web",
  "url": "https://instagram.com/johndoe12",
  "raw_data": {
    "name": "John Doe",
    "username": "johndoe12",
    "bio": "Just a random bio for testing.",
    "location": "San Francisco, CA"
  },
  "timestamp": 1763841255.3471918
}
INFO:__main__:Sending to raw_ingestion: {
  "source_type": "deep_web",
  "dataset": "Collection #1",
  "raw_data": {
    "email": "alice.j@company.net",
    "password_hash": "sha1:2728132408212846180",
    "ip_address": "192.168.1.84"
  },
  "timestamp": 1763841255.3473492
}
INFO:__main__:Sending to raw_ingestion: {
  "source_type": "surface_web",
  "url": "https://twitter.com/bobwilliams31",
  "raw_data": {
    "name": "Bob Williams",
    "username": "bobwilliams31",
    "bio": "Just a random bio for testing.",
    "location": "San Francisco, CA"
  },
  "timestamp": 1763841258.3475277
}
INFO:__main__:Sending to raw_ingestion: {
  "source_type": "deep_web",
  "dataset": "Collection #1",
  "raw_data": {
    "email": "alice.j@company.net",
    "password_hash": "sha1:-2943485423592944647",
    "ip_address": "192.168.1.20"
  },
  "timestamp": 1763841258.3477705
}
INFO:__main__:Sending to raw_ingestion: {
  "source_type": "surface_web",
  "url": "https://instagram.com/janesmith31",
  "raw_data": {
    "name": "Jane Smith",
    "username": "janesmith31",
    "bio": "Just a random bio for testing.",
    "location": "San Francisco, CA"
  },
  "timestamp": 1763841261.3481016
}
INFO:__main__:Sending to raw_ingestion: {
  "source_type": "deep_web",
  "dataset": "Collection #1",
  "raw_data": {
    "email": "jdoe@example.com",
    "password_hash": "sha1:-2943485423592944647",
    "ip_address": "192.168.1.70"
  },
  "timestamp": 1763841261.3483477
}
INFO:__main__:Sending to raw_ingestion: {
  "source_type": "surface_web",
  "url": "https://twitter.com/evabrown46",
  "raw_data": {
    "name": "Eva Brown",
    "username": "evabrown46",
    "bio": "Just a random bio for testing.",
    "location": "San Francisco, CA"
  },
  "timestamp": 1763841264.3485296
}
INFO:__main__:Sending to raw_ingestion: {
  "source_type": "deep_web",
  "dataset": "Collection #1",
  "raw_data": {
    "email": "jdoe@example.com",
    "password_hash": "sha1:2728132408212846180",
    "ip_address": "192.168.1.213"
  },
  "timestamp": 1763841264.348731
}
INFO:__main__:Sending to raw_ingestion: {
  "source_type": "surface_web",
  "url": "https://linkedin.com/janesmith85",
  "raw_data": {
    "name": "Jane Smith",
    "username": "janesmith85",
    "bio": "Just a random bio for testing.",
    "location": "San Francisco, CA"
  },
  "timestamp": 1763841267.3489702
}
INFO:__main__:Sending to raw_ingestion: {
  "source_type": "deep_web",
  "dataset": "Collection #1",
  "raw_data": {
    "email": "jdoe@example.com",
    "password_hash": "sha1:-5088143581403502930",
    "ip_address": "192.168.1.181"
  },
  "timestamp": 1763841267.3493397
}
INFO:__main__:Sending to raw_ingestion: {
  "source_type": "surface_web",
  "url": "https://linkedin.com/alicejohnson42",
  "raw_data": {
    "name": "Alice Johnson",
    "username": "alicejohnson42",
    "bio": "Just a random bio for testing.",
    "location": "San Francisco, CA"
  },
  "timestamp": 1763841270.349593
}
INFO:__main__:Sending to raw_ingestion: {
  "source_type": "deep_web",
  "dataset": "Collection #1",
  "raw_data": {
    "email": "bob.w@provider.com",
    "password_hash": "sha1:2728132408212846180",
    "ip_address": "192.168.1.241"
  },
  "timestamp": 1763841270.3499944
}
INFO:__main__:Sending to raw_ingestion: {
  "source_type": "surface_web",
  "url": "https://tiktok.com/evabrown50",
  "raw_data": {
    "name": "Eva Brown",
    "username": "evabrown50",
    "bio": "Just a random bio for testing.",
    "location": "San Francisco, CA"
  },
  "timestamp": 1763841273.3501713
}
INFO:__main__:Sending to raw_ingestion: {
  "source_type": "deep_web",
  "dataset": "Collection #1",
  "raw_data": {
    "email": "alice.j@company.net",
    "password_hash": "sha1:-5088143581403502930",
    "ip_address": "192.168.1.218"
  },
  "timestamp": 1763841273.3503952
}
INFO:__main__:Sending to raw_ingestion: {
  "source_type": "surface_web",
  "url": "https://tiktok.com/michaelchen11",
  "raw_data": {
    "name": "Michael Chen",
    "username": "michaelchen11",
    "bio": "Just a random bio for testing.",
    "location": "San Francisco, CA"
  },
  "timestamp": 1763841276.3505816
}
INFO:__main__:Sending to raw_ingestion: {
  "source_type": "deep_web",
  "dataset": "Collection #1",
  "raw_data": {
    "email": "jane.s@test.org",
    "password_hash": "sha1:1450859526763802376",
    "ip_address": "192.168.1.52"
  },
  "timestamp": 1763841276.3507817
}
INFO:__main__:Sending to raw_ingestion: {
  "source_type": "surface_web",
  "url": "https://tiktok.com/alicejohnson58",
  "raw_data": {
    "name": "Alice Johnson",
    "username": "alicejohnson58",
    "bio": "Just a random bio for testing.",
    "location": "San Francisco, CA"
  },
  "timestamp": 1763841279.3509648
}
INFO:__main__:Sending to raw_ingestion: {
  "source_type": "deep_web",
  "dataset": "Collection #1",
  "raw_data": {
    "email": "bob.w@provider.com",
    "password_hash": "sha1:-5088143581403502930",
    "ip_address": "192.168.1.47"
  },
  "timestamp": 1763841279.351133
}
INFO:__main__:Sending to raw_ingestion: {
  "source_type": "surface_web",
  "url": "https://twitter.com/alicejohnson96",
  "raw_data": {
    "name": "Alice Johnson",
    "username": "alicejohnson96",
    "bio": "Just a random bio for testing.",
    "location": "San Francisco, CA"
  },
  "timestamp": 1763841282.3514113
}
INFO:__main__:Sending to raw_ingestion: {
  "source_type": "deep_web",
  "dataset": "Collection #1",
  "raw_data": {
    "email": "alice.j@company.net",
    "password_hash": "sha1:-2943485423592944647",
    "ip_address": "192.168.1.211"
  },
  "timestamp": 1763841282.351588
}
INFO:__main__:Sending to raw_ingestion: {
  "source_type": "surface_web",
  "url": "https://linkedin.com/bobwilliams46",
  "raw_data": {
    "name": "Bob Williams",
    "username": "bobwilliams46",
    "bio": "Just a random bio for testing.",
    "location": "San Francisco, CA"
  },
  "timestamp": 1763841285.351768
}
INFO:__main__:Sending to raw_ingestion: {
  "source_type": "deep_web",
  "dataset": "Collection #1",
  "raw_data": {
    "email": "alice.j@company.net",
    "password_hash": "sha1:8955215528844269238",
    "ip_address": "192.168.1.183"
  },
  "timestamp": 1763841285.3520713
}
INFO:__main__:Sending to raw_ingestion: {
  "source_type": "surface_web",
  "url": "https://tiktok.com/bobwilliams8",
  "raw_data": {
    "name": "Bob Williams",
    "username": "bobwilliams8",
    "bio": "Just a random bio for testing.",
    "location": "San Francisco, CA"
  },
  "timestamp": 1763841288.3522742
}
INFO:__main__:Sending to raw_ingestion: {
  "source_type": "deep_web",
  "dataset": "Collection #1",
  "raw_data": {
    "email": "alice.j@company.net",
    "password_hash": "sha1:-5088143581403502930",
    "ip_address": "192.168.1.148"
  },
  "timestamp": 1763841288.3524992
}
INFO:__main__:Sending to raw_ingestion: {
  "source_type": "surface_web",
  "url": "https://linkedin.com/johndoe93",
  "raw_data": {
    "name": "John Doe",
    "username": "johndoe93",
    "bio": "Just a random bio for testing.",
    "location": "San Francisco, CA"
  },
  "timestamp": 1763841291.3528817
}
INFO:__main__:Sending to raw_ingestion: {
  "source_type": "deep_web",
  "dataset": "Collection #1",
  "raw_data": {
    "email": "jdoe@example.com",
    "password_hash": "sha1:2728132408212846180",
    "ip_address": "192.168.1.100"
  },
  "timestamp": 1763841291.3531442
}
INFO:__main__:Sending to raw_ingestion: {
  "source_type": "surface_web",
  "url": "https://instagram.com/johndoe75",
  "raw_data": {
    "name": "John Doe",
    "username": "johndoe75",
    "bio": "Just a random bio for testing.",
    "location": "San Francisco, CA"
  },
  "timestamp": 1763841294.353493
}
INFO:__main__:Sending to raw_ingestion: {
  "source_type": "deep_web",
  "dataset": "Collection #1",
  "raw_data": {
    "email": "alice.j@company.net",
    "password_hash": "sha1:8955215528844269238",
    "ip_address": "192.168.1.46"
  },
  "timestamp": 1763841294.3538716
}
INFO:__main__:Sending to raw_ingestion: {
  "source_type": "surface_web",
  "url": "https://tiktok.com/alicejohnson32",
  "raw_data": {
    "name": "Alice Johnson",
    "username": "alicejohnson32",
    "bio": "Just a random bio for testing.",
    "location": "San Francisco, CA"
  },
  "timestamp": 1763841297.354061
}
INFO:__main__:Sending to raw_ingestion: {
  "source_type": "deep_web",
  "dataset": "Collection #1",
  "raw_data": {
    "email": "jdoe@example.com",
    "password_hash": "sha1:1450859526763802376",
    "ip_address": "192.168.1.94"
  },
  "timestamp": 1763841297.3543186
}
INFO:__main__:Sending to raw_ingestion: {
  "source_type": "surface_web",
  "url": "https://twitter.com/evabrown19",
  "raw_data": {
    "name": "Eva Brown",
    "username": "evabrown19",
    "bio": "Just a random bio for testing.",
    "location": "San Francisco, CA"
  },
  "timestamp": 1763841300.3545167
}
INFO:__main__:Sending to raw_ingestion: {
  "source_type": "deep_web",
  "dataset": "Collection #1",
  "raw_data": {
    "email": "alice.j@company.net",
    "password_hash": "sha1:2728132408212846180",
    "ip_address": "192.168.1.227"
  },
  "timestamp": 1763841300.3547711
}
INFO:__main__:Sending to raw_ingestion: {
  "source_type": "surface_web",
  "url": "https://linkedin.com/johndoe44",
  "raw_data": {
    "name": "John Doe",
    "username": "johndoe44",
    "bio": "Just a random bio for testing.",
    "location": "San Francisco, CA"
  },
  "timestamp": 1763841303.3549342
}
INFO:__main__:Sending to raw_ingestion: {
  "source_type": "deep_web",
  "dataset": "Collection #1",
  "raw_data": {
    "email": "alice.j@company.net",
    "password_hash": "sha1:1450859526763802376",
    "ip_address": "192.168.1.94"
  },
  "timestamp": 1763841303.355124
}
INFO:__main__:Sending to raw_ingestion: {
  "source_type": "surface_web",
  "url": "https://instagram.com/janesmith93",
  "raw_data": {
    "name": "Jane Smith",
    "username": "janesmith93",
    "bio": "Just a random bio for testing.",
    "location": "San Francisco, CA"
  },
  "timestamp": 1763841306.3553107
}
INFO:__main__:Sending to raw_ingestion: {
  "source_type": "deep_web",
  "dataset": "Collection #1",
  "raw_data": {
    "email": "alice.j@company.net",
    "password_hash": "sha1:-5088143581403502930",
    "ip_address": "192.168.1.122"
  },
  "timestamp": 1763841306.3555233
}
INFO:__main__:Sending to raw_ingestion: {
  "source_type": "surface_web",
  "url": "https://linkedin.com/michaelchen21",
  "raw_data": {
    "name": "Michael Chen",
    "username": "michaelchen21",
    "bio": "Just a random bio for testing.",
    "location": "San Francisco, CA"
  },
  "timestamp": 1763841309.355673
}
INFO:__main__:Sending to raw_ingestion: {
  "source_type": "deep_web",
  "dataset": "Collection #1",
  "raw_data": {
    "email": "bob.w@provider.com",
    "password_hash": "sha1:-5088143581403502930",
    "ip_address": "192.168.1.148"
  },
  "timestamp": 1763841309.355866
}
INFO:__main__:Sending to raw_ingestion: {
  "source_type": "surface_web",
  "url": "https://tiktok.com/alicejohnson44",
  "raw_data": {
    "name": "Alice Johnson",
    "username": "alicejohnson44",
    "bio": "Just a random bio for testing.",
    "location": "San Francisco, CA"
  },
  "timestamp": 1763841312.3561077
}
INFO:__main__:Sending to raw_ingestion: {
  "source_type": "deep_web",
  "dataset": "Collection #1",
  "raw_data": {
    "email": "jane.s@test.org",
    "password_hash": "sha1:-2943485423592944647",
    "ip_address": "192.168.1.193"
  },
  "timestamp": 1763841312.3562806
}
INFO:__main__:Sending to raw_ingestion: {
  "source_type": "surface_web",
  "url": "https://instagram.com/johndoe25",
  "raw_data": {
    "name": "John Doe",
    "username": "johndoe25",
    "bio": "Just a random bio for testing.",
    "location": "San Francisco, CA"
  },
  "timestamp": 1763841315.3564646
}
INFO:__main__:Sending to raw_ingestion: {
  "source_type": "deep_web",
  "dataset": "Collection #1",
  "raw_data": {
    "email": "jane.s@test.org",
    "password_hash": "sha1:-5088143581403502930",
    "ip_address": "192.168.1.189"
  },
  "timestamp": 1763841315.3566792
}
INFO:__main__:Sending to raw_ingestion: {
  "source_type": "surface_web",
  "url": "https://twitter.com/bobwilliams30",
  "raw_data": {
    "name": "Bob Williams",
    "username": "bobwilliams30",
    "bio": "Just a random bio for testing.",
    "location": "San Francisco, CA"
  },
  "timestamp": 1763841318.3568692
}
INFO:__main__:Sending to raw_ingestion: {
  "source_type": "deep_web",
  "dataset": "Collection #1",
  "raw_data": {
    "email": "jane.s@test.org",
    "password_hash": "sha1:-2943485423592944647",
    "ip_address": "192.168.1.148"
  },
  "timestamp": 1763841318.357076
}
INFO:__main__:Sending to raw_ingestion: {
  "source_type": "surface_web",
  "url": "https://linkedin.com/evabrown48",
  "raw_data": {
    "name": "Eva Brown",
    "username": "evabrown48",
    "bio": "Just a random bio for testing.",
    "location": "San Francisco, CA"
  },
  "timestamp": 1763841321.3573086
}
INFO:__main__:Sending to raw_ingestion: {
  "source_type": "deep_web",
  "dataset": "Collection #1",
  "raw_data": {
    "email": "bob.w@provider.com",
    "password_hash": "sha1:2728132408212846180",
    "ip_address": "192.168.1.202"
  },
  "timestamp": 1763841321.3576272
}
INFO:__main__:Sending to raw_ingestion: {
  "source_type": "surface_web",
  "url": "https://twitter.com/alicejohnson76",
  "raw_data": {
    "name": "Alice Johnson",
    "username": "alicejohnson76",
    "bio": "Just a random bio for testing.",
    "location": "San Francisco, CA"
  },
  "timestamp": 1763841324.357801
}
INFO:__main__:Sending to raw_ingestion: {
  "source_type": "deep_web",
  "dataset": "Collection #1",
  "raw_data": {
    "email": "jdoe@example.com",
    "password_hash": "sha1:-2943485423592944647",
    "ip_address": "192.168.1.173"
  },
  "timestamp": 1763841324.3579988
}
INFO:__main__:Sending to raw_ingestion: {
  "source_type": "surface_web",
  "url": "https://tiktok.com/bobwilliams92",
  "raw_data": {
    "name": "Bob Williams",
    "username": "bobwilliams92",
    "bio": "Just a random bio for testing.",
    "location": "San Francisco, CA"
  },
  "timestamp": 1763841327.358162
}
INFO:__main__:Sending to raw_ingestion: {
  "source_type": "deep_web",
  "dataset": "Collection #1",
  "raw_data": {
    "email": "alice.j@company.net",
    "password_hash": "sha1:2728132408212846180",
    "ip_address": "192.168.1.138"
  },
  "timestamp": 1763841327.358332
}
INFO:__main__:Sending to raw_ingestion: {
  "source_type": "surface_web",
  "url": "https://linkedin.com/johndoe60",
  "raw_data": {
    "name": "John Doe",
    "username": "johndoe60",
    "bio": "Just a random bio for testing.",
    "location": "San Francisco, CA"
  },
  "timestamp": 1763841330.3585482
}
INFO:__main__:Sending to raw_ingestion: {
  "source_type": "deep_web",
  "dataset": "Collection #1",
  "raw_data": {
    "email": "jane.s@test.org",
    "password_hash": "sha1:1450859526763802376",
    "ip_address": "192.168.1.200"
  },
  "timestamp": 1763841330.358727
}
INFO:__main__:Sending to raw_ingestion: {
  "source_type": "surface_web",
  "url": "https://twitter.com/johndoe3",
  "raw_data": {
    "name": "John Doe",
    "username": "johndoe3",
    "bio": "Just a random bio for testing.",
    "location": "San Francisco, CA"
  },
  "timestamp": 1763841333.3589425
}
INFO:__main__:Sending to raw_ingestion: {
  "source_type": "deep_web",
  "dataset": "Collection #1",
  "raw_data": {
    "email": "jdoe@example.com",
    "password_hash": "sha1:2728132408212846180",
    "ip_address": "192.168.1.183"
  },
  "timestamp": 1763841333.3590944
}
INFO:__main__:Sending to raw_ingestion: {
  "source_type": "surface_web",
  "url": "https://twitter.com/janesmith29",
  "raw_data": {
    "name": "Jane Smith",
    "username": "janesmith29",
    "bio": "Just a random bio for testing.",
    "location": "San Francisco, CA"
  },
  "timestamp": 1763841336.3593307
}
INFO:__main__:Sending to raw_ingestion: {
  "source_type": "deep_web",
  "dataset": "Collection #1",
  "raw_data": {
    "email": "jdoe@example.com",
    "password_hash": "sha1:-2943485423592944647",
    "ip_address": "192.168.1.146"
  },
  "timestamp": 1763841336.3594983
}
INFO:__main__:Sending to raw_ingestion: {
  "source_type": "surface_web",
  "url": "https://linkedin.com/alicejohnson43",
  "raw_data": {
    "name": "Alice Johnson",
    "username": "alicejohnson43",
    "bio": "Just a random bio for testing.",
    "location": "San Francisco, CA"
  },
  "timestamp": 1763841339.3596642
}
INFO:__main__:Sending to raw_ingestion: {
  "source_type": "deep_web",
  "dataset": "Collection #1",
  "raw_data": {
    "email": "jdoe@example.com",
    "password_hash": "sha1:8955215528844269238",
    "ip_address": "192.168.1.166"
  },
  "timestamp": 1763841339.3598404
}
INFO:__main__:Sending to raw_ingestion: {
  "source_type": "surface_web",
  "url": "https://tiktok.com/janesmith49",
  "raw_data": {
    "name": "Jane Smith",
    "username": "janesmith49",
    "bio": "Just a random bio for testing.",
    "location": "San Francisco, CA"
  },
  "timestamp": 1763841342.3601015
}
INFO:__main__:Sending to raw_ingestion: {
  "source_type": "deep_web",
  "dataset": "Collection #1",
  "raw_data": {
    "email": "alice.j@company.net",
    "password_hash": "sha1:2728132408212846180",
    "ip_address": "192.168.1.24"
  },
  "timestamp": 1763841342.360277
}
INFO:__main__:Sending to raw_ingestion: {
  "source_type": "surface_web",
  "url": "https://tiktok.com/alicejohnson48",
  "raw_data": {
    "name": "Alice Johnson",
    "username": "alicejohnson48",
    "bio": "Just a random bio for testing.",
    "location": "San Francisco, CA"
  },
  "timestamp": 1763841345.3604574
}
INFO:__main__:Sending to raw_ingestion: {
  "source_type": "deep_web",
  "dataset": "Collection #1",
  "raw_data": {
    "email": "jdoe@example.com",
    "password_hash": "sha1:-5088143581403502930",
    "ip_address": "192.168.1.227"
  },
  "timestamp": 1763841345.360634
}
INFO:__main__:Sending to raw_ingestion: {
  "source_type": "surface_web",
  "url": "https://tiktok.com/michaelchen29",
  "raw_data": {
    "name": "Michael Chen",
    "username": "michaelchen29",
    "bio": "Just a random bio for testing.",
    "location": "San Francisco, CA"
  },
  "timestamp": 1763841348.3609395
}
INFO:__main__:Sending to raw_ingestion: {
  "source_type": "deep_web",
  "dataset": "Collection #1",
  "raw_data": {
    "email": "jane.s@test.org",
    "password_hash": "sha1:-2943485423592944647",
    "ip_address": "192.168.1.143"
  },
  "timestamp": 1763841348.3611276
}
INFO:__main__:Sending to raw_ingestion: {
  "source_type": "surface_web",
  "url": "https://tiktok.com/michaelchen58",
  "raw_data": {
    "name": "Michael Chen",
    "username": "michaelchen58",
    "bio": "Just a random bio for testing.",
    "location": "San Francisco, CA"
  },
  "timestamp": 1763841351.3613026
}
INFO:__main__:Sending to raw_ingestion: {
  "source_type": "deep_web",
  "dataset": "Collection #1",
  "raw_data": {
    "email": "alice.j@company.net",
    "password_hash": "sha1:2728132408212846180",
    "ip_address": "192.168.1.240"
  },
  "timestamp": 1763841351.3614824
}
INFO:__main__:Sending to raw_ingestion: {
  "source_type": "surface_web",
  "url": "https://instagram.com/evabrown81",
  "raw_data": {
    "name": "Eva Brown",
    "username": "evabrown81",
    "bio": "Just a random bio for testing.",
    "location": "San Francisco, CA"
  },
  "timestamp": 1763841354.361639
}
INFO:__main__:Sending to raw_ingestion: {
  "source_type": "deep_web",
  "dataset": "Collection #1",
  "raw_data": {
    "email": "jane.s@test.org",
    "password_hash": "sha1:-2943485423592944647",
    "ip_address": "192.168.1.170"
  },
  "timestamp": 1763841354.3618445
}
INFO:__main__:Sending to raw_ingestion: {
  "source_type": "surface_web",
  "url": "https://twitter.com/bobwilliams38",
  "raw_data": {
    "name": "Bob Williams",
    "username": "bobwilliams38",
    "bio": "Just a random bio for testing.",
    "location": "San Francisco, CA"
  },
  "timestamp": 1763841357.3620129
}
INFO:__main__:Sending to raw_ingestion: {
  "source_type": "deep_web",
  "dataset": "Collection #1",
  "raw_data": {
    "email": "alice.j@company.net",
    "password_hash": "sha1:1450859526763802376",
    "ip_address": "192.168.1.28"
  },
  "timestamp": 1763841357.3623888
}
INFO:__main__:Sending to raw_ingestion: {
  "source_type": "surface_web",
  "url": "https://linkedin.com/janesmith2",
  "raw_data": {
    "name": "Jane Smith",
    "username": "janesmith2",
    "bio": "Just a random bio for testing.",
    "location": "San Francisco, CA"
  },
  "timestamp": 1763841360.3627043
}
INFO:__main__:Sending to raw_ingestion: {
  "source_type": "deep_web",
  "dataset": "Collection #1",
  "raw_data": {
    "email": "alice.j@company.net",
    "password_hash": "sha1:2728132408212846180",
    "ip_address": "192.168.1.131"
  },
  "timestamp": 1763841360.3631678
}
INFO:__main__:Sending to raw_ingestion: {
  "source_type": "surface_web",
  "url": "https://twitter.com/evabrown40",
  "raw_data": {
    "name": "Eva Brown",
    "username": "evabrown40",
    "bio": "Just a random bio for testing.",
    "location": "San Francisco, CA"
  },
  "timestamp": 1763841363.363527
}
INFO:__main__:Sending to raw_ingestion: {
  "source_type": "deep_web",
  "dataset": "Collection #1",
  "raw_data": {
    "email": "jdoe@example.com",
    "password_hash": "sha1:1450859526763802376",
    "ip_address": "192.168.1.191"
  },
  "timestamp": 1763841363.3637156
}
INFO:__main__:Sending to raw_ingestion: {
  "source_type": "surface_web",
  "url": "https://twitter.com/bobwilliams72",
  "raw_data": {
    "name": "Bob Williams",
    "username": "bobwilliams72",
    "bio": "Just a random bio for testing.",
    "location": "San Francisco, CA"
  },
  "timestamp": 1763841366.363897
}
INFO:__main__:Sending to raw_ingestion: {
  "source_type": "deep_web",
  "dataset": "Collection #1",
  "raw_data": {
    "email": "bob.w@provider.com",
    "password_hash": "sha1:-5088143581403502930",
    "ip_address": "192.168.1.87"
  },
  "timestamp": 1763841366.3641238
}
INFO:__main__:Sending to raw_ingestion: {
  "source_type": "surface_web",
  "url": "https://instagram.com/janesmith79",
  "raw_data": {
    "name": "Jane Smith",
    "username": "janesmith79",
    "bio": "Just a random bio for testing.",
    "location": "San Francisco, CA"
  },
  "timestamp": 1763841369.3644128
}
INFO:__main__:Sending to raw_ingestion: {
  "source_type": "deep_web",
  "dataset": "Collection #1",
  "raw_data": {
    "email": "jane.s@test.org",
    "password_hash": "sha1:8955215528844269238",
    "ip_address": "192.168.1.104"
  },
  "timestamp": 1763841369.3648243
}
INFO:__main__:Sending to raw_ingestion: {
  "source_type": "surface_web",
  "url": "https://twitter.com/janesmith66",
  "raw_data": {
    "name": "Jane Smith",
    "username": "janesmith66",
    "bio": "Just a random bio for testing.",
    "location": "San Francisco, CA"
  },
  "timestamp": 1763841372.3649912
}
INFO:__main__:Sending to raw_ingestion: {
  "source_type": "deep_web",
  "dataset": "Collection #1",
  "raw_data": {
    "email": "jane.s@test.org",
    "password_hash": "sha1:-2943485423592944647",
    "ip_address": "192.168.1.76"
  },
  "timestamp": 1763841372.365231
}
INFO:__main__:Sending to raw_ingestion: {
  "source_type": "surface_web",
  "url": "https://tiktok.com/michaelchen11",
  "raw_data": {
    "name": "Michael Chen",
    "username": "michaelchen11",
    "bio": "Just a random bio for testing.",
    "location": "San Francisco, CA"
  },
  "timestamp": 1763841375.365441
}
INFO:__main__:Sending to raw_ingestion: {
  "source_type": "deep_web",
  "dataset": "Collection #1",
  "raw_data": {
    "email": "jdoe@example.com",
    "password_hash": "sha1:8955215528844269238",
    "ip_address": "192.168.1.211"
  },
  "timestamp": 1763841375.3657787
}
INFO:__main__:Sending to raw_ingestion: {
  "source_type": "surface_web",
  "url": "https://twitter.com/johndoe24",
  "raw_data": {
    "name": "John Doe",
    "username": "johndoe24",
    "bio": "Just a random bio for testing.",
    "location": "San Francisco, CA"
  },
  "timestamp": 1763841378.3661385
}
INFO:__main__:Sending to raw_ingestion: {
  "source_type": "deep_web",
  "dataset": "Collection #1",
  "raw_data": {
    "email": "jane.s@test.org",
    "password_hash": "sha1:-5088143581403502930",
    "ip_address": "192.168.1.240"
  },
  "timestamp": 1763841378.3663979
}
INFO:__main__:Sending to raw_ingestion: {
  "source_type": "surface_web",
  "url": "https://instagram.com/johndoe55",
  "raw_data": {
    "name": "John Doe",
    "username": "johndoe55",
    "bio": "Just a random bio for testing.",
    "location": "San Francisco, CA"
  },
  "timestamp": 1763841381.3665936
}
INFO:__main__:Sending to raw_ingestion: {
  "source_type": "deep_web",
  "dataset": "Collection #1",
  "raw_data": {
    "email": "bob.w@provider.com",
    "password_hash": "sha1:1450859526763802376",
    "ip_address": "192.168.1.118"
  },
  "timestamp": 1763841381.3668656
}
INFO:__main__:Sending to raw_ingestion: {
  "source_type": "surface_web",
  "url": "https://instagram.com/evabrown97",
  "raw_data": {
    "name": "Eva Brown",
    "username": "evabrown97",
    "bio": "Just a random bio for testing.",
    "location": "San Francisco, CA"
  },
  "timestamp": 1763841384.3670871
}
INFO:__main__:Sending to raw_ingestion: {
  "source_type": "deep_web",
  "dataset": "Collection #1",
  "raw_data": {
    "email": "jane.s@test.org",
    "password_hash": "sha1:8955215528844269238",
    "ip_address": "192.168.1.246"
  },
  "timestamp": 1763841384.3673534
}
INFO:__main__:Sending to raw_ingestion: {
  "source_type": "surface_web",
  "url": "https://linkedin.com/michaelchen31",
  "raw_data": {
    "name": "Michael Chen",
    "username": "michaelchen31",
    "bio": "Just a random bio for testing.",
    "location": "San Francisco, CA"
  },
  "timestamp": 1763841387.367528
}
INFO:__main__:Sending to raw_ingestion: {
  "source_type": "deep_web",
  "dataset": "Collection #1",
  "raw_data": {
    "email": "bob.w@provider.com",
    "password_hash": "sha1:-2943485423592944647",
    "ip_address": "192.168.1.125"
  },
  "timestamp": 1763841387.3676407
}
INFO:__main__:Sending to raw_ingestion: {
  "source_type": "surface_web",
  "url": "https://tiktok.com/janesmith80",
  "raw_data": {
    "name": "Jane Smith",
    "username": "janesmith80",
    "bio": "Just a random bio for testing.",
    "location": "San Francisco, CA"
  },
  "timestamp": 1763841390.3677645
}
INFO:__main__:Sending to raw_ingestion: {
  "source_type": "deep_web",
  "dataset": "Collection #1",
  "raw_data": {
    "email": "jane.s@test.org",
    "password_hash": "sha1:2728132408212846180",
    "ip_address": "192.168.1.10"
  },
  "timestamp": 1763841390.3678923
}
INFO:__main__:Sending to raw_ingestion: {
  "source_type": "surface_web",
  "url": "https://instagram.com/alicejohnson66",
  "raw_data": {
    "name": "Alice Johnson",
    "username": "alicejohnson66",
    "bio": "Just a random bio for testing.",
    "location": "San Francisco, CA"
  },
  "timestamp": 1763841393.3681483
}
INFO:__main__:Sending to raw_ingestion: {
  "source_type": "deep_web",
  "dataset": "Collection #1",
  "raw_data": {
    "email": "jdoe@example.com",
    "password_hash": "sha1:-2943485423592944647",
    "ip_address": "192.168.1.147"
  },
  "timestamp": 1763841393.3685913
}
INFO:__main__:Sending to raw_ingestion: {
  "source_type": "surface_web",
  "url": "https://instagram.com/michaelchen63",
  "raw_data": {
    "name": "Michael Chen",
    "username": "michaelchen63",
    "bio": "Just a random bio for testing.",
    "location": "San Francisco, CA"
  },
  "timestamp": 1763841396.3687575
}
INFO:__main__:Sending to raw_ingestion: {
  "source_type": "deep_web",
  "dataset": "Collection #1",
  "raw_data": {
    "email": "jane.s@test.org",
    "password_hash": "sha1:-2943485423592944647",
    "ip_address": "192.168.1.234"
  },
  "timestamp": 1763841396.3688912
}
INFO:__main__:Sending to raw_ingestion: {
  "source_type": "surface_web",
  "url": "https://linkedin.com/alicejohnson67",
  "raw_data": {
    "name": "Alice Johnson",
    "username": "alicejohnson67",
    "bio": "Just a random bio for testing.",
    "location": "San Francisco, CA"
  },
  "timestamp": 1763841399.3690674
}
INFO:__main__:Sending to raw_ingestion: {
  "source_type": "deep_web",
  "dataset": "Collection #1",
  "raw_data": {
    "email": "alice.j@company.net",
    "password_hash": "sha1:2728132408212846180",
    "ip_address": "192.168.1.248"
  },
  "timestamp": 1763841399.3692708
}
INFO:__main__:Sending to raw_ingestion: {
  "source_type": "surface_web",
  "url": "https://linkedin.com/janesmith19",
  "raw_data": {
    "name": "Jane Smith",
    "username": "janesmith19",
    "bio": "Just a random bio for testing.",
    "location": "San Francisco, CA"
  },
  "timestamp": 1763841402.369542
}
INFO:__main__:Sending to raw_ingestion: {
  "source_type": "deep_web",
  "dataset": "Collection #1",
  "raw_data": {
    "email": "bob.w@provider.com",
    "password_hash": "sha1:-5088143581403502930",
    "ip_address": "192.168.1.30"
  },
  "timestamp": 1763841402.3697655
}
INFO:__main__:Sending to raw_ingestion: {
  "source_type": "surface_web",
  "url": "https://instagram.com/johndoe41",
  "raw_data": {
    "name": "John Doe",
    "username": "johndoe41",
    "bio": "Just a random bio for testing.",
    "location": "San Francisco, CA"
  },
  "timestamp": 1763841405.3699484
}
INFO:__main__:Sending to raw_ingestion: {
  "source_type": "deep_web",
  "dataset": "Collection #1",
  "raw_data": {
    "email": "jane.s@test.org",
    "password_hash": "sha1:2728132408212846180",
    "ip_address": "192.168.1.98"
  },
  "timestamp": 1763841405.3701427
}
INFO:__main__:Sending to raw_ingestion: {
  "source_type": "surface_web",
  "url": "https://twitter.com/michaelchen21",
  "raw_data": {
    "name": "Michael Chen",
    "username": "michaelchen21",
    "bio": "Just a random bio for testing.",
    "location": "San Francisco, CA"
  },
  "timestamp": 1763841408.3704562
}
INFO:__main__:Sending to raw_ingestion: {
  "source_type": "deep_web",
  "dataset": "Collection #1",
  "raw_data": {
    "email": "jane.s@test.org",
    "password_hash": "sha1:2728132408212846180",
    "ip_address": "192.168.1.221"
  },
  "timestamp": 1763841408.370679
}
INFO:__main__:Sending to raw_ingestion: {
  "source_type": "surface_web",
  "url": "https://twitter.com/janesmith43",
  "raw_data": {
    "name": "Jane Smith",
    "username": "janesmith43",
    "bio": "Just a random bio for testing.",
    "location": "San Francisco, CA"
  },
  "timestamp": 1763841411.3709085
}
INFO:__main__:Sending to raw_ingestion: {
  "source_type": "deep_web",
  "dataset": "Collection #1",
  "raw_data": {
    "email": "bob.w@provider.com",
    "password_hash": "sha1:1450859526763802376",
    "ip_address": "192.168.1.135"
  },
  "timestamp": 1763841411.3711967
}
INFO:__main__:Sending to raw_ingestion: {
  "source_type": "surface_web",
  "url": "https://tiktok.com/janesmith18",
  "raw_data": {
    "name": "Jane Smith",
    "username": "janesmith18",
    "bio": "Just a random bio for testing.",
    "location": "San Francisco, CA"
  },
  "timestamp": 1763841414.3716462
}
INFO:__main__:Sending to raw_ingestion: {
  "source_type": "deep_web",
  "dataset": "Collection #1",
  "raw_data": {
    "email": "jdoe@example.com",
    "password_hash": "sha1:8955215528844269238",
    "ip_address": "192.168.1.94"
  },
  "timestamp": 1763841414.3721168
}
ngestion: {
  "source_type": "surface_web",
  "url": "https://instagram.com/bobwilliams23",
  "raw_data": {
    "name": "Bob Williams",
    "username": "bobwilliams23",
    "bio": "Just a random bio for testing.",
    "location": "San Francisco, CA"
  },
  "timestamp": 1763840618.7832654
}
INFO:__main__:Sending to raw_ingestion: {
  "source_type": "deep_web",
  "dataset": "Collection #1",
  "raw_data": {
    "email": "jdoe@example.com",
    "password_hash": "sha1:-3127622867991845642",
    "ip_address": "192.168.1.131"
  },
  "timestamp": 1763840618.7833645
}
INFO:__main__:Sending to raw_ingestion: {
  "source_type": "surface_web",
  "url": "https://linkedin.com/bobwilliams19",
  "raw_data": {
    "name": "Bob Williams",
    "username": "bobwilliams19",
    "bio": "Just a random bio for testing.",
    "location": "San Francisco, CA"
  },
  "timestamp": 1763840621.7835574
}
INFO:__main__:Sending to raw_ingestion: {
  "source_type": "deep_web",
  "dataset": "Collection #1",
  "raw_data": {
    "email": "jdoe@example.com",
    "password_hash": "sha1:1716697371150426012",
    "ip_address": "192.168.1.87"
  },
  "timestamp": 1763840621.783662
}
INFO:__main__:Sending to raw_ingestion: {
  "source_type": "surface_web",
  "url": "https://twitter.com/janesmith40",
  "raw_data": {
    "name": "Jane Smith",
    "username": "janesmith40",
    "bio": "Just a random bio for testing.",
    "location": "San Francisco, CA"
  },
  "timestamp": 1763840624.7838051
}
INFO:__main__:Sending to raw_ingestion: {
  "source_type": "deep_web",
  "dataset": "Collection #1",
  "raw_data": {
    "email": "jdoe@example.com",
    "password_hash": "sha1:-3127622867991845642",
    "ip_address": "192.168.1.254"
  },
  "timestamp": 1763840624.7839038
}
INFO:__main__:Sending to raw_ingestion: {
  "source_type": "surface_web",
  "url": "https://instagram.com/evabrown59",
  "raw_data": {
    "name": "Eva Brown",
    "username": "evabrown59",
    "bio": "Just a random bio for testing.",
    "location": "San Francisco, CA"
  },
  "timestamp": 1763840627.7840462
}
INFO:__main__:Sending to raw_ingestion: {
  "source_type": "deep_web",
  "dataset": "Collection #1",
  "raw_data": {
    "email": "alice.j@company.net",
    "password_hash": "sha1:-8191579093335833299",
    "ip_address": "192.168.1.149"
  },
  "timestamp": 1763840627.784148
}
INFO:__main__:Sending to raw_ingestion: {
  "source_type": "surface_web",
  "url": "https://instagram.com/michaelchen54",
  "raw_data": {
    "name": "Michael Chen",
    "username": "michaelchen54",
    "bio": "Just a random bio for testing.",
    "location": "San Francisco, CA"
  },
  "timestamp": 1763840630.784318
}
INFO:__main__:Sending to raw_ingestion: {
  "source_type": "deep_web",
  "dataset": "Collection #1",
  "raw_data": {
    "email": "alice.j@company.net",
    "password_hash": "sha1:-3180401589483841617",
    "ip_address": "192.168.1.119"
  },
  "timestamp": 1763840630.784521
}
INFO:__main__:Sending to raw_ingestion: {
  "source_type": "surface_web",
  "url": "https://tiktok.com/bobwilliams16",
  "raw_data": {
    "name": "Bob Williams",
    "username": "bobwilliams16",
    "bio": "Just a random bio for testing.",
    "location": "San Francisco, CA"
  },
  "timestamp": 1763840633.784665
}
INFO:__main__:Sending to raw_ingestion: {
  "source_type": "deep_web",
  "dataset": "Collection #1",
  "raw_data": {
    "email": "jdoe@example.com",
    "password_hash": "sha1:-8191579093335833299",
    "ip_address": "192.168.1.34"
  },
  "timestamp": 1763840633.784763
}
INFO:__main__:Sending to raw_ingestion: {
  "source_type": "surface_web",
  "url": "https://instagram.com/alicejohnson46",
  "raw_data": {
    "name": "Alice Johnson",
    "username": "alicejohnson46",
    "bio": "Just a random bio for testing.",
    "location": "San Francisco, CA"
  },
  "timestamp": 1763840636.7849398
}
INFO:__main__:Sending to raw_ingestion: {
  "source_type": "deep_web",
  "dataset": "Collection #1",
  "raw_data": {
    "email": "alice.j@company.net",
    "password_hash": "sha1:1716697371150426012",
    "ip_address": "192.168.1.41"
  },
  "timestamp": 1763840636.7851102
}
INFO:__main__:Sending to raw_ingestion: {
  "source_type": "surface_web",
  "url": "https://linkedin.com/johndoe47",
  "raw_data": {
    "name": "John Doe",
    "username": "johndoe47",
    "bio": "Just a random bio for testing.",
    "location": "San Francisco, CA"
  },
  "timestamp": 1763840639.785354
}
INFO:__main__:Sending to raw_ingestion: {
  "source_type": "deep_web",
  "dataset": "Collection #1",
  "raw_data": {
    "email": "alice.j@company.net",
    "password_hash": "sha1:-8191579093335833299",
    "ip_address": "192.168.1.120"
  },
  "timestamp": 1763840639.785463
}
INFO:__main__:Sending to raw_ingestion: {
  "source_type": "surface_web",
  "url": "https://instagram.com/evabrown92",
  "raw_data": {
    "name": "Eva Brown",
    "username": "evabrown92",
    "bio": "Just a random bio for testing.",
    "location": "San Francisco, CA"
  },
  "timestamp": 1763840642.7856443
}
INFO:__main__:Sending to raw_ingestion: {
  "source_type": "deep_web",
  "dataset": "Collection #1",
  "raw_data": {
    "email": "alice.j@company.net",
    "password_hash": "sha1:1716697371150426012",
    "ip_address": "192.168.1.92"
  },
  "timestamp": 1763840642.7857456
}
INFO:__main__:Sending to raw_ingestion: {
  "source_type": "surface_web",
  "url": "https://twitter.com/janesmith75",
  "raw_data": {
    "name": "Jane Smith",
    "username": "janesmith75",
    "bio": "Just a random bio for testing.",
    "location": "San Francisco, CA"
  },
  "timestamp": 1763840645.7858894
}
INFO:__main__:Sending to raw_ingestion: {
  "source_type": "deep_web",
  "dataset": "Collection #1",
  "raw_data": {
    "email": "jdoe@example.com",
    "password_hash": "sha1:-3180401589483841617",
    "ip_address": "192.168.1.85"
  },
  "timestamp": 1763840645.7859912
}
INFO:__main__:Sending to raw_ingestion: {
  "source_type": "surface_web",
  "url": "https://linkedin.com/bobwilliams7",
  "raw_data": {
    "name": "Bob Williams",
    "username": "bobwilliams7",
    "bio": "Just a random bio for testing.",
    "location": "San Francisco, CA"
  },
  "timestamp": 1763840648.786138
}
INFO:__main__:Sending to raw_ingestion: {
  "source_type": "deep_web",
  "dataset": "Collection #1",
  "raw_data": {
    "email": "bob.w@provider.com",
    "password_hash": "sha1:-5847721951659136944",
    "ip_address": "192.168.1.125"
  },
  "timestamp": 1763840648.7862568
}
INFO:__main__:Sending to raw_ingestion: {
  "source_type": "surface_web",
  "url": "https://instagram.com/bobwilliams53",
  "raw_data": {
    "name": "Bob Williams",
    "username": "bobwilliams53",
    "bio": "Just a random bio for testing.",
    "location": "San Francisco, CA"
  },
  "timestamp": 1763840651.7863963
}
INFO:__main__:Sending to raw_ingestion: {
  "source_type": "deep_web",
  "dataset": "Collection #1",
  "raw_data": {
    "email": "bob.w@provider.com",
    "password_hash": "sha1:-8191579093335833299",
    "ip_address": "192.168.1.61"
  },
  "timestamp": 1763840651.7864988
}
INFO:__main__:Sending to raw_ingestion: {
  "source_type": "surface_web",
  "url": "https://twitter.com/michaelchen70",
  "raw_data": {
    "name": "Michael Chen",
    "username": "michaelchen70",
    "bio": "Just a random bio for testing.",
    "location": "San Francisco, CA"
  },
  "timestamp": 1763840654.78664
}
INFO:__main__:Sending to raw_ingestion: {
  "source_type": "deep_web",
  "dataset": "Collection #1",
  "raw_data": {
    "email": "alice.j@company.net",
    "password_hash": "sha1:-5847721951659136944",
    "ip_address": "192.168.1.87"
  },
  "timestamp": 1763840654.7867403
}
INFO:__main__:Sending to raw_ingestion: {
  "source_type": "surface_web",
  "url": "https://instagram.com/bobwilliams64",
  "raw_data": {
    "name": "Bob Williams",
    "username": "bobwilliams64",
    "bio": "Just a random bio for testing.",
    "location": "San Francisco, CA"
  },
  "timestamp": 1763840657.786886
}
INFO:__main__:Sending to raw_ingestion: {
  "source_type": "deep_web",
  "dataset": "Collection #1",
  "raw_data": {
    "email": "alice.j@company.net",
    "password_hash": "sha1:1716697371150426012",
    "ip_address": "192.168.1.52"
  },
  "timestamp": 1763840657.7869928
}
INFO:__main__:Sending to raw_ingestion: {
  "source_type": "surface_web",
  "url": "https://tiktok.com/johndoe89",
  "raw_data": {
    "name": "John Doe",
    "username": "johndoe89",
    "bio": "Just a random bio for testing.",
    "location": "San Francisco, CA"
  },
  "timestamp": 1763840660.7871327
}
INFO:__main__:Sending to raw_ingestion: {
  "source_type": "deep_web",
  "dataset": "Collection #1",
  "raw_data": {
    "email": "jdoe@example.com",
    "password_hash": "sha1:-3180401589483841617",
    "ip_address": "192.168.1.180"
  },
  "timestamp": 1763840660.7872522
}
INFO:__main__:Sending to raw_ingestion: {
  "source_type": "surface_web",
  "url": "https://linkedin.com/bobwilliams93",
  "raw_data": {
    "name": "Bob Williams",
    "username": "bobwilliams93",
    "bio": "Just a random bio for testing.",
    "location": "San Francisco, CA"
  },
  "timestamp": 1763840663.7874184
}
INFO:__main__:Sending to raw_ingestion: {
  "source_type": "deep_web",
  "dataset": "Collection #1",
  "raw_data": {
    "email": "bob.w@provider.com",
    "password_hash": "sha1:-5847721951659136944",
    "ip_address": "192.168.1.28"
  },
  "timestamp": 1763840663.7875834
}
INFO:__main__:Sending to raw_ingestion: {
  "source_type": "surface_web",
  "url": "https://tiktok.com/alicejohnson46",
  "raw_data": {
    "name": "Alice Johnson",
    "username": "alicejohnson46",
    "bio": "Just a random bio for testing.",
    "location": "San Francisco, CA"
  },
  "timestamp": 1763840666.7878494
}
INFO:__main__:Sending to raw_ingestion: {
  "source_type": "deep_web",
  "dataset": "Collection #1",
  "raw_data": {
    "email": "jdoe@example.com",
    "password_hash": "sha1:-3127622867991845642",
    "ip_address": "192.168.1.208"
  },
  "timestamp": 1763840666.7881234
}
INFO:__main__:Sending to raw_ingestion: {
  "source_type": "surface_web",
  "url": "https://linkedin.com/janesmith15",
  "raw_data": {
    "name": "Jane Smith",
    "username": "janesmith15",
    "bio": "Just a random bio for testing.",
    "location": "San Francisco, CA"
  },
  "timestamp": 1763840669.7883146
}
INFO:__main__:Sending to raw_ingestion: {
  "source_type": "deep_web",
  "dataset": "Collection #1",
  "raw_data": {
    "email": "jane.s@test.org",
    "password_hash": "sha1:-3127622867991845642",
    "ip_address": "192.168.1.53"
  },
  "timestamp": 1763840669.7884762
}
INFO:__main__:Sending to raw_ingestion: {
  "source_type": "surface_web",
  "url": "https://twitter.com/michaelchen95",
  "raw_data": {
    "name": "Michael Chen",
    "username": "michaelchen95",
    "bio": "Just a random bio for testing.",
    "location": "San Francisco, CA"
  },
  "timestamp": 1763840672.7886517
}
INFO:__main__:Sending to raw_ingestion: {
  "source_type": "deep_web",
  "dataset": "Collection #1",
  "raw_data": {
    "email": "alice.j@company.net",
    "password_hash": "sha1:-8191579093335833299",
    "ip_address": "192.168.1.249"
  },
  "timestamp": 1763840672.7888181
}
INFO:__main__:Sending to raw_ingestion: {
  "source_type": "surface_web",
  "url": "https://linkedin.com/michaelchen85",
  "raw_data": {
    "name": "Michael Chen",
    "username": "michaelchen85",
    "bio": "Just a random bio for testing.",
    "location": "San Francisco, CA"
  },
  "timestamp": 1763840675.788995
}
INFO:__main__:Sending to raw_ingestion: {
  "source_type": "deep_web",
  "dataset": "Collection #1",
  "raw_data": {
    "email": "bob.w@provider.com",
    "password_hash": "sha1:-5847721951659136944",
    "ip_address": "192.168.1.57"
  },
  "timestamp": 1763840675.789229
}
INFO:__main__:Sending to raw_ingestion: {
  "source_type": "surface_web",
  "url": "https://twitter.com/evabrown16",
  "raw_data": {
    "name": "Eva Brown",
    "username": "evabrown16",
    "bio": "Just a random bio for testing.",
    "location": "San Francisco, CA"
  },
  "timestamp": 1763840678.789449
}
INFO:__main__:Sending to raw_ingestion: {
  "source_type": "deep_web",
  "dataset": "Collection #1",
  "raw_data": {
    "email": "bob.w@provider.com",
    "password_hash": "sha1:1716697371150426012",
    "ip_address": "192.168.1.167"
  },
  "timestamp": 1763840678.7897506
}
INFO:__main__:Sending to raw_ingestion: {
  "source_type": "surface_web",
  "url": "https://instagram.com/alicejohnson40",
  "raw_data": {
    "name": "Alice Johnson",
    "username": "alicejohnson40",
    "bio": "Just a random bio for testing.",
    "location": "San Francisco, CA"
  },
  "timestamp": 1763840681.789951
}
INFO:__main__:Sending to raw_ingestion: {
  "source_type": "deep_web",
  "dataset": "Collection #1",
  "raw_data": {
    "email": "jane.s@test.org",
    "password_hash": "sha1:-3127622867991845642",
    "ip_address": "192.168.1.28"
  },
  "timestamp": 1763840681.7902055
}
INFO:__main__:Sending to raw_ingestion: {
  "source_type": "surface_web",
  "url": "https://instagram.com/janesmith7",
  "raw_data": {
    "name": "Jane Smith",
    "username": "janesmith7",
    "bio": "Just a random bio for testing.",
    "location": "San Francisco, CA"
  },
  "timestamp": 1763840684.7904544
}
INFO:__main__:Sending to raw_ingestion: {
  "source_type": "deep_web",
  "dataset": "Collection #1",
  "raw_data": {
    "email": "bob.w@provider.com",
    "password_hash": "sha1:-3180401589483841617",
    "ip_address": "192.168.1.92"
  },
  "timestamp": 1763840684.7907746
}
INFO:__main__:Sending to raw_ingestion: {
  "source_type": "surface_web",
  "url": "https://twitter.com/alicejohnson78",
  "raw_data": {
    "name": "Alice Johnson",
    "username": "alicejohnson78",
    "bio": "Just a random bio for testing.",
    "location": "San Francisco, CA"
  },
  "timestamp": 1763840687.7909284
}
INFO:__main__:Sending to raw_ingestion: {
  "source_type": "deep_web",
  "dataset": "Collection #1",
  "raw_data": {
    "email": "jdoe@example.com",
    "password_hash": "sha1:-3180401589483841617",
    "ip_address": "192.168.1.171"
  },
  "timestamp": 1763840687.7911294
}
INFO:__main__:Sending to raw_ingestion: {
  "source_type": "surface_web",
  "url": "https://twitter.com/evabrown32",
  "raw_data": {
    "name": "Eva Brown",
    "username": "evabrown32",
    "bio": "Just a random bio for testing.",
    "location": "San Francisco, CA"
  },
  "timestamp": 1763840690.7912984
}
INFO:__main__:Sending to raw_ingestion: {
  "source_type": "deep_web",
  "dataset": "Collection #1",
  "raw_data": {
    "email": "bob.w@provider.com",
    "password_hash": "sha1:-3127622867991845642",
    "ip_address": "192.168.1.109"
  },
  "timestamp": 1763840690.7915623
}
INFO:__main__:Sending to raw_ingestion: {
  "source_type": "surface_web",
  "url": "https://twitter.com/michaelchen5",
  "raw_data": {
    "name": "Michael Chen",
    "username": "michaelchen5",
    "bio": "Just a random bio for testing.",
    "location": "San Francisco, CA"
  },
  "timestamp": 1763840693.7917278
}
INFO:__main__:Sending to raw_ingestion: {
  "source_type": "deep_web",
  "dataset": "Collection #1",
  "raw_data": {
    "email": "alice.j@company.net",
    "password_hash": "sha1:-8191579093335833299",
    "ip_address": "192.168.1.172"
  },
  "timestamp": 1763840693.7918901
}
INFO:__main__:Sending to raw_ingestion: {
  "source_type": "surface_web",
  "url": "https://tiktok.com/bobwilliams96",
  "raw_data": {
    "name": "Bob Williams",
    "username": "bobwilliams96",
    "bio": "Just a random bio for testing.",
    "location": "San Francisco, CA"
  },
  "timestamp": 1763840696.7920575
}
INFO:__main__:Sending to raw_ingestion: {
  "source_type": "deep_web",
  "dataset": "Collection #1",
  "raw_data": {
    "email": "bob.w@provider.com",
    "password_hash": "sha1:-5847721951659136944",
    "ip_address": "192.168.1.50"
  },
  "timestamp": 1763840696.7922142
}
INFO:__main__:Sending to raw_ingestion: {
  "source_type": "surface_web",
  "url": "https://tiktok.com/alicejohnson41",
  "raw_data": {
    "name": "Alice Johnson",
    "username": "alicejohnson41",
    "bio": "Just a random bio for testing.",
    "location": "San Francisco, CA"
  },
  "timestamp": 1763840699.7924376
}
INFO:__main__:Sending to raw_ingestion: {
  "source_type": "deep_web",
  "dataset": "Collection #1",
  "raw_data": {
    "email": "jdoe@example.com",
    "password_hash": "sha1:-8191579093335833299",
    "ip_address": "192.168.1.25"
  },
  "timestamp": 1763840699.792589
}
INFO:__main__:Sending to raw_ingestion: {
  "source_type": "surface_web",
  "url": "https://linkedin.com/bobwilliams41",
  "raw_data": {
    "name": "Bob Williams",
    "username": "bobwilliams41",
    "bio": "Just a random bio for testing.",
    "location": "San Francisco, CA"
  },
  "timestamp": 1763840702.7928467
}
INFO:__main__:Sending to raw_ingestion: {
  "source_type": "deep_web",
  "dataset": "Collection #1",
  "raw_data": {
    "email": "bob.w@provider.com",
    "password_hash": "sha1:1716697371150426012",
    "ip_address": "192.168.1.190"
  },
  "timestamp": 1763840702.7931507
}
INFO:__main__:Sending to raw_ingestion: {
  "source_type": "surface_web",
  "url": "https://instagram.com/alicejohnson66",
  "raw_data": {
    "name": "Alice Johnson",
    "username": "alicejohnson66",
    "bio": "Just a random bio for testing.",
    "location": "San Francisco, CA"
  },
  "timestamp": 1763840705.7933815
}
INFO:__main__:Sending to raw_ingestion: {
  "source_type": "deep_web",
  "dataset": "Collection #1",
  "raw_data": {
    "email": "jdoe@example.com",
    "password_hash": "sha1:-5847721951659136944",
    "ip_address": "192.168.1.152"
  },
  "timestamp": 1763840705.79349
}
INFO:__main__:Sending to raw_ingestion: {
  "source_type": "surface_web",
  "url": "https://linkedin.com/evabrown46",
  "raw_data": {
    "name": "Eva Brown",
    "username": "evabrown46",
    "bio": "Just a random bio for testing.",
    "location": "San Francisco, CA"
  },
  "timestamp": 1763840708.793611
}
INFO:__main__:Sending to raw_ingestion: {
  "source_type": "deep_web",
  "dataset": "Collection #1",
  "raw_data": {
    "email": "jane.s@test.org",
    "password_hash": "sha1:-5847721951659136944",
    "ip_address": "192.168.1.184"
  },
  "timestamp": 1763840708.793723
}
INFO:__main__:Sending to raw_ingestion: {
  "source_type": "surface_web",
  "url": "https://instagram.com/bobwilliams29",
  "raw_data": {
    "name": "Bob Williams",
    "username": "bobwilliams29",
    "bio": "Just a random bio for testing.",
    "location": "San Francisco, CA"
  },
  "timestamp": 1763840711.7939003
}
INFO:__main__:Sending to raw_ingestion: {
  "source_type": "deep_web",
  "dataset": "Collection #1",
  "raw_data": {
    "email": "jdoe@example.com",
    "password_hash": "sha1:-3180401589483841617",
    "ip_address": "192.168.1.58"
  },
  "timestamp": 1763840711.7940657
}
INFO:__main__:Sending to raw_ingestion: {
  "source_type": "surface_web",
  "url": "https://twitter.com/johndoe68",
  "raw_data": {
    "name": "John Doe",
    "username": "johndoe68",
    "bio": "Just a random bio for testing.",
    "location": "San Francisco, CA"
  },
  "timestamp": 1763840714.7942467
}
INFO:__main__:Sending to raw_ingestion: {
  "source_type": "deep_web",
  "dataset": "Collection #1",
  "raw_data": {
    "email": "bob.w@provider.com",
    "password_hash": "sha1:-8191579093335833299",
    "ip_address": "192.168.1.73"
  },
  "timestamp": 1763840714.794371
}
INFO:__main__:Sending to raw_ingestion: {
  "source_type": "surface_web",
  "url": "https://twitter.com/evabrown9",
  "raw_data": {
    "name": "Eva Brown",
    "username": "evabrown9",
    "bio": "Just a random bio for testing.",
    "location": "San Francisco, CA"
  },
  "timestamp": 1763840717.7945166
}
INFO:__main__:Sending to raw_ingestion: {
  "source_type": "deep_web",
  "dataset": "Collection #1",
  "raw_data": {
    "email": "jdoe@example.com",
    "password_hash": "sha1:-3127622867991845642",
    "ip_address": "192.168.1.2"
  },
  "timestamp": 1763840717.7946234
}
INFO:__main__:Sending to raw_ingestion: {
  "source_type": "surface_web",
  "url": "https://instagram.com/janesmith2",
  "raw_data": {
    "name": "Jane Smith",
    "username": "janesmith2",
    "bio": "Just a random bio for testing.",
    "location": "San Francisco, CA"
  },
  "timestamp": 1763840720.7947636
}
INFO:__main__:Sending to raw_ingestion: {
  "source_type": "deep_web",
  "dataset": "Collection #1",
  "raw_data": {
    "email": "alice.j@company.net",
    "password_hash": "sha1:-3127622867991845642",
    "ip_address": "192.168.1.228"
  },
  "timestamp": 1763840720.7948692
}
INFO:__main__:Sending to raw_ingestion: {
  "source_type": "surface_web",
  "url": "https://linkedin.com/michaelchen92",
  "raw_data": {
    "name": "Michael Chen",
    "username": "michaelchen92",
    "bio": "Just a random bio for testing.",
    "location": "San Francisco, CA"
  },
  "timestamp": 1763840723.7950232
}
INFO:__main__:Sending to raw_ingestion: {
  "source_type": "deep_web",
  "dataset": "Collection #1",
  "raw_data": {
    "email": "jane.s@test.org",
    "password_hash": "sha1:1716697371150426012",
    "ip_address": "192.168.1.235"
  },
  "timestamp": 1763840723.7952056
}
INFO:__main__:Sending to raw_ingestion: {
  "source_type": "surface_web",
  "url": "https://instagram.com/evabrown36",
  "raw_data": {
    "name": "Eva Brown",
    "username": "evabrown36",
    "bio": "Just a random bio for testing.",
    "location": "San Francisco, CA"
  },
  "timestamp": 1763840726.7954762
}
INFO:__main__:Sending to raw_ingestion: {
  "source_type": "deep_web",
  "dataset": "Collection #1",
  "raw_data": {
    "email": "jdoe@example.com",
    "password_hash": "sha1:-5847721951659136944",
    "ip_address": "192.168.1.205"
  },
  "timestamp": 1763840726.7956762
}
INFO:__main__:Sending to raw_ingestion: {
  "source_type": "surface_web",
  "url": "https://tiktok.com/alicejohnson4",
  "raw_data": {
    "name": "Alice Johnson",
    "username": "alicejohnson4",
    "bio": "Just a random bio for testing.",
    "location": "San Francisco, CA"
  },
  "timestamp": 1763840729.7959373
}
INFO:__main__:Sending to raw_ingestion: {
  "source_type": "deep_web",
  "dataset": "Collection #1",
  "raw_data": {
    "email": "jane.s@test.org",
    "password_hash": "sha1:1716697371150426012",
    "ip_address": "192.168.1.254"
  },
  "timestamp": 1763840729.796125
}
INFO:__main__:Sending to raw_ingestion: {
  "source_type": "surface_web",
  "url": "https://tiktok.com/alicejohnson67",
  "raw_data": {
    "name": "Alice Johnson",
    "username": "alicejohnson67",
    "bio": "Just a random bio for testing.",
    "location": "San Francisco, CA"
  },
  "timestamp": 1763840732.7963443
}
INFO:__main__:Sending to raw_ingestion: {
  "source_type": "deep_web",
  "dataset": "Collection #1",
  "raw_data": {
    "email": "jane.s@test.org",
    "password_hash": "sha1:-5847721951659136944",
    "ip_address": "192.168.1.21"
  },
  "timestamp": 1763840732.7964897
}
INFO:__main__:Sending to raw_ingestion: {
  "source_type": "surface_web",
  "url": "https://twitter.com/alicejohnson41",
  "raw_data": {
    "name": "Alice Johnson",
    "username": "alicejohnson41",
    "bio": "Just a random bio for testing.",
    "location": "San Francisco, CA"
  },
  "timestamp": 1763840735.7967582
}
INFO:__main__:Sending to raw_ingestion: {
  "source_type": "deep_web",
  "dataset": "Collection #1",
  "raw_data": {
    "email": "jane.s@test.org",
    "password_hash": "sha1:1716697371150426012",
    "ip_address": "192.168.1.134"
  },
  "timestamp": 1763840735.7969444
}
INFO:__main__:Sending to raw_ingestion: {
  "source_type": "surface_web",
  "url": "https://twitter.com/janesmith15",
  "raw_data": {
    "name": "Jane Smith",
    "username": "janesmith15",
    "bio": "Just a random bio for testing.",
    "location": "San Francisco, CA"
  },
  "timestamp": 1763840738.797112
}
INFO:__main__:Sending to raw_ingestion: {
  "source_type": "deep_web",
  "dataset": "Collection #1",
  "raw_data": {
    "email": "bob.w@provider.com",
    "password_hash": "sha1:-5847721951659136944",
    "ip_address": "192.168.1.168"
  },
  "timestamp": 1763840738.7974277
}
INFO:__main__:Sending to raw_ingestion: {
  "source_type": "surface_web",
  "url": "https://tiktok.com/evabrown2",
  "raw_data": {
    "name": "Eva Brown",
    "username": "evabrown2",
    "bio": "Just a random bio for testing.",
    "location": "San Francisco, CA"
  },
  "timestamp": 1763840741.7977006
}
INFO:__main__:Sending to raw_ingestion: {
  "source_type": "deep_web",
  "dataset": "Collection #1",
  "raw_data": {
    "email": "jane.s@test.org",
    "password_hash": "sha1:-5847721951659136944",
    "ip_address": "192.168.1.145"
  },
  "timestamp": 1763840741.797907
}
INFO:__main__:Sending to raw_ingestion: {
  "source_type": "surface_web",
  "url": "https://instagram.com/janesmith23",
  "raw_data": {
    "name": "Jane Smith",
    "username": "janesmith23",
    "bio": "Just a random bio for testing.",
    "location": "San Francisco, CA"
  },
  "timestamp": 1763840744.7980814
}
INFO:__main__:Sending to raw_ingestion: {
  "source_type": "deep_web",
  "dataset": "Collection #1",
  "raw_data": {
    "email": "jdoe@example.com",
    "password_hash": "sha1:-3180401589483841617",
    "ip_address": "192.168.1.91"
  },
  "timestamp": 1763840744.7982743
}
INFO:__main__:Sending to raw_ingestion: {
  "source_type": "surface_web",
  "url": "https://linkedin.com/michaelchen5",
  "raw_data": {
    "name": "Michael Chen",
    "username": "michaelchen5",
    "bio": "Just a random bio for testing.",
    "location": "San Francisco, CA"
  },
  "timestamp": 1763840747.798438
}
INFO:__main__:Sending to raw_ingestion: {
  "source_type": "deep_web",
  "dataset": "Collection #1",
  "raw_data": {
    "email": "alice.j@company.net",
    "password_hash": "sha1:-3127622867991845642",
    "ip_address": "192.168.1.125"
  },
  "timestamp": 1763840747.7986155
}
INFO:__main__:Sending to raw_ingestion: {
  "source_type": "surface_web",
  "url": "https://linkedin.com/johndoe22",
  "raw_data": {
    "name": "John Doe",
    "username": "johndoe22",
    "bio": "Just a random bio for testing.",
    "location": "San Francisco, CA"
  },
  "timestamp": 1763840750.798783
}
INFO:__main__:Sending to raw_ingestion: {
  "source_type": "deep_web",
  "dataset": "Collection #1",
  "raw_data": {
    "email": "alice.j@company.net",
    "password_hash": "sha1:-3180401589483841617",
    "ip_address": "192.168.1.59"
  },
  "timestamp": 1763840750.7989647
}
INFO:__main__:Sending to raw_ingestion: {
  "source_type": "surface_web",
  "url": "https://tiktok.com/janesmith21",
  "raw_data": {
    "name": "Jane Smith",
    "username": "janesmith21",
    "bio": "Just a random bio for testing.",
    "location": "San Francisco, CA"
  },
  "timestamp": 1763840753.7992926
}
INFO:__main__:Sending to raw_ingestion: {
  "source_type": "deep_web",
  "dataset": "Collection #1",
  "raw_data": {
    "email": "alice.j@company.net",
    "password_hash": "sha1:-8191579093335833299",
    "ip_address": "192.168.1.107"
  },
  "timestamp": 1763840753.7995791
}
INFO:__main__:Sending to raw_ingestion: {
  "source_type": "surface_web",
  "url": "https://linkedin.com/michaelchen2",
  "raw_data": {
    "name": "Michael Chen",
    "username": "michaelchen2",
    "bio": "Just a random bio for testing.",
    "location": "San Francisco, CA"
  },
  "timestamp": 1763840756.7997632
}
INFO:__main__:Sending to raw_ingestion: {
  "source_type": "deep_web",
  "dataset": "Collection #1",
  "raw_data": {
    "email": "jane.s@test.org",
    "password_hash": "sha1:-5847721951659136944",
    "ip_address": "192.168.1.191"
  },
  "timestamp": 1763840756.799976
}
INFO:__main__:Sending to raw_ingestion: {
  "source_type": "surface_web",
  "url": "https://twitter.com/bobwilliams75",
  "raw_data": {
    "name": "Bob Williams",
    "username": "bobwilliams75",
    "bio": "Just a random bio for testing.",
    "location": "San Francisco, CA"
  },
  "timestamp": 1763840759.8001502
}
INFO:__main__:Sending to raw_ingestion: {
  "source_type": "deep_web",
  "dataset": "Collection #1",
  "raw_data": {
    "email": "bob.w@provider.com",
    "password_hash": "sha1:1716697371150426012",
    "ip_address": "192.168.1.252"
  },
  "timestamp": 1763840759.8003502
}
INFO:__main__:Sending to raw_ingestion: {
  "source_type": "surface_web",
  "url": "https://tiktok.com/evabrown91",
  "raw_data": {
    "name": "Eva Brown",
    "username": "evabrown91",
    "bio": "Just a random bio for testing.",
    "location": "San Francisco, CA"
  },
  "timestamp": 1763840762.8005197
}
INFO:__main__:Sending to raw_ingestion: {
  "source_type": "deep_web",
  "dataset": "Collection #1",
  "raw_data": {
    "email": "alice.j@company.net",
    "password_hash": "sha1:-3127622867991845642",
    "ip_address": "192.168.1.130"
  },
  "timestamp": 1763840762.800721
}
INFO:__main__:Sending to raw_ingestion: {
  "source_type": "surface_web",
  "url": "https://instagram.com/johndoe11",
  "raw_data": {
    "name": "John Doe",
    "username": "johndoe11",
    "bio": "Just a random bio for testing.",
    "location": "San Francisco, CA"
  },
  "timestamp": 1763840765.8009233
}
INFO:__main__:Sending to raw_ingestion: {
  "source_type": "deep_web",
  "dataset": "Collection #1",
  "raw_data": {
    "email": "jdoe@example.com",
    "password_hash": "sha1:-3127622867991845642",
    "ip_address": "192.168.1.243"
  },
  "timestamp": 1763840765.80113
}
INFO:__main__:Sending to raw_ingestion: {
  "source_type": "surface_web",
  "url": "https://tiktok.com/janesmith14",
  "raw_data": {
    "name": "Jane Smith",
    "username": "janesmith14",
    "bio": "Just a random bio for testing.",
    "location": "San Francisco, CA"
  },
  "timestamp": 1763840768.8013372
}
INFO:__main__:Sending to raw_ingestion: {
  "source_type": "deep_web",
  "dataset": "Collection #1",
  "raw_data": {
    "email": "jane.s@test.org",
    "password_hash": "sha1:-5847721951659136944",
    "ip_address": "192.168.1.61"
  },
  "timestamp": 1763840768.8015332
}
INFO:__main__:Sending to raw_ingestion: {
  "source_type": "surface_web",
  "url": "https://linkedin.com/alicejohnson77",
  "raw_data": {
    "name": "Alice Johnson",
    "username": "alicejohnson77",
    "bio": "Just a random bio for testing.",
    "location": "San Francisco, CA"
  },
  "timestamp": 1763840771.801704
}
INFO:__main__:Sending to raw_ingestion: {
  "source_type": "deep_web",
  "dataset": "Collection #1",
  "raw_data": {
    "email": "jane.s@test.org",
    "password_hash": "sha1:-3127622867991845642",
    "ip_address": "192.168.1.168"
  },
  "timestamp": 1763840771.8019156
}
INFO:__main__:Sending to raw_ingestion: {
  "source_type": "surface_web",
  "url": "https://linkedin.com/evabrown31",
  "raw_data": {
    "name": "Eva Brown",
    "username": "evabrown31",
    "bio": "Just a random bio for testing.",
    "location": "San Francisco, CA"
  },
  "timestamp": 1763840774.802104
}
INFO:__main__:Sending to raw_ingestion: {
  "source_type": "deep_web",
  "dataset": "Collection #1",
  "raw_data": {
    "email": "alice.j@company.net",
    "password_hash": "sha1:-5847721951659136944",
    "ip_address": "192.168.1.228"
  },
  "timestamp": 1763840774.802417
}
INFO:__main__:Sending to raw_ingestion: {
  "source_type": "surface_web",
  "url": "https://twitter.com/janesmith3",
  "raw_data": {
    "name": "Jane Smith",
    "username": "janesmith3",
    "bio": "Just a random bio for testing.",
    "location": "San Francisco, CA"
  },
  "timestamp": 1763840777.8026102
}
INFO:__main__:Sending to raw_ingestion: {
  "source_type": "deep_web",
  "dataset": "Collection #1",
  "raw_data": {
    "email": "bob.w@provider.com",
    "password_hash": "sha1:1716697371150426012",
    "ip_address": "192.168.1.41"
  },
  "timestamp": 1763840777.802838
}
INFO:__main__:Sending to raw_ingestion: {
  "source_type": "surface_web",
  "url": "https://tiktok.com/johndoe17",
  "raw_data": {
    "name": "John Doe",
    "username": "johndoe17",
    "bio": "Just a random bio for testing.",
    "location": "San Francisco, CA"
  },
  "timestamp": 1763840780.803005
}
INFO:__main__:Sending to raw_ingestion: {
  "source_type": "deep_web",
  "dataset": "Collection #1",
  "raw_data": {
    "email": "jdoe@example.com",
    "password_hash": "sha1:1716697371150426012",
    "ip_address": "192.168.1.112"
  },
  "timestamp": 1763840780.8031924
}
INFO:__main__:Sending to raw_ingestion: {
  "source_type": "surface_web",
  "url": "https://twitter.com/michaelchen17",
  "raw_data": {
    "name": "Michael Chen",
    "username": "michaelchen17",
    "bio": "Just a random bio for testing.",
    "location": "San Francisco, CA"
  },
  "timestamp": 1763840783.8034062
}
INFO:__main__:Sending to raw_ingestion: {
  "source_type": "deep_web",
  "dataset": "Collection #1",
  "raw_data": {
    "email": "bob.w@provider.com",
    "password_hash": "sha1:-5847721951659136944",
    "ip_address": "192.168.1.197"
  },
  "timestamp": 1763840783.8035426
}
INFO:__main__:Sending to raw_ingestion: {
  "source_type": "surface_web",
  "url": "https://instagram.com/michaelchen82",
  "raw_data": {
    "name": "Michael Chen",
    "username": "michaelchen82",
    "bio": "Just a random bio for testing.",
    "location": "San Francisco, CA"
  },
  "timestamp": 1763840786.8037064
}
INFO:__main__:Sending to raw_ingestion: {
  "source_type": "deep_web",
  "dataset": "Collection #1",
  "raw_data": {
    "email": "bob.w@provider.com",
    "password_hash": "sha1:-3180401589483841617",
    "ip_address": "192.168.1.85"
  },
  "timestamp": 1763840786.8038828
}
INFO:__main__:Sending to raw_ingestion: {
  "source_type": "surface_web",
  "url": "https://linkedin.com/evabrown1",
  "raw_data": {
    "name": "Eva Brown",
    "username": "evabrown1",
    "bio": "Just a random bio for testing.",
    "location": "San Francisco, CA"
  },
  "timestamp": 1763840789.8041399
}
INFO:__main__:Sending to raw_ingestion: {
  "source_type": "deep_web",
  "dataset": "Collection #1",
  "raw_data": {
    "email": "bob.w@provider.com",
    "password_hash": "sha1:1716697371150426012",
    "ip_address": "192.168.1.26"
  },
  "timestamp": 1763840789.8042867
}
INFO:__main__:Sending to raw_ingestion: {
  "source_type": "surface_web",
  "url": "https://twitter.com/michaelchen21",
  "raw_data": {
    "name": "Michael Chen",
    "username": "michaelchen21",
    "bio": "Just a random bio for testing.",
    "location": "San Francisco, CA"
  },
  "timestamp": 1763840792.8044465
}
INFO:__main__:Sending to raw_ingestion: {
  "source_type": "deep_web",
  "dataset": "Collection #1",
  "raw_data": {
    "email": "alice.j@company.net",
    "password_hash": "sha1:-3127622867991845642",
    "ip_address": "192.168.1.138"
  },
  "timestamp": 1763840792.8046422
}
INFO:__main__:Sending to raw_ingestion: {
  "source_type": "surface_web",
  "url": "https://instagram.com/johndoe68",
  "raw_data": {
    "name": "John Doe",
    "username": "johndoe68",
    "bio": "Just a random bio for testing.",
    "location": "San Francisco, CA"
  },
  "timestamp": 1763840795.8048003
}
INFO:__main__:Sending to raw_ingestion: {
  "source_type": "deep_web",
  "dataset": "Collection #1",
  "raw_data": {
    "email": "jane.s@test.org",
    "password_hash": "sha1:-5847721951659136944",
    "ip_address": "192.168.1.98"
  },
  "timestamp": 1763840795.8049593
}
INFO:__main__:Sending to raw_ingestion: {
  "source_type": "surface_web",
  "url": "https://linkedin.com/evabrown38",
  "raw_data": {
    "name": "Eva Brown",
    "username": "evabrown38",
    "bio": "Just a random bio for testing.",
    "location": "San Francisco, CA"
  },
  "timestamp": 1763840798.8051128
}
INFO:__main__:Sending to raw_ingestion: {
  "source_type": "deep_web",
  "dataset": "Collection #1",
  "raw_data": {
    "email": "bob.w@provider.com",
    "password_hash": "sha1:-5847721951659136944",
    "ip_address": "192.168.1.155"
  },
  "timestamp": 1763840798.8052344
}
INFO:__main__:Sending to raw_ingestion: {
  "source_type": "surface_web",
  "url": "https://instagram.com/janesmith57",
  "raw_data": {
    "name": "Jane Smith",
    "username": "janesmith57",
    "bio": "Just a random bio for testing.",
    "location": "San Francisco, CA"
  },
  "timestamp": 1763840801.8053827
}
INFO:__main__:Sending to raw_ingestion: {
  "source_type": "deep_web",
  "dataset": "Collection #1",
  "raw_data": {
    "email": "alice.j@company.net",
    "password_hash": "sha1:-3127622867991845642",
    "ip_address": "192.168.1.44"
  },
  "timestamp": 1763840801.8055542
}
INFO:__main__:Sending to raw_ingestion: {
  "source_type": "surface_web",
  "url": "https://instagram.com/michaelchen42",
  "raw_data": {
    "name": "Michael Chen",
    "username": "michaelchen42",
    "bio": "Just a random bio for testing.",
    "location": "San Francisco, CA"
  },
  "timestamp": 1763840804.805686
}
INFO:__main__:Sending to raw_ingestion: {
  "source_type": "deep_web",
  "dataset": "Collection #1",
  "raw_data": {
    "email": "alice.j@company.net",
    "password_hash": "sha1:1716697371150426012",
    "ip_address": "192.168.1.239"
  },
  "timestamp": 1763840804.805823
}
INFO:__main__:Sending to raw_ingestion: {
  "source_type": "surface_web",
  "url": "https://tiktok.com/bobwilliams18",
  "raw_data": {
    "name": "Bob Williams",
    "username": "bobwilliams18",
    "bio": "Just a random bio for testing.",
    "location": "San Francisco, CA"
  },
  "timestamp": 1763840807.8059545
}
INFO:__main__:Sending to raw_ingestion: {
  "source_type": "deep_web",
  "dataset": "Collection #1",
  "raw_data": {
    "email": "bob.w@provider.com",
    "password_hash": "sha1:-3180401589483841617",
    "ip_address": "192.168.1.222"
  },
  "timestamp": 1763840807.8061185
}
INFO:__main__:Sending to raw_ingestion: {
  "source_type": "surface_web",
  "url": "https://instagram.com/alicejohnson56",
  "raw_data": {
    "name": "Alice Johnson",
    "username": "alicejohnson56",
    "bio": "Just a random bio for testing.",
    "location": "San Francisco, CA"
  },
  "timestamp": 1763840810.80628
}
INFO:__main__:Sending to raw_ingestion: {
  "source_type": "deep_web",
  "dataset": "Collection #1",
  "raw_data": {
    "email": "bob.w@provider.com",
    "password_hash": "sha1:-8191579093335833299",
    "ip_address": "192.168.1.23"
  },
  "timestamp": 1763840810.8065593
}
INFO:__main__:Sending to raw_ingestion: {
  "source_type": "surface_web",
  "url": "https://twitter.com/michaelchen43",
  "raw_data": {
    "name": "Michael Chen",
    "username": "michaelchen43",
    "bio": "Just a random bio for testing.",
    "location": "San Francisco, CA"
  },
  "timestamp": 1763840813.8067176
}
INFO:__main__:Sending to raw_ingestion: {
  "source_type": "deep_web",
  "dataset": "Collection #1",
  "raw_data": {
    "email": "bob.w@provider.com",
    "password_hash": "sha1:-3180401589483841617",
    "ip_address": "192.168.1.207"
  },
  "timestamp": 1763840813.8069284
}
INFO:__main__:Sending to raw_ingestion: {
  "source_type": "surface_web",
  "url": "https://instagram.com/janesmith10",
  "raw_data": {
    "name": "Jane Smith",
    "username": "janesmith10",
    "bio": "Just a random bio for testing.",
    "location": "San Francisco, CA"
  },
  "timestamp": 1763840816.8072472
}
INFO:__main__:Sending to raw_ingestion: {
  "source_type": "deep_web",
  "dataset": "Collection #1",
  "raw_data": {
    "email": "alice.j@company.net",
    "password_hash": "sha1:-3127622867991845642",
    "ip_address": "192.168.1.196"
  },
  "timestamp": 1763840816.807456
}
INFO:__main__:Sending to raw_ingestion: {
  "source_type": "surface_web",
  "url": "https://tiktok.com/johndoe70",
  "raw_data": {
    "name": "John Doe",
    "username": "johndoe70",
    "bio": "Just a random bio for testing.",
    "location": "San Francisco, CA"
  },
  "timestamp": 1763840819.8076777
}
INFO:__main__:Sending to raw_ingestion: {
  "source_type": "deep_web",
  "dataset": "Collection #1",
  "raw_data": {
    "email": "jdoe@example.com",
    "password_hash": "sha1:1716697371150426012",
    "ip_address": "192.168.1.130"
  },
  "timestamp": 1763840819.8079567
}
INFO:__main__:Sending to raw_ingestion: {
  "source_type": "surface_web",
  "url": "https://linkedin.com/janesmith11",
  "raw_data": {
    "name": "Jane Smith",
    "username": "janesmith11",
    "bio": "Just a random bio for testing.",
    "location": "San Francisco, CA"
  },
  "timestamp": 1763840822.8081625
}
INFO:__main__:Sending to raw_ingestion: {
  "source_type": "deep_web",
  "dataset": "Collection #1",
  "raw_data": {
    "email": "jdoe@example.com",
    "password_hash": "sha1:-5847721951659136944",
    "ip_address": "192.168.1.102"
  },
  "timestamp": 1763840822.8083687
}
INFO:__main__:Sending to raw_ingestion: {
  "source_type": "surface_web",
  "url": "https://tiktok.com/evabrown78",
  "raw_data": {
    "name": "Eva Brown",
    "username": "evabrown78",
    "bio": "Just a random bio for testing.",
    "location": "San Francisco, CA"
  },
  "timestamp": 1763840825.8086286
}
INFO:__main__:Sending to raw_ingestion: {
  "source_type": "deep_web",
  "dataset": "Collection #1",
  "raw_data": {
    "email": "bob.w@provider.com",
    "password_hash": "sha1:-3180401589483841617",
    "ip_address": "192.168.1.177"
  },
  "timestamp": 1763840825.808779
}
INFO:__main__:Sending to raw_ingestion: {
  "source_type": "surface_web",
  "url": "https://instagram.com/johndoe37",
  "raw_data": {
    "name": "John Doe",
    "username": "johndoe37",
    "bio": "Just a random bio for testing.",
    "location": "San Francisco, CA"
  },
  "timestamp": 1763840828.8089638
}
INFO:__main__:Sending to raw_ingestion: {
  "source_type": "deep_web",
  "dataset": "Collection #1",
  "raw_data": {
    "email": "bob.w@provider.com",
    "password_hash": "sha1:1716697371150426012",
    "ip_address": "192.168.1.63"
  },
  "timestamp": 1763840828.8091707
}
INFO:__main__:Sending to raw_ingestion: {
  "source_type": "surface_web",
  "url": "https://twitter.com/bobwilliams81",
  "raw_data": {
    "name": "Bob Williams",
    "username": "bobwilliams81",
    "bio": "Just a random bio for testing.",
    "location": "San Francisco, CA"
  },
  "timestamp": 1763840831.8093226
}
INFO:__main__:Sending to raw_ingestion: {
  "source_type": "deep_web",
  "dataset": "Collection #1",
  "raw_data": {
    "email": "jane.s@test.org",
    "password_hash": "sha1:1716697371150426012",
    "ip_address": "192.168.1.182"
  },
  "timestamp": 1763840831.8094633
}
INFO:__main__:Sending to raw_ingestion: {
  "source_type": "surface_web",
  "url": "https://twitter.com/evabrown79",
  "raw_data": {
    "name": "Eva Brown",
    "username": "evabrown79",
    "bio": "Just a random bio for testing.",
    "location": "San Francisco, CA"
  },
  "timestamp": 1763840834.8096225
}
INFO:__main__:Sending to raw_ingestion: {
  "source_type": "deep_web",
  "dataset": "Collection #1",
  "raw_data": {
    "email": "bob.w@provider.com",
    "password_hash": "sha1:-3127622867991845642",
    "ip_address": "192.168.1.12"
  },
  "timestamp": 1763840834.809797
}
INFO:__main__:Sending to raw_ingestion: {
  "source_type": "surface_web",
  "url": "https://instagram.com/johndoe55",
  "raw_data": {
    "name": "John Doe",
    "username": "johndoe55",
    "bio": "Just a random bio for testing.",
    "location": "San Francisco, CA"
  },
  "timestamp": 1763840837.80993
}
INFO:__main__:Sending to raw_ingestion: {
  "source_type": "deep_web",
  "dataset": "Collection #1",
  "raw_data": {
    "email": "bob.w@provider.com",
    "password_hash": "sha1:-3180401589483841617",
    "ip_address": "192.168.1.34"
  },
  "timestamp": 1763840837.8100872
}
INFO:__main__:Sending to raw_ingestion: {
  "source_type": "surface_web",
  "url": "https://tiktok.com/michaelchen30",
  "raw_data": {
    "name": "Michael Chen",
    "username": "michaelchen30",
    "bio": "Just a random bio for testing.",
    "location": "San Francisco, CA"
  },
  "timestamp": 1763840840.8103619
}
INFO:__main__:Sending to raw_ingestion: {
  "source_type": "deep_web",
  "dataset": "Collection #1",
  "raw_data": {
    "email": "jane.s@test.org",
    "password_hash": "sha1:-3180401589483841617",
    "ip_address": "192.168.1.40"
  },
  "timestamp": 1763840840.8105705
}
INFO:__main__:Sending to raw_ingestion: {
  "source_type": "surface_web",
  "url": "https://linkedin.com/johndoe69",
  "raw_data": {
    "name": "John Doe",
    "username": "johndoe69",
    "bio": "Just a random bio for testing.",
    "location": "San Francisco, CA"
  },
  "timestamp": 1763840843.810734
}
INFO:__main__:Sending to raw_ingestion: {
  "source_type": "deep_web",
  "dataset": "Collection #1",
  "raw_data": {
    "email": "jane.s@test.org",
    "password_hash": "sha1:-3127622867991845642",
    "ip_address": "192.168.1.142"
  },
  "timestamp": 1763840843.8108408
}
INFO:__main__:Sending to raw_ingestion: {
  "source_type": "surface_web",
  "url": "https://twitter.com/evabrown76",
  "raw_data": {
    "name": "Eva Brown",
    "username": "evabrown76",
    "bio": "Just a random bio for testing.",
    "location": "San Francisco, CA"
  },
  "timestamp": 1763840846.8110187
}
INFO:__main__:Sending to raw_ingestion: {
  "source_type": "deep_web",
  "dataset": "Collection #1",
  "raw_data": {
    "email": "bob.w@provider.com",
    "password_hash": "sha1:-5847721951659136944",
    "ip_address": "192.168.1.57"
  },
  "timestamp": 1763840846.811274
}
INFO:__main__:Sending to raw_ingestion: {
  "source_type": "surface_web",
  "url": "https://linkedin.com/alicejohnson6",
  "raw_data": {
    "name": "Alice Johnson",
    "username": "alicejohnson6",
    "bio": "Just a random bio for testing.",
    "location": "San Francisco, CA"
  },
  "timestamp": 1763840849.811606
}
INFO:__main__:Sending to raw_ingestion: {
  "source_type": "deep_web",
  "dataset": "Collection #1",
  "raw_data": {
    "email": "alice.j@company.net",
    "password_hash": "sha1:-3180401589483841617",
    "ip_address": "192.168.1.154"
  },
  "timestamp": 1763840849.811789
}
INFO:__main__:Sending to raw_ingestion: {
  "source_type": "surface_web",
  "url": "https://twitter.com/evabrown26",
  "raw_data": {
    "name": "Eva Brown",
    "username": "evabrown26",
    "bio": "Just a random bio for testing.",
    "location": "San Francisco, CA"
  },
  "timestamp": 1763840852.8120632
}
INFO:__main__:Sending to raw_ingestion: {
  "source_type": "deep_web",
  "dataset": "Collection #1",
  "raw_data": {
    "email": "jane.s@test.org",
    "password_hash": "sha1:-5847721951659136944",
    "ip_address": "192.168.1.88"
  },
  "timestamp": 1763840852.8122704
}
INFO:__main__:Sending to raw_ingestion: {
  "source_type": "surface_web",
  "url": "https://instagram.com/evabrown29",
  "raw_data": {
    "name": "Eva Brown",
    "username": "evabrown29",
    "bio": "Just a random bio for testing.",
    "location": "San Francisco, CA"
  },
  "timestamp": 1763840855.8124363
}
INFO:__main__:Sending to raw_ingestion: {
  "source_type": "deep_web",
  "dataset": "Collection #1",
  "raw_data": {
    "email": "jdoe@example.com",
    "password_hash": "sha1:-5847721951659136944",
    "ip_address": "192.168.1.235"
  },
  "timestamp": 1763840855.812637
}
INFO:__main__:Sending to raw_ingestion: {
  "source_type": "surface_web",
  "url": "https://twitter.com/michaelchen47",
  "raw_data": {
    "name": "Michael Chen",
    "username": "michaelchen47",
    "bio": "Just a random bio for testing.",
    "location": "San Francisco, CA"
  },
  "timestamp": 1763840858.8128211
}
INFO:__main__:Sending to raw_ingestion: {
  "source_type": "deep_web",
  "dataset": "Collection #1",
  "raw_data": {
    "email": "jdoe@example.com",
    "password_hash": "sha1:-5847721951659136944",
    "ip_address": "192.168.1.27"
  },
  "timestamp": 1763840858.813032
}
INFO:__main__:Sending to raw_ingestion: {
  "source_type": "surface_web",
  "url": "https://tiktok.com/bobwilliams25",
  "raw_data": {
    "name": "Bob Williams",
    "username": "bobwilliams25",
    "bio": "Just a random bio for testing.",
    "location": "San Francisco, CA"
  },
  "timestamp": 1763840861.8132083
}
INFO:__main__:Sending to raw_ingestion: {
  "source_type": "deep_web",
  "dataset": "Collection #1",
  "raw_data": {
    "email": "bob.w@provider.com",
    "password_hash": "sha1:-5847721951659136944",
    "ip_address": "192.168.1.25"
  },
  "timestamp": 1763840861.8134198
}
INFO:__main__:Sending to raw_ingestion: {
  "source_type": "surface_web",
  "url": "https://instagram.com/evabrown48",
  "raw_data": {
    "name": "Eva Brown",
    "username": "evabrown48",
    "bio": "Just a random bio for testing.",
    "location": "San Francisco, CA"
  },
  "timestamp": 1763840864.8135903
}
INFO:__main__:Sending to raw_ingestion: {
  "source_type": "deep_web",
  "dataset": "Collection #1",
  "raw_data": {
    "email": "alice.j@company.net",
    "password_hash": "sha1:-8191579093335833299",
    "ip_address": "192.168.1.74"
  },
  "timestamp": 1763840864.8137944
}
INFO:__main__:Sending to raw_ingestion: {
  "source_type": "surface_web",
  "url": "https://linkedin.com/johndoe12",
  "raw_data": {
    "name": "John Doe",
    "username": "johndoe12",
    "bio": "Just a random bio for testing.",
    "location": "San Francisco, CA"
  },
  "timestamp": 1763840867.8140578
}
INFO:__main__:Sending to raw_ingestion: {
  "source_type": "deep_web",
  "dataset": "Collection #1",
  "raw_data": {
    "email": "jane.s@test.org",
    "password_hash": "sha1:-3180401589483841617",
    "ip_address": "192.168.1.240"
  },
  "timestamp": 1763840867.8142805
}
INFO:__main__:Sending to raw_ingestion: {
  "source_type": "surface_web",
  "url": "https://twitter.com/alicejohnson26",
  "raw_data": {
    "name": "Alice Johnson",
    "username": "alicejohnson26",
    "bio": "Just a random bio for testing.",
    "location": "San Francisco, CA"
  },
  "timestamp": 1763840870.8144476
}
INFO:__main__:Sending to raw_ingestion: {
  "source_type": "deep_web",
  "dataset": "Collection #1",
  "raw_data": {
    "email": "jane.s@test.org",
    "password_hash": "sha1:-5847721951659136944",
    "ip_address": "192.168.1.179"
  },
  "timestamp": 1763840870.814648
}
INFO:__main__:Sending to raw_ingestion: {
  "source_type": "surface_web",
  "url": "https://tiktok.com/johndoe86",
  "raw_data": {
    "name": "John Doe",
    "username": "johndoe86",
    "bio": "Just a random bio for testing.",
    "location": "San Francisco, CA"
  },
  "timestamp": 1763840873.8148
}
INFO:__main__:Sending to raw_ingestion: {
  "source_type": "deep_web",
  "dataset": "Collection #1",
  "raw_data": {
    "email": "alice.j@company.net",
    "password_hash": "sha1:1716697371150426012",
    "ip_address": "192.168.1.252"
  },
  "timestamp": 1763840873.8149211
}
INFO:__main__:Sending to raw_ingestion: {
  "source_type": "surface_web",
  "url": "https://twitter.com/bobwilliams48",
  "raw_data": {
    "name": "Bob Williams",
    "username": "bobwilliams48",
    "bio": "Just a random bio for testing.",
    "location": "San Francisco, CA"
  },
  "timestamp": 1763840876.8150685
}
INFO:__main__:Sending to raw_ingestion: {
  "source_type": "deep_web",
  "dataset": "Collection #1",
  "raw_data": {
    "email": "jdoe@example.com",
    "password_hash": "sha1:-5847721951659136944",
    "ip_address": "192.168.1.184"
  },
  "timestamp": 1763840876.815194
}
INFO:__main__:Sending to raw_ingestion: {
  "source_type": "surface_web",
  "url": "https://instagram.com/johndoe61",
  "raw_data": {
    "name": "John Doe",
    "username": "johndoe61",
    "bio": "Just a random bio for testing.",
    "location": "San Francisco, CA"
  },
  "timestamp": 1763840879.815368
}
INFO:__main__:Sending to raw_ingestion: {
  "source_type": "deep_web",
  "dataset": "Collection #1",
  "raw_data": {
    "email": "alice.j@company.net",
    "password_hash": "sha1:-8191579093335833299",
    "ip_address": "192.168.1.45"
  },
  "timestamp": 1763840879.8155997
}
INFO:__main__:Sending to raw_ingestion: {
  "source_type": "surface_web",
  "url": "https://tiktok.com/janesmith60",
  "raw_data": {
    "name": "Jane Smith",
    "username": "janesmith60",
    "bio": "Just a random bio for testing.",
    "location": "San Francisco, CA"
  },
  "timestamp": 1763840882.8158998
}
INFO:__main__:Sending to raw_ingestion: {
  "source_type": "deep_web",
  "dataset": "Collection #1",
  "raw_data": {
    "email": "jane.s@test.org",
    "password_hash": "sha1:-3127622867991845642",
    "ip_address": "192.168.1.41"
  },
  "timestamp": 1763840882.8162215
}
INFO:__main__:Sending to raw_ingestion: {
  "source_type": "surface_web",
  "url": "https://twitter.com/alicejohnson58",
  "raw_data": {
    "name": "Alice Johnson",
    "username": "alicejohnson58",
    "bio": "Just a random bio for testing.",
    "location": "San Francisco, CA"
  },
  "timestamp": 1763840885.8163984
}
INFO:__main__:Sending to raw_ingestion: {
  "source_type": "deep_web",
  "dataset": "Collection #1",
  "raw_data": {
    "email": "jane.s@test.org",
    "password_hash": "sha1:-3127622867991845642",
    "ip_address": "192.168.1.90"
  },
  "timestamp": 1763840885.8165686
}
INFO:__main__:Sending to raw_ingestion: {
  "source_type": "surface_web",
  "url": "https://tiktok.com/johndoe89",
  "raw_data": {
    "name": "John Doe",
    "username": "johndoe89",
    "bio": "Just a random bio for testing.",
    "location": "San Francisco, CA"
  },
  "timestamp": 1763840888.8167212
}
INFO:__main__:Sending to raw_ingestion: {
  "source_type": "deep_web",
  "dataset": "Collection #1",
  "raw_data": {
    "email": "jane.s@test.org",
    "password_hash": "sha1:1716697371150426012",
    "ip_address": "192.168.1.56"
  },
  "timestamp": 1763840888.816887
}
INFO:__main__:Sending to raw_ingestion: {
  "source_type": "surface_web",
  "url": "https://linkedin.com/johndoe18",
  "raw_data": {
    "name": "John Doe",
    "username": "johndoe18",
    "bio": "Just a random bio for testing.",
    "location": "San Francisco, CA"
  },
  "timestamp": 1763840891.8170447
}
INFO:__main__:Sending to raw_ingestion: {
  "source_type": "deep_web",
  "dataset": "Collection #1",
  "raw_data": {
    "email": "jane.s@test.org",
    "password_hash": "sha1:-8191579093335833299",
    "ip_address": "192.168.1.110"
  },
  "timestamp": 1763840891.8172174
}
INFO:__main__:Sending to raw_ingestion: {
  "source_type": "surface_web",
  "url": "https://linkedin.com/evabrown28",
  "raw_data": {
    "name": "Eva Brown",
    "username": "evabrown28",
    "bio": "Just a random bio for testing.",
    "location": "San Francisco, CA"
  },
  "timestamp": 1763840894.8173778
}
INFO:__main__:Sending to raw_ingestion: {
  "source_type": "deep_web",
  "dataset": "Collection #1",
  "raw_data": {
    "email": "bob.w@provider.com",
    "password_hash": "sha1:1716697371150426012",
    "ip_address": "192.168.1.69"
  },
  "timestamp": 1763840894.8175502
}
INFO:__main__:Sending to raw_ingestion: {
  "source_type": "surface_web",
  "url": "https://instagram.com/bobwilliams8",
  "raw_data": {
    "name": "Bob Williams",
    "username": "bobwilliams8",
    "bio": "Just a random bio for testing.",
    "location": "San Francisco, CA"
  },
  "timestamp": 1763840897.8178742
}
INFO:__main__:Sending to raw_ingestion: {
  "source_type": "deep_web",
  "dataset": "Collection #1",
  "raw_data": {
    "email": "jdoe@example.com",
    "password_hash": "sha1:-5847721951659136944",
    "ip_address": "192.168.1.109"
  },
  "timestamp": 1763840897.8181639
}
INFO:__main__:Sending to raw_ingestion: {
  "source_type": "surface_web",
  "url": "https://twitter.com/johndoe42",
  "raw_data": {
    "name": "John Doe",
    "username": "johndoe42",
    "bio": "Just a random bio for testing.",
    "location": "San Francisco, CA"
  },
  "timestamp": 1763840900.8184507
}
INFO:__main__:Sending to raw_ingestion: {
  "source_type": "deep_web",
  "dataset": "Collection #1",
  "raw_data": {
    "email": "jdoe@example.com",
    "password_hash": "sha1:-8191579093335833299",
    "ip_address": "192.168.1.247"
  },
  "timestamp": 1763840900.8186545
}
INFO:__main__:Sending to raw_ingestion: {
  "source_type": "surface_web",
  "url": "https://twitter.com/evabrown37",
  "raw_data": {
    "name": "Eva Brown",
    "username": "evabrown37",
    "bio": "Just a random bio for testing.",
    "location": "San Francisco, CA"
  },
  "timestamp": 1763840903.81896
}
INFO:__main__:Sending to raw_ingestion: {
  "source_type": "deep_web",
  "dataset": "Collection #1",
  "raw_data": {
    "email": "jdoe@example.com",
    "password_hash": "sha1:-3127622867991845642",
    "ip_address": "192.168.1.57"
  },
  "timestamp": 1763840903.8191638
}
INFO:__main__:Sending to raw_ingestion: {
  "source_type": "surface_web",
  "url": "https://twitter.com/michaelchen8",
  "raw_data": {
    "name": "Michael Chen",
    "username": "michaelchen8",
    "bio": "Just a random bio for testing.",
    "location": "San Francisco, CA"
  },
  "timestamp": 1763840906.8194518
}
INFO:__main__:Sending to raw_ingestion: {
  "source_type": "deep_web",
  "dataset": "Collection #1",
  "raw_data": {
    "email": "alice.j@company.net",
    "password_hash": "sha1:-8191579093335833299",
    "ip_address": "192.168.1.83"
  },
  "timestamp": 1763840906.8196726
}
INFO:__main__:Sending to raw_ingestion: {
  "source_type": "surface_web",
  "url": "https://instagram.com/michaelchen85",
  "raw_data": {
    "name": "Michael Chen",
    "username": "michaelchen85",
    "bio": "Just a random bio for testing.",
    "location": "San Francisco, CA"
  },
  "timestamp": 1763840909.8199048
}
INFO:__main__:Sending to raw_ingestion: {
  "source_type": "deep_web",
  "dataset": "Collection #1",
  "raw_data": {
    "email": "jane.s@test.org",
    "password_hash": "sha1:-5847721951659136944",
    "ip_address": "192.168.1.185"
  },
  "timestamp": 1763840909.820153
}
INFO:__main__:Sending to raw_ingestion: {
  "source_type": "surface_web",
  "url": "https://linkedin.com/johndoe89",
  "raw_data": {
    "name": "John Doe",
    "username": "johndoe89",
    "bio": "Just a random bio for testing.",
    "location": "San Francisco, CA"
  },
  "timestamp": 1763840912.8203316
}
INFO:__main__:Sending to raw_ingestion: {
  "source_type": "deep_web",
  "dataset": "Collection #1",
  "raw_data": {
    "email": "alice.j@company.net",
    "password_hash": "sha1:-3180401589483841617",
    "ip_address": "192.168.1.93"
  },
  "timestamp": 1763840912.8205307
}
INFO:__main__:Sending to raw_ingestion: {
  "source_type": "surface_web",
  "url": "https://linkedin.com/bobwilliams88",
  "raw_data": {
    "name": "Bob Williams",
    "username": "bobwilliams88",
    "bio": "Just a random bio for testing.",
    "location": "San Francisco, CA"
  },
  "timestamp": 1763840915.820841
}
INFO:__main__:Sending to raw_ingestion: {
  "source_type": "deep_web",
  "dataset": "Collection #1",
  "raw_data": {
    "email": "alice.j@company.net",
    "password_hash": "sha1:-3127622867991845642",
    "ip_address": "192.168.1.236"
  },
  "timestamp": 1763840915.8211544
}
INFO:__main__:Sending to raw_ingestion: {
  "source_type": "surface_web",
  "url": "https://linkedin.com/janesmith97",
  "raw_data": {
    "name": "Jane Smith",
    "username": "janesmith97",
    "bio": "Just a random bio for testing.",
    "location": "San Francisco, CA"
  },
  "timestamp": 1763840918.8213878
}
INFO:__main__:Sending to raw_ingestion: {
  "source_type": "deep_web",
  "dataset": "Collection #1",
  "raw_data": {
    "email": "alice.j@company.net",
    "password_hash": "sha1:-3180401589483841617",
    "ip_address": "192.168.1.76"
  },
  "timestamp": 1763840918.8217905
}
INFO:__main__:Sending to raw_ingestion: {
  "source_type": "surface_web",
  "url": "https://tiktok.com/johndoe25",
  "raw_data": {
    "name": "John Doe",
    "username": "johndoe25",
    "bio": "Just a random bio for testing.",
    "location": "San Francisco, CA"
  },
  "timestamp": 1763840921.8220778
}
INFO:__main__:Sending to raw_ingestion: {
  "source_type": "deep_web",
  "dataset": "Collection #1",
  "raw_data": {
    "email": "jane.s@test.org",
    "password_hash": "sha1:1716697371150426012",
    "ip_address": "192.168.1.95"
  },
  "timestamp": 1763840921.822319
}
INFO:__main__:Sending to raw_ingestion: {
  "source_type": "surface_web",
  "url": "https://instagram.com/janesmith95",
  "raw_data": {
    "name": "Jane Smith",
    "username": "janesmith95",
    "bio": "Just a random bio for testing.",
    "location": "San Francisco, CA"
  },
  "timestamp": 1763840924.8224735
}
INFO:__main__:Sending to raw_ingestion: {
  "source_type": "deep_web",
  "dataset": "Collection #1",
  "raw_data": {
    "email": "jdoe@example.com",
    "password_hash": "sha1:1716697371150426012",
    "ip_address": "192.168.1.25"
  },
  "timestamp": 1763840924.8226595
}
INFO:__main__:Sending to raw_ingestion: {
  "source_type": "surface_web",
  "url": "https://tiktok.com/bobwilliams48",
  "raw_data": {
    "name": "Bob Williams",
    "username": "bobwilliams48",
    "bio": "Just a random bio for testing.",
    "location": "San Francisco, CA"
  },
  "timestamp": 1763840927.8229153
}
INFO:__main__:Sending to raw_ingestion: {
  "source_type": "deep_web",
  "dataset": "Collection #1",
  "raw_data": {
    "email": "jane.s@test.org",
    "password_hash": "sha1:-3180401589483841617",
    "ip_address": "192.168.1.3"
  },
  "timestamp": 1763840927.823104
}
INFO:__main__:Sending to raw_ingestion: {
  "source_type": "surface_web",
  "url": "https://tiktok.com/michaelchen36",
  "raw_data": {
    "name": "Michael Chen",
    "username": "michaelchen36",
    "bio": "Just a random bio for testing.",
    "location": "San Francisco, CA"
  },
  "timestamp": 1763840930.8232694
}
INFO:__main__:Sending to raw_ingestion: {
  "source_type": "deep_web",
  "dataset": "Collection #1",
  "raw_data": {
    "email": "alice.j@company.net",
    "password_hash": "sha1:-3127622867991845642",
    "ip_address": "192.168.1.41"
  },
  "timestamp": 1763840930.823437
}
INFO:__main__:Sending to raw_ingestion: {
  "source_type": "surface_web",
  "url": "https://linkedin.com/johndoe56",
  "raw_data": {
    "name": "John Doe",
    "username": "johndoe56",
    "bio": "Just a random bio for testing.",
    "location": "San Francisco, CA"
  },
  "timestamp": 1763840933.8235862
}
INFO:__main__:Sending to raw_ingestion: {
  "source_type": "deep_web",
  "dataset": "Collection #1",
  "raw_data": {
    "email": "jane.s@test.org",
    "password_hash": "sha1:-8191579093335833299",
    "ip_address": "192.168.1.4"
  },
  "timestamp": 1763840933.8237097
}
INFO:__main__:Sending to raw_ingestion: {
  "source_type": "surface_web",
  "url": "https://linkedin.com/evabrown16",
  "raw_data": {
    "name": "Eva Brown",
    "username": "evabrown16",
    "bio": "Just a random bio for testing.",
    "location": "San Francisco, CA"
  },
  "timestamp": 1763840936.8238554
}
INFO:__main__:Sending to raw_ingestion: {
  "source_type": "deep_web",
  "dataset": "Collection #1",
  "raw_data": {
    "email": "alice.j@company.net",
    "password_hash": "sha1:1716697371150426012",
    "ip_address": "192.168.1.66"
  },
  "timestamp": 1763840936.8239977
}
INFO:__main__:Sending to raw_ingestion: {
  "source_type": "surface_web",
  "url": "https://tiktok.com/michaelchen5",
  "raw_data": {
    "name": "Michael Chen",
    "username": "michaelchen5",
    "bio": "Just a random bio for testing.",
    "location": "San Francisco, CA"
  },
  "timestamp": 1763840939.8241882
}
INFO:__main__:Sending to raw_ingestion: {
  "source_type": "deep_web",
  "dataset": "Collection #1",
  "raw_data": {
    "email": "jane.s@test.org",
    "password_hash": "sha1:-5847721951659136944",
    "ip_address": "192.168.1.246"
  },
  "timestamp": 1763840939.8243022
}
INFO:__main__:Sending to raw_ingestion: {
  "source_type": "surface_web",
  "url": "https://instagram.com/bobwilliams13",
  "raw_data": {
    "name": "Bob Williams",
    "username": "bobwilliams13",
    "bio": "Just a random bio for testing.",
    "location": "San Francisco, CA"
  },
  "timestamp": 1763840942.824449
}
INFO:__main__:Sending to raw_ingestion: {
  "source_type": "deep_web",
  "dataset": "Collection #1",
  "raw_data": {
    "email": "jane.s@test.org",
    "password_hash": "sha1:-3127622867991845642",
    "ip_address": "192.168.1.125"
  },
  "timestamp": 1763840942.824557
}
INFO:__main__:Sending to raw_ingestion: {
  "source_type": "surface_web",
  "url": "https://tiktok.com/alicejohnson73",
  "raw_data": {
    "name": "Alice Johnson",
    "username": "alicejohnson73",
    "bio": "Just a random bio for testing.",
    "location": "San Francisco, CA"
  },
  "timestamp": 1763840945.824737
}
INFO:__main__:Sending to raw_ingestion: {
  "source_type": "deep_web",
  "dataset": "Collection #1",
  "raw_data": {
    "email": "jdoe@example.com",
    "password_hash": "sha1:-5847721951659136944",
    "ip_address": "192.168.1.214"
  },
  "timestamp": 1763840945.8248386
}
INFO:__main__:Sending to raw_ingestion: {
  "source_type": "surface_web",
  "url": "https://instagram.com/bobwilliams18",
  "raw_data": {
    "name": "Bob Williams",
    "username": "bobwilliams18",
    "bio": "Just a random bio for testing.",
    "location": "San Francisco, CA"
  },
  "timestamp": 1763840948.8249865
}
INFO:__main__:Sending to raw_ingestion: {
  "source_type": "deep_web",
  "dataset": "Collection #1",
  "raw_data": {
    "email": "bob.w@provider.com",
    "password_hash": "sha1:-8191579093335833299",
    "ip_address": "192.168.1.176"
  },
  "timestamp": 1763840948.8250887
}
INFO:__main__:Sending to raw_ingestion: {
  "source_type": "surface_web",
  "url": "https://tiktok.com/bobwilliams28",
  "raw_data": {
    "name": "Bob Williams",
    "username": "bobwilliams28",
    "bio": "Just a random bio for testing.",
    "location": "San Francisco, CA"
  },
  "timestamp": 1763840951.825226
}
INFO:__main__:Sending to raw_ingestion: {
  "source_type": "deep_web",
  "dataset": "Collection #1",
  "raw_data": {
    "email": "bob.w@provider.com",
    "password_hash": "sha1:-3127622867991845642",
    "ip_address": "192.168.1.229"
  },
  "timestamp": 1763840951.825323
}
INFO:__main__:Sending to raw_ingestion: {
  "source_type": "surface_web",
  "url": "https://twitter.com/johndoe48",
  "raw_data": {
    "name": "John Doe",
    "username": "johndoe48",
    "bio": "Just a random bio for testing.",
    "location": "San Francisco, CA"
  },
  "timestamp": 1763840954.8254752
}
INFO:__main__:Sending to raw_ingestion: {
  "source_type": "deep_web",
  "dataset": "Collection #1",
  "raw_data": {
    "email": "alice.j@company.net",
    "password_hash": "sha1:-5847721951659136944",
    "ip_address": "192.168.1.121"
  },
  "timestamp": 1763840954.8256645
}
INFO:__main__:Sending to raw_ingestion: {
  "source_type": "surface_web",
  "url": "https://twitter.com/evabrown84",
  "raw_data": {
    "name": "Eva Brown",
    "username": "evabrown84",
    "bio": "Just a random bio for testing.",
    "location": "San Francisco, CA"
  },
  "timestamp": 1763840957.825803
}
INFO:__main__:Sending to raw_ingestion: {
  "source_type": "deep_web",
  "dataset": "Collection #1",
  "raw_data": {
    "email": "bob.w@provider.com",
    "password_hash": "sha1:-8191579093335833299",
    "ip_address": "192.168.1.102"
  },
  "timestamp": 1763840957.8258967
}
INFO:__main__:Sending to raw_ingestion: {
  "source_type": "surface_web",
  "url": "https://twitter.com/janesmith92",
  "raw_data": {
    "name": "Jane Smith",
    "username": "janesmith92",
    "bio": "Just a random bio for testing.",
    "location": "San Francisco, CA"
  },
  "timestamp": 1763840960.826055
}
INFO:__main__:Sending to raw_ingestion: {
  "source_type": "deep_web",
  "dataset": "Collection #1",
  "raw_data": {
    "email": "jane.s@test.org",
    "password_hash": "sha1:-3127622867991845642",
    "ip_address": "192.168.1.189"
  },
  "timestamp": 1763840960.8261466
}
INFO:__main__:Sending to raw_ingestion: {
  "source_type": "surface_web",
  "url": "https://tiktok.com/evabrown89",
  "raw_data": {
    "name": "Eva Brown",
    "username": "evabrown89",
    "bio": "Just a random bio for testing.",
    "location": "San Francisco, CA"
  },
  "timestamp": 1763840963.826283
}
INFO:__main__:Sending to raw_ingestion: {
  "source_type": "deep_web",
  "dataset": "Collection #1",
  "raw_data": {
    "email": "jane.s@test.org",
    "password_hash": "sha1:-3127622867991845642",
    "ip_address": "192.168.1.189"
  },
  "timestamp": 1763840963.8263829
}
INFO:__main__:Sending to raw_ingestion: {
  "source_type": "surface_web",
  "url": "https://tiktok.com/janesmith8",
  "raw_data": {
    "name": "Jane Smith",
    "username": "janesmith8",
    "bio": "Just a random bio for testing.",
    "location": "San Francisco, CA"
  },
  "timestamp": 1763840966.8266125
}
INFO:__main__:Sending to raw_ingestion: {
  "source_type": "deep_web",
  "dataset": "Collection #1",
  "raw_data": {
    "email": "bob.w@provider.com",
    "password_hash": "sha1:-3127622867991845642",
    "ip_address": "192.168.1.101"
  },
  "timestamp": 1763840966.8267179
}
INFO:__main__:Sending to raw_ingestion: {
  "source_type": "surface_web",
  "url": "https://twitter.com/michaelchen75",
  "raw_data": {
    "name": "Michael Chen",
    "username": "michaelchen75",
    "bio": "Just a random bio for testing.",
    "location": "San Francisco, CA"
  },
  "timestamp": 1763840969.8268557
}
INFO:__main__:Sending to raw_ingestion: {
  "source_type": "deep_web",
  "dataset": "Collection #1",
  "raw_data": {
    "email": "bob.w@provider.com",
    "password_hash": "sha1:-3127622867991845642",
    "ip_address": "192.168.1.80"
  },
  "timestamp": 1763840969.8269768
}
INFO:__main__:Sending to raw_ingestion: {
  "source_type": "surface_web",
  "url": "https://tiktok.com/evabrown88",
  "raw_data": {
    "name": "Eva Brown",
    "username": "evabrown88",
    "bio": "Just a random bio for testing.",
    "location": "San Francisco, CA"
  },
  "timestamp": 1763840972.8271468
}
INFO:__main__:Sending to raw_ingestion: {
  "source_type": "deep_web",
  "dataset": "Collection #1",
  "raw_data": {
    "email": "bob.w@provider.com",
    "password_hash": "sha1:-3180401589483841617",
    "ip_address": "192.168.1.60"
  },
  "timestamp": 1763840972.8272526
}
INFO:__main__:Sending to raw_ingestion: {
  "source_type": "surface_web",
  "url": "https://twitter.com/alicejohnson96",
  "raw_data": {
    "name": "Alice Johnson",
    "username": "alicejohnson96",
    "bio": "Just a random bio for testing.",
    "location": "San Francisco, CA"
  },
  "timestamp": 1763840975.827389
}
INFO:__main__:Sending to raw_ingestion: {
  "source_type": "deep_web",
  "dataset": "Collection #1",
  "raw_data": {
    "email": "alice.j@company.net",
    "password_hash": "sha1:-8191579093335833299",
    "ip_address": "192.168.1.9"
  },
  "timestamp": 1763840975.8275268
}
INFO:__main__:Sending to raw_ingestion: {
  "source_type": "surface_web",
  "url": "https://twitter.com/bobwilliams10",
  "raw_data": {
    "name": "Bob Williams",
    "username": "bobwilliams10",
    "bio": "Just a random bio for testing.",
    "location": "San Francisco, CA"
  },
  "timestamp": 1763840978.8276718
}
INFO:__main__:Sending to raw_ingestion: {
  "source_type": "deep_web",
  "dataset": "Collection #1",
  "raw_data": {
    "email": "jane.s@test.org",
    "password_hash": "sha1:-3180401589483841617",
    "ip_address": "192.168.1.33"
  },
  "timestamp": 1763840978.8278098
}
INFO:__main__:Sending to raw_ingestion: {
  "source_type": "surface_web",
  "url": "https://instagram.com/johndoe38",
  "raw_data": {
    "name": "John Doe",
    "username": "johndoe38",
    "bio": "Just a random bio for testing.",
    "location": "San Francisco, CA"
  },
  "timestamp": 1763840981.8280504
}
INFO:__main__:Sending to raw_ingestion: {
  "source_type": "deep_web",
  "dataset": "Collection #1",
  "raw_data": {
    "email": "jdoe@example.com",
    "password_hash": "sha1:-5847721951659136944",
    "ip_address": "192.168.1.81"
  },
  "timestamp": 1763840981.8281877
}
INFO:__main__:Sending to raw_ingestion: {
  "source_type": "surface_web",
  "url": "https://instagram.com/evabrown27",
  "raw_data": {
    "name": "Eva Brown",
    "username": "evabrown27",
    "bio": "Just a random bio for testing.",
    "location": "San Francisco, CA"
  },
  "timestamp": 1763840984.8283243
}
INFO:__main__:Sending to raw_ingestion: {
  "source_type": "deep_web",
  "dataset": "Collection #1",
  "raw_data": {
    "email": "alice.j@company.net",
    "password_hash": "sha1:1716697371150426012",
    "ip_address": "192.168.1.56"
  },
  "timestamp": 1763840984.8284254
}
INFO:__main__:Sending to raw_ingestion: {
  "source_type": "surface_web",
  "url": "https://tiktok.com/johndoe10",
  "raw_data": {
    "name": "John Doe",
    "username": "johndoe10",
    "bio": "Just a random bio for testing.",
    "location": "San Francisco, CA"
  },
  "timestamp": 1763840987.8285568
}
INFO:__main__:Sending to raw_ingestion: {
  "source_type": "deep_web",
  "dataset": "Collection #1",
  "raw_data": {
    "email": "alice.j@company.net",
    "password_hash": "sha1:-8191579093335833299",
    "ip_address": "192.168.1.13"
  },
  "timestamp": 1763840987.828706
}
INFO:__main__:Sending to raw_ingestion: {
  "source_type": "surface_web",
  "url": "https://twitter.com/bobwilliams83",
  "raw_data": {
    "name": "Bob Williams",
    "username": "bobwilliams83",
    "bio": "Just a random bio for testing.",
    "location": "San Francisco, CA"
  },
  "timestamp": 1763840990.8290267
}
INFO:__main__:Sending to raw_ingestion: {
  "source_type": "deep_web",
  "dataset": "Collection #1",
  "raw_data": {
    "email": "alice.j@company.net",
    "password_hash": "sha1:-5847721951659136944",
    "ip_address": "192.168.1.152"
  },
  "timestamp": 1763840990.8293877
}
INFO:__main__:Sending to raw_ingestion: {
  "source_type": "surface_web",
  "url": "https://linkedin.com/evabrown31",
  "raw_data": {
    "name": "Eva Brown",
    "username": "evabrown31",
    "bio": "Just a random bio for testing.",
    "location": "San Francisco, CA"
  },
  "timestamp": 1763840993.8295348
}
INFO:__main__:Sending to raw_ingestion: {
  "source_type": "deep_web",
  "dataset": "Collection #1",
  "raw_data": {
    "email": "alice.j@company.net",
    "password_hash": "sha1:-5847721951659136944",
    "ip_address": "192.168.1.196"
  },
  "timestamp": 1763840993.8297243
}
INFO:__main__:Sending to raw_ingestion: {
  "source_type": "surface_web",
  "url": "https://instagram.com/michaelchen11",
  "raw_data": {
    "name": "Michael Chen",
    "username": "michaelchen11",
    "bio": "Just a random bio for testing.",
    "location": "San Francisco, CA"
  },
  "timestamp": 1763840996.8300474
}
INFO:__main__:Sending to raw_ingestion: {
  "source_type": "deep_web",
  "dataset": "Collection #1",
  "raw_data": {
    "email": "bob.w@provider.com",
    "password_hash": "sha1:-3180401589483841617",
    "ip_address": "192.168.1.75"
  },
  "timestamp": 1763840996.8302548
}
INFO:__main__:Sending to raw_ingestion: {
  "source_type": "surface_web",
  "url": "https://instagram.com/janesmith8",
  "raw_data": {
    "name": "Jane Smith",
    "username": "janesmith8",
    "bio": "Just a random bio for testing.",
    "location": "San Francisco, CA"
  },
  "timestamp": 1763840999.8304453
}
INFO:__main__:Sending to raw_ingestion: {
  "source_type": "deep_web",
  "dataset": "Collection #1",
  "raw_data": {
    "email": "jane.s@test.org",
    "password_hash": "sha1:-8191579093335833299",
    "ip_address": "192.168.1.80"
  },
  "timestamp": 1763840999.830657
}
INFO:__main__:Sending to raw_ingestion: {
  "source_type": "surface_web",
  "url": "https://twitter.com/janesmith54",
  "raw_data": {
    "name": "Jane Smith",
    "username": "janesmith54",
    "bio": "Just a random bio for testing.",
    "location": "San Francisco, CA"
  },
  "timestamp": 1763841002.8309312
}
INFO:__main__:Sending to raw_ingestion: {
  "source_type": "deep_web",
  "dataset": "Collection #1",
  "raw_data": {
    "email": "alice.j@company.net",
    "password_hash": "sha1:1716697371150426012",
    "ip_address": "192.168.1.72"
  },
  "timestamp": 1763841002.8311055
}
INFO:__main__:Sending to raw_ingestion: {
  "source_type": "surface_web",
  "url": "https://tiktok.com/evabrown43",
  "raw_data": {
    "name": "Eva Brown",
    "username": "evabrown43",
    "bio": "Just a random bio for testing.",
    "location": "San Francisco, CA"
  },
  "timestamp": 1763841005.8313468
}
INFO:__main__:Sending to raw_ingestion: {
  "source_type": "deep_web",
  "dataset": "Collection #1",
  "raw_data": {
    "email": "bob.w@provider.com",
    "password_hash": "sha1:1716697371150426012",
    "ip_address": "192.168.1.250"
  },
  "timestamp": 1763841005.8315747
}
INFO:__main__:Sending to raw_ingestion: {
  "source_type": "surface_web",
  "url": "https://tiktok.com/michaelchen89",
  "raw_data": {
    "name": "Michael Chen",
    "username": "michaelchen89",
    "bio": "Just a random bio for testing.",
    "location": "San Francisco, CA"
  },
  "timestamp": 1763841008.8318882
}
INFO:__main__:Sending to raw_ingestion: {
  "source_type": "deep_web",
  "dataset": "Collection #1",
  "raw_data": {
    "email": "jdoe@example.com",
    "password_hash": "sha1:-5847721951659136944",
    "ip_address": "192.168.1.52"
  },
  "timestamp": 1763841008.8320906
}
INFO:__main__:Sending to raw_ingestion: {
  "source_type": "surface_web",
  "url": "https://instagram.com/evabrown65",
  "raw_data": {
    "name": "Eva Brown",
    "username": "evabrown65",
    "bio": "Just a random bio for testing.",
    "location": "San Francisco, CA"
  },
  "timestamp": 1763841011.8322861
}
INFO:__main__:Sending to raw_ingestion: {
  "source_type": "deep_web",
  "dataset": "Collection #1",
  "raw_data": {
    "email": "bob.w@provider.com",
    "password_hash": "sha1:-3180401589483841617",
    "ip_address": "192.168.1.2"
  },
  "timestamp": 1763841011.832589
}
INFO:__main__:Sending to raw_ingestion: {
  "source_type": "surface_web",
  "url": "https://linkedin.com/alicejohnson94",
  "raw_data": {
    "name": "Alice Johnson",
    "username": "alicejohnson94",
    "bio": "Just a random bio for testing.",
    "location": "San Francisco, CA"
  },
  "timestamp": 1763841014.8327744
}
INFO:__main__:Sending to raw_ingestion: {
  "source_type": "deep_web",
  "dataset": "Collection #1",
  "raw_data": {
    "email": "jane.s@test.org",
    "password_hash": "sha1:-5847721951659136944",
    "ip_address": "192.168.1.96"
  },
  "timestamp": 1763841014.8330805
}
INFO:__main__:Sending to raw_ingestion: {
  "source_type": "surface_web",
  "url": "https://tiktok.com/evabrown59",
  "raw_data": {
    "name": "Eva Brown",
    "username": "evabrown59",
    "bio": "Just a random bio for testing.",
    "location": "San Francisco, CA"
  },
  "timestamp": 1763841017.8332996
}
INFO:__main__:Sending to raw_ingestion: {
  "source_type": "deep_web",
  "dataset": "Collection #1",
  "raw_data": {
    "email": "bob.w@provider.com",
    "password_hash": "sha1:-3180401589483841617",
    "ip_address": "192.168.1.10"
  },
  "timestamp": 1763841017.833504
}
INFO:__main__:Sending to raw_ingestion: {
  "source_type": "surface_web",
  "url": "https://instagram.com/evabrown74",
  "raw_data": {
    "name": "Eva Brown",
    "username": "evabrown74",
    "bio": "Just a random bio for testing.",
    "location": "San Francisco, CA"
  },
  "timestamp": 1763841020.8336837
}
INFO:__main__:Sending to raw_ingestion: {
  "source_type": "deep_web",
  "dataset": "Collection #1",
  "raw_data": {
    "email": "alice.j@company.net",
    "password_hash": "sha1:-3127622867991845642",
    "ip_address": "192.168.1.174"
  },
  "timestamp": 1763841020.8340044
}
INFO:__main__:Sending to raw_ingestion: {
  "source_type": "surface_web",
  "url": "https://twitter.com/johndoe72",
  "raw_data": {
    "name": "John Doe",
    "username": "johndoe72",
    "bio": "Just a random bio for testing.",
    "location": "San Francisco, CA"
  },
  "timestamp": 1763841023.834286
}
INFO:__main__:Sending to raw_ingestion: {
  "source_type": "deep_web",
  "dataset": "Collection #1",
  "raw_data": {
    "email": "jane.s@test.org",
    "password_hash": "sha1:-3180401589483841617",
    "ip_address": "192.168.1.89"
  },
  "timestamp": 1763841023.8344479
}
INFO:__main__:Sending to raw_ingestion: {
  "source_type": "surface_web",
  "url": "https://instagram.com/michaelchen68",
  "raw_data": {
    "name": "Michael Chen",
    "username": "michaelchen68",
    "bio": "Just a random bio for testing.",
    "location": "San Francisco, CA"
  },
  "timestamp": 1763841026.8346138
}
INFO:__main__:Sending to raw_ingestion: {
  "source_type": "deep_web",
  "dataset": "Collection #1",
  "raw_data": {
    "email": "jane.s@test.org",
    "password_hash": "sha1:-8191579093335833299",
    "ip_address": "192.168.1.110"
  },
  "timestamp": 1763841026.8349109
}
INFO:__main__:Sending to raw_ingestion: {
  "source_type": "surface_web",
  "url": "https://linkedin.com/michaelchen93",
  "raw_data": {
    "name": "Michael Chen",
    "username": "michaelchen93",
    "bio": "Just a random bio for testing.",
    "location": "San Francisco, CA"
  },
  "timestamp": 1763841029.8351283
}
INFO:__main__:Sending to raw_ingestion: {
  "source_type": "deep_web",
  "dataset": "Collection #1",
  "raw_data": {
    "email": "jane.s@test.org",
    "password_hash": "sha1:1716697371150426012",
    "ip_address": "192.168.1.174"
  },
  "timestamp": 1763841029.8352897
}
INFO:__main__:Sending to raw_ingestion: {
  "source_type": "surface_web",
  "url": "https://twitter.com/janesmith12",
  "raw_data": {
    "name": "Jane Smith",
    "username": "janesmith12",
    "bio": "Just a random bio for testing.",
    "location": "San Francisco, CA"
  },
  "timestamp": 1763841032.8354535
}
INFO:__main__:Sending to raw_ingestion: {
  "source_type": "deep_web",
  "dataset": "Collection #1",
  "raw_data": {
    "email": "jane.s@test.org",
    "password_hash": "sha1:-5847721951659136944",
    "ip_address": "192.168.1.38"
  },
  "timestamp": 1763841032.835614
}
INFO:__main__:Sending to raw_ingestion: {
  "source_type": "surface_web",
  "url": "https://twitter.com/michaelchen61",
  "raw_data": {
    "name": "Michael Chen",
    "username": "michaelchen61",
    "bio": "Just a random bio for testing.",
    "location": "San Francisco, CA"
  },
  "timestamp": 1763841035.8357716
}
INFO:__main__:Sending to raw_ingestion: {
  "source_type": "deep_web",
  "dataset": "Collection #1",
  "raw_data": {
    "email": "jane.s@test.org",
    "password_hash": "sha1:1716697371150426012",
    "ip_address": "192.168.1.53"
  },
  "timestamp": 1763841035.8359325
}
INFO:__main__:Sending to raw_ingestion: {
  "source_type": "surface_web",
  "url": "https://linkedin.com/evabrown80",
  "raw_data": {
    "name": "Eva Brown",
    "username": "evabrown80",
    "bio": "Just a random bio for testing.",
    "location": "San Francisco, CA"
  },
  "timestamp": 1763841038.8361824
}
INFO:__main__:Sending to raw_ingestion: {
  "source_type": "deep_web",
  "dataset": "Collection #1",
  "raw_data": {
    "email": "jdoe@example.com",
    "password_hash": "sha1:-8191579093335833299",
    "ip_address": "192.168.1.57"
  },
  "timestamp": 1763841038.8363404
}
INFO:__main__:Sending to raw_ingestion: {
  "source_type": "surface_web",
  "url": "https://linkedin.com/bobwilliams98",
  "raw_data": {
    "name": "Bob Williams",
    "username": "bobwilliams98",
    "bio": "Just a random bio for testing.",
    "location": "San Francisco, CA"
  },
  "timestamp": 1763841041.8364744
}
INFO:__main__:Sending to raw_ingestion: {
  "source_type": "deep_web",
  "dataset": "Collection #1",
  "raw_data": {
    "email": "bob.w@provider.com",
    "password_hash": "sha1:-3180401589483841617",
    "ip_address": "192.168.1.2"
  },
  "timestamp": 1763841041.8365896
}
INFO:__main__:Sending to raw_ingestion: {
  "source_type": "surface_web",
  "url": "https://instagram.com/bobwilliams76",
  "raw_data": {
    "name": "Bob Williams",
    "username": "bobwilliams76",
    "bio": "Just a random bio for testing.",
    "location": "San Francisco, CA"
  },
  "timestamp": 1763841044.8367531
}
INFO:__main__:Sending to raw_ingestion: {
  "source_type": "deep_web",
  "dataset": "Collection #1",
  "raw_data": {
    "email": "jane.s@test.org",
    "password_hash": "sha1:-3127622867991845642",
    "ip_address": "192.168.1.190"
  },
  "timestamp": 1763841044.8368912
}
INFO:__main__:Sending to raw_ingestion: {
  "source_type": "surface_web",
  "url": "https://linkedin.com/johndoe17",
  "raw_data": {
    "name": "John Doe",
    "username": "johndoe17",
    "bio": "Just a random bio for testing.",
    "location": "San Francisco, CA"
  },
  "timestamp": 1763841047.8377917
}
INFO:__main__:Sending to raw_ingestion: {
  "source_type": "deep_web",
  "dataset": "Collection #1",
  "raw_data": {
    "email": "bob.w@provider.com",
    "password_hash": "sha1:-5847721951659136944",
    "ip_address": "192.168.1.54"
  },
  "timestamp": 1763841047.8379648
}
INFO:__main__:Sending to raw_ingestion: {
  "source_type": "surface_web",
  "url": "https://tiktok.com/evabrown90",
  "raw_data": {
    "name": "Eva Brown",
    "username": "evabrown90",
    "bio": "Just a random bio for testing.",
    "location": "San Francisco, CA"
  },
  "timestamp": 1763841050.8381164
}
INFO:__main__:Sending to raw_ingestion: {
  "source_type": "deep_web",
  "dataset": "Collection #1",
  "raw_data": {
    "email": "jane.s@test.org",
    "password_hash": "sha1:-3180401589483841617",
    "ip_address": "192.168.1.10"
  },
  "timestamp": 1763841050.8382945
}
INFO:__main__:Sending to raw_ingestion: {
  "source_type": "surface_web",
  "url": "https://linkedin.com/johndoe2",
  "raw_data": {
    "name": "John Doe",
    "username": "johndoe2",
    "bio": "Just a random bio for testing.",
    "location": "San Francisco, CA"
  },
  "timestamp": 1763841053.8384693
}
INFO:__main__:Sending to raw_ingestion: {
  "source_type": "deep_web",
  "dataset": "Collection #1",
  "raw_data": {
    "email": "alice.j@company.net",
    "password_hash": "sha1:-5847721951659136944",
    "ip_address": "192.168.1.99"
  },
  "timestamp": 1763841053.838659
}
INFO:__main__:Sending to raw_ingestion: {
  "source_type": "surface_web",
  "url": "https://instagram.com/michaelchen76",
  "raw_data": {
    "name": "Michael Chen",
    "username": "michaelchen76",
    "bio": "Just a random bio for testing.",
    "location": "San Francisco, CA"
  },
  "timestamp": 1763841056.838828
}
INFO:__main__:Sending to raw_ingestion: {
  "source_type": "deep_web",
  "dataset": "Collection #1",
  "raw_data": {
    "email": "jane.s@test.org",
    "password_hash": "sha1:-3127622867991845642",
    "ip_address": "192.168.1.114"
  },
  "timestamp": 1763841056.839039
}
INFO:__main__:Sending to raw_ingestion: {
  "source_type": "surface_web",
  "url": "https://twitter.com/alicejohnson64",
  "raw_data": {
    "name": "Alice Johnson",
    "username": "alicejohnson64",
    "bio": "Just a random bio for testing.",
    "location": "San Francisco, CA"
  },
  "timestamp": 1763841059.839183
}
INFO:__main__:Sending to raw_ingestion: {
  "source_type": "deep_web",
  "dataset": "Collection #1",
  "raw_data": {
    "email": "jdoe@example.com",
    "password_hash": "sha1:-3180401589483841617",
    "ip_address": "192.168.1.184"
  },
  "timestamp": 1763841059.839342
}
INFO:__main__:Sending to raw_ingestion: {
  "source_type": "surface_web",
  "url": "https://tiktok.com/janesmith38",
  "raw_data": {
    "name": "Jane Smith",
    "username": "janesmith38",
    "bio": "Just a random bio for testing.",
    "location": "San Francisco, CA"
  },
  "timestamp": 1763841062.8395016
}
INFO:__main__:Sending to raw_ingestion: {
  "source_type": "deep_web",
  "dataset": "Collection #1",
  "raw_data": {
    "email": "alice.j@company.net",
    "password_hash": "sha1:1716697371150426012",
    "ip_address": "192.168.1.22"
  },
  "timestamp": 1763841062.8397434
}
INFO:__main__:Sending to raw_ingestion: {
  "source_type": "surface_web",
  "url": "https://linkedin.com/michaelchen95",
  "raw_data": {
    "name": "Michael Chen",
    "username": "michaelchen95",
    "bio": "Just a random bio for testing.",
    "location": "San Francisco, CA"
  },
  "timestamp": 1763841065.8400087
}
INFO:__main__:Sending to raw_ingestion: {
  "source_type": "deep_web",
  "dataset": "Collection #1",
  "raw_data": {
    "email": "jdoe@example.com",
    "password_hash": "sha1:-3127622867991845642",
    "ip_address": "192.168.1.140"
  },
  "timestamp": 1763841065.8401282
}
INFO:__main__:Sending to raw_ingestion: {
  "source_type": "surface_web",
  "url": "https://linkedin.com/janesmith22",
  "raw_data": {
    "name": "Jane Smith",
    "username": "janesmith22",
    "bio": "Just a random bio for testing.",
    "location": "San Francisco, CA"
  },
  "timestamp": 1763841068.8403308
}
INFO:__main__:Sending to raw_ingestion: {
  "source_type": "deep_web",
  "dataset": "Collection #1",
  "raw_data": {
    "email": "bob.w@provider.com",
    "password_hash": "sha1:1716697371150426012",
    "ip_address": "192.168.1.101"
  },
  "timestamp": 1763841068.8405287
}
INFO:__main__:Sending to raw_ingestion: {
  "source_type": "surface_web",
  "url": "https://tiktok.com/janesmith9",
  "raw_data": {
    "name": "Jane Smith",
    "username": "janesmith9",
    "bio": "Just a random bio for testing.",
    "location": "San Francisco, CA"
  },
  "timestamp": 1763841071.8406832
}
INFO:__main__:Sending to raw_ingestion: {
  "source_type": "deep_web",
  "dataset": "Collection #1",
  "raw_data": {
    "email": "alice.j@company.net",
    "password_hash": "sha1:-5847721951659136944",
    "ip_address": "192.168.1.180"
  },
  "timestamp": 1763841071.8408155
}
INFO:__main__:Sending to raw_ingestion: {
  "source_type": "surface_web",
  "url": "https://instagram.com/johndoe56",
  "raw_data": {
    "name": "John Doe",
    "username": "johndoe56",
    "bio": "Just a random bio for testing.",
    "location": "San Francisco, CA"
  },
  "timestamp": 1763841074.8409557
}
INFO:__main__:Sending to raw_ingestion: {
  "source_type": "deep_web",
  "dataset": "Collection #1",
  "raw_data": {
    "email": "alice.j@company.net",
    "password_hash": "sha1:-5847721951659136944",
    "ip_address": "192.168.1.64"
  },
  "timestamp": 1763841074.8410668
}
INFO:__main__:Sending to raw_ingestion: {
  "source_type": "surface_web",
  "url": "https://linkedin.com/michaelchen66",
  "raw_data": {
    "name": "Michael Chen",
    "username": "michaelchen66",
    "bio": "Just a random bio for testing.",
    "location": "San Francisco, CA"
  },
  "timestamp": 1763841077.8413055
}
INFO:__main__:Sending to raw_ingestion: {
  "source_type": "deep_web",
  "dataset": "Collection #1",
  "raw_data": {
    "email": "jane.s@test.org",
    "password_hash": "sha1:-3180401589483841617",
    "ip_address": "192.168.1.226"
  },
  "timestamp": 1763841077.8414085
}
INFO:__main__:Sending to raw_ingestion: {
  "source_type": "surface_web",
  "url": "https://instagram.com/michaelchen62",
  "raw_data": {
    "name": "Michael Chen",
    "username": "michaelchen62",
    "bio": "Just a random bio for testing.",
    "location": "San Francisco, CA"
  },
  "timestamp": 1763841080.841555
}
INFO:__main__:Sending to raw_ingestion: {
  "source_type": "deep_web",
  "dataset": "Collection #1",
  "raw_data": {
    "email": "jane.s@test.org",
    "password_hash": "sha1:-3180401589483841617",
    "ip_address": "192.168.1.150"
  },
  "timestamp": 1763841080.8417354
}
INFO:__main__:Sending to raw_ingestion: {
  "source_type": "surface_web",
  "url": "https://instagram.com/michaelchen69",
  "raw_data": {
    "name": "Michael Chen",
    "username": "michaelchen69",
    "bio": "Just a random bio for testing.",
    "location": "San Francisco, CA"
  },
  "timestamp": 1763841083.8419101
}
INFO:__main__:Sending to raw_ingestion: {
  "source_type": "deep_web",
  "dataset": "Collection #1",
  "raw_data": {
    "email": "jdoe@example.com",
    "password_hash": "sha1:-3127622867991845642",
    "ip_address": "192.168.1.16"
  },
  "timestamp": 1763841083.8420587
}
INFO:__main__:Sending to raw_ingestion: {
  "source_type": "surface_web",
  "url": "https://tiktok.com/janesmith8",
  "raw_data": {
    "name": "Jane Smith",
    "username": "janesmith8",
    "bio": "Just a random bio for testing.",
    "location": "San Francisco, CA"
  },
  "timestamp": 1763841086.8422089
}
INFO:__main__:Sending to raw_ingestion: {
  "source_type": "deep_web",
  "dataset": "Collection #1",
  "raw_data": {
    "email": "bob.w@provider.com",
    "password_hash": "sha1:-5847721951659136944",
    "ip_address": "192.168.1.57"
  },
  "timestamp": 1763841086.842332
}
INFO:__main__:Sending to raw_ingestion: {
  "source_type": "surface_web",
  "url": "https://instagram.com/janesmith3",
  "raw_data": {
    "name": "Jane Smith",
    "username": "janesmith3",
    "bio": "Just a random bio for testing.",
    "location": "San Francisco, CA"
  },
  "timestamp": 1763841089.8424747
}
INFO:__main__:Sending to raw_ingestion: {
  "source_type": "deep_web",
  "dataset": "Collection #1",
  "raw_data": {
    "email": "alice.j@company.net",
    "password_hash": "sha1:-8191579093335833299",
    "ip_address": "192.168.1.68"
  },
  "timestamp": 1763841089.8425899
}
INFO:__main__:Sending to raw_ingestion: {
  "source_type": "surface_web",
  "url": "https://linkedin.com/bobwilliams49",
  "raw_data": {
    "name": "Bob Williams",
    "username": "bobwilliams49",
    "bio": "Just a random bio for testing.",
    "location": "San Francisco, CA"
  },
  "timestamp": 1763841092.8429039
}
INFO:__main__:Sending to raw_ingestion: {
  "source_type": "deep_web",
  "dataset": "Collection #1",
  "raw_data": {
    "email": "bob.w@provider.com",
    "password_hash": "sha1:1716697371150426012",
    "ip_address": "192.168.1.177"
  },
  "timestamp": 1763841092.8431418
}
INFO:__main__:Sending to raw_ingestion: {
  "source_type": "surface_web",
  "url": "https://instagram.com/michaelchen35",
  "raw_data": {
    "name": "Michael Chen",
    "username": "michaelchen35",
    "bio": "Just a random bio for testing.",
    "location": "San Francisco, CA"
  },
  "timestamp": 1763841095.843442
}
INFO:__main__:Sending to raw_ingestion: {
  "source_type": "deep_web",
  "dataset": "Collection #1",
  "raw_data": {
    "email": "jane.s@test.org",
    "password_hash": "sha1:-3127622867991845642",
    "ip_address": "192.168.1.41"
  },
  "timestamp": 1763841095.8437064
}
INFO:__main__:Sending to raw_ingestion: {
  "source_type": "surface_web",
  "url": "https://instagram.com/janesmith86",
  "raw_data": {
    "name": "Jane Smith",
    "username": "janesmith86",
    "bio": "Just a random bio for testing.",
    "location": "San Francisco, CA"
  },
  "timestamp": 1763841098.844055
}
INFO:__main__:Sending to raw_ingestion: {
  "source_type": "deep_web",
  "dataset": "Collection #1",
  "raw_data": {
    "email": "alice.j@company.net",
    "password_hash": "sha1:-3127622867991845642",
    "ip_address": "192.168.1.229"
  },
  "timestamp": 1763841098.8444118
}
INFO:__main__:Sending to raw_ingestion: {
  "source_type": "surface_web",
  "url": "https://tiktok.com/michaelchen7",
  "raw_data": {
    "name": "Michael Chen",
    "username": "michaelchen7",
    "bio": "Just a random bio for testing.",
    "location": "San Francisco, CA"
  },
  "timestamp": 1763841101.8445833
}
INFO:__main__:Sending to raw_ingestion: {
  "source_type": "deep_web",
  "dataset": "Collection #1",
  "raw_data": {
    "email": "jdoe@example.com",
    "password_hash": "sha1:-3127622867991845642",
    "ip_address": "192.168.1.184"
  },
  "timestamp": 1763841101.8447888
}
INFO:__main__:Sending to raw_ingestion: {
  "source_type": "surface_web",
  "url": "https://tiktok.com/johndoe24",
  "raw_data": {
    "name": "John Doe",
    "username": "johndoe24",
    "bio": "Just a random bio for testing.",
    "location": "San Francisco, CA"
  },
  "timestamp": 1763841104.8451004
}
INFO:__main__:Sending to raw_ingestion: {
  "source_type": "deep_web",
  "dataset": "Collection #1",
  "raw_data": {
    "email": "jdoe@example.com",
    "password_hash": "sha1:-8191579093335833299",
    "ip_address": "192.168.1.134"
  },
  "timestamp": 1763841104.8453662
}
INFO:__main__:Sending to raw_ingestion: {
  "source_type": "surface_web",
  "url": "https://twitter.com/bobwilliams20",
  "raw_data": {
    "name": "Bob Williams",
    "username": "bobwilliams20",
    "bio": "Just a random bio for testing.",
    "location": "San Francisco, CA"
  },
  "timestamp": 1763841107.8455362
}
INFO:__main__:Sending to raw_ingestion: {
  "source_type": "deep_web",
  "dataset": "Collection #1",
  "raw_data": {
    "email": "jane.s@test.org",
    "password_hash": "sha1:-3180401589483841617",
    "ip_address": "192.168.1.238"
  },
  "timestamp": 1763841107.845728
}
INFO:__main__:Sending to raw_ingestion: {
  "source_type": "surface_web",
  "url": "https://linkedin.com/evabrown58",
  "raw_data": {
    "name": "Eva Brown",
    "username": "evabrown58",
    "bio": "Just a random bio for testing.",
    "location": "San Francisco, CA"
  },
  "timestamp": 1763841110.846046
}
INFO:__main__:Sending to raw_ingestion: {
  "source_type": "deep_web",
  "dataset": "Collection #1",
  "raw_data": {
    "email": "alice.j@company.net",
    "password_hash": "sha1:-3127622867991845642",
    "ip_address": "192.168.1.162"
  },
  "timestamp": 1763841110.846313
}
INFO:__main__:Sending to raw_ingestion: {
  "source_type": "surface_web",
  "url": "https://linkedin.com/alicejohnson59",
  "raw_data": {
    "name": "Alice Johnson",
    "username": "alicejohnson59",
    "bio": "Just a random bio for testing.",
    "location": "San Francisco, CA"
  },
  "timestamp": 1763841113.846488
}
INFO:__main__:Sending to raw_ingestion: {
  "source_type": "deep_web",
  "dataset": "Collection #1",
  "raw_data": {
    "email": "alice.j@company.net",
    "password_hash": "sha1:1716697371150426012",
    "ip_address": "192.168.1.108"
  },
  "timestamp": 1763841113.8467405
}
INFO:__main__:Sending to raw_ingestion: {
  "source_type": "surface_web",
  "url": "https://twitter.com/bobwilliams73",
  "raw_data": {
    "name": "Bob Williams",
    "username": "bobwilliams73",
    "bio": "Just a random bio for testing.",
    "location": "San Francisco, CA"
  },
  "timestamp": 1763841116.8469396
}
INFO:__main__:Sending to raw_ingestion: {
  "source_type": "deep_web",
  "dataset": "Collection #1",
  "raw_data": {
    "email": "jane.s@test.org",
    "password_hash": "sha1:1716697371150426012",
    "ip_address": "192.168.1.227"
  },
  "timestamp": 1763841116.8471265
}
INFO:__main__:Sending to raw_ingestion: {
  "source_type": "surface_web",
  "url": "https://instagram.com/bobwilliams21",
  "raw_data": {
    "name": "Bob Williams",
    "username": "bobwilliams21",
    "bio": "Just a random bio for testing.",
    "location": "San Francisco, CA"
  },
  "timestamp": 1763841119.8472755
}
INFO:__main__:Sending to raw_ingestion: {
  "source_type": "deep_web",
  "dataset": "Collection #1",
  "raw_data": {
    "email": "jane.s@test.org",
    "password_hash": "sha1:1716697371150426012",
    "ip_address": "192.168.1.228"
  },
  "timestamp": 1763841119.8474133
}
INFO:__main__:Sending to raw_ingestion: {
  "source_type": "surface_web",
  "url": "https://linkedin.com/michaelchen25",
  "raw_data": {
    "name": "Michael Chen",
    "username": "michaelchen25",
    "bio": "Just a random bio for testing.",
    "location": "San Francisco, CA"
  },
  "timestamp": 1763841122.8475955
}
INFO:__main__:Sending to raw_ingestion: {
  "source_type": "deep_web",
  "dataset": "Collection #1",
  "raw_data": {
    "email": "alice.j@company.net",
    "password_hash": "sha1:-5847721951659136944",
    "ip_address": "192.168.1.223"
  },
  "timestamp": 1763841122.8478186
}
INFO:__main__:Sending to raw_ingestion: {
  "source_type": "surface_web",
  "url": "https://linkedin.com/bobwilliams52",
  "raw_data": {
    "name": "Bob Williams",
    "username": "bobwilliams52",
    "bio": "Just a random bio for testing.",
    "location": "San Francisco, CA"
  },
  "timestamp": 1763841125.8480144
}
INFO:__main__:Sending to raw_ingestion: {
  "source_type": "deep_web",
  "dataset": "Collection #1",
  "raw_data": {
    "email": "bob.w@provider.com",
    "password_hash": "sha1:-8191579093335833299",
    "ip_address": "192.168.1.85"
  },
  "timestamp": 1763841125.8481405
}
INFO:__main__:Sending to raw_ingestion: {
  "source_type": "surface_web",
  "url": "https://twitter.com/michaelchen83",
  "raw_data": {
    "name": "Michael Chen",
    "username": "michaelchen83",
    "bio": "Just a random bio for testing.",
    "location": "San Francisco, CA"
  },
  "timestamp": 1763841128.8483086
}
INFO:__main__:Sending to raw_ingestion: {
  "source_type": "deep_web",
  "dataset": "Collection #1",
  "raw_data": {
    "email": "jane.s@test.org",
    "password_hash": "sha1:-3180401589483841617",
    "ip_address": "192.168.1.119"
  },
  "timestamp": 1763841128.8484325
}
INFO:__main__:Sending to raw_ingestion: {
  "source_type": "surface_web",
  "url": "https://instagram.com/bobwilliams36",
  "raw_data": {
    "name": "Bob Williams",
    "username": "bobwilliams36",
    "bio": "Just a random bio for testing.",
    "location": "San Francisco, CA"
  },
  "timestamp": 1763841131.8485897
}
INFO:__main__:Sending to raw_ingestion: {
  "source_type": "deep_web",
  "dataset": "Collection #1",
  "raw_data": {
    "email": "bob.w@provider.com",
    "password_hash": "sha1:-8191579093335833299",
    "ip_address": "192.168.1.3"
  },
  "timestamp": 1763841131.8486972
}
INFO:__main__:Sending to raw_ingestion: {
  "source_type": "surface_web",
  "url": "https://twitter.com/janesmith47",
  "raw_data": {
    "name": "Jane Smith",
    "username": "janesmith47",
    "bio": "Just a random bio for testing.",
    "location": "San Francisco, CA"
  },
  "timestamp": 1763841134.8489254
}
INFO:__main__:Sending to raw_ingestion: {
  "source_type": "deep_web",
  "dataset": "Collection #1",
  "raw_data": {
    "email": "bob.w@provider.com",
    "password_hash": "sha1:-3127622867991845642",
    "ip_address": "192.168.1.152"
  },
  "timestamp": 1763841134.849285
}
INFO:__main__:Sending to raw_ingestion: {
  "source_type": "surface_web",
  "url": "https://tiktok.com/bobwilliams22",
  "raw_data": {
    "name": "Bob Williams",
    "username": "bobwilliams22",
    "bio": "Just a random bio for testing.",
    "location": "San Francisco, CA"
  },
  "timestamp": 1763841137.8494494
}
INFO:__main__:Sending to raw_ingestion: {
  "source_type": "deep_web",
  "dataset": "Collection #1",
  "raw_data": {
    "email": "jdoe@example.com",
    "password_hash": "sha1:1716697371150426012",
    "ip_address": "192.168.1.181"
  },
  "timestamp": 1763841137.8495548
}
INFO:__main__:Sending to raw_ingestion: {
  "source_type": "surface_web",
  "url": "https://twitter.com/johndoe22",
  "raw_data": {
    "name": "John Doe",
    "username": "johndoe22",
    "bio": "Just a random bio for testing.",
    "location": "San Francisco, CA"
  },
  "timestamp": 1763841140.849704
}
INFO:__main__:Sending to raw_ingestion: {
  "source_type": "deep_web",
  "dataset": "Collection #1",
  "raw_data": {
    "email": "jdoe@example.com",
    "password_hash": "sha1:-3127622867991845642",
    "ip_address": "192.168.1.254"
  },
  "timestamp": 1763841140.8498106
}
INFO:__main__:Sending to raw_ingestion: {
  "source_type": "surface_web",
  "url": "https://tiktok.com/evabrown39",
  "raw_data": {
    "name": "Eva Brown",
    "username": "evabrown39",
    "bio": "Just a random bio for testing.",
    "location": "San Francisco, CA"
  },
  "timestamp": 1763841143.8501134
}
INFO:__main__:Sending to raw_ingestion: {
  "source_type": "deep_web",
  "dataset": "Collection #1",
  "raw_data": {
    "email": "jane.s@test.org",
    "password_hash": "sha1:-3180401589483841617",
    "ip_address": "192.168.1.79"
  },
  "timestamp": 1763841143.8503523
}
INFO:__main__:Sending to raw_ingestion: {
  "source_type": "surface_web",
  "url": "https://twitter.com/alicejohnson61",
  "raw_data": {
    "name": "Alice Johnson",
    "username": "alicejohnson61",
    "bio": "Just a random bio for testing.",
    "location": "San Francisco, CA"
  },
  "timestamp": 1763841146.8505049
}
INFO:__main__:Sending to raw_ingestion: {
  "source_type": "deep_web",
  "dataset": "Collection #1",
  "raw_data": {
    "email": "jane.s@test.org",
    "password_hash": "sha1:-3127622867991845642",
    "ip_address": "192.168.1.156"
  },
  "timestamp": 1763841146.850644
}
INFO:__main__:Sending to raw_ingestion: {
  "source_type": "surface_web",
  "url": "https://linkedin.com/evabrown45",
  "raw_data": {
    "name": "Eva Brown",
    "username": "evabrown45",
    "bio": "Just a random bio for testing.",
    "location": "San Francisco, CA"
  },
  "timestamp": 1763841149.8507733
}
INFO:__main__:Sending to raw_ingestion: {
  "source_type": "deep_web",
  "dataset": "Collection #1",
  "raw_data": {
    "email": "alice.j@company.net",
    "password_hash": "sha1:-8191579093335833299",
    "ip_address": "192.168.1.82"
  },
  "timestamp": 1763841149.8508916
}
INFO:__main__:Sending to raw_ingestion: {
  "source_type": "surface_web",
  "url": "https://twitter.com/bobwilliams26",
  "raw_data": {
    "name": "Bob Williams",
    "username": "bobwilliams26",
    "bio": "Just a random bio for testing.",
    "location": "San Francisco, CA"
  },
  "timestamp": 1763841152.8510375
}
INFO:__main__:Sending to raw_ingestion: {
  "source_type": "deep_web",
  "dataset": "Collection #1",
  "raw_data": {
    "email": "jdoe@example.com",
    "password_hash": "sha1:-8191579093335833299",
    "ip_address": "192.168.1.143"
  },
  "timestamp": 1763841152.8511827
}
INFO:__main__:Sending to raw_ingestion: {
  "source_type": "surface_web",
  "url": "https://linkedin.com/alicejohnson29",
  "raw_data": {
    "name": "Alice Johnson",
    "username": "alicejohnson29",
    "bio": "Just a random bio for testing.",
    "location": "San Francisco, CA"
  },
  "timestamp": 1763841155.851469
}
INFO:__main__:Sending to raw_ingestion: {
  "source_type": "deep_web",
  "dataset": "Collection #1",
  "raw_data": {
    "email": "alice.j@company.net",
    "password_hash": "sha1:-5847721951659136944",
    "ip_address": "192.168.1.67"
  },
  "timestamp": 1763841155.8516738
}
INFO:__main__:Sending to raw_ingestion: {
  "source_type": "surface_web",
  "url": "https://tiktok.com/evabrown80",
  "raw_data": {
    "name": "Eva Brown",
    "username": "evabrown80",
    "bio": "Just a random bio for testing.",
    "location": "San Francisco, CA"
  },
  "timestamp": 1763841158.8518536
}
INFO:__main__:Sending to raw_ingestion: {
  "source_type": "deep_web",
  "dataset": "Collection #1",
  "raw_data": {
    "email": "alice.j@company.net",
    "password_hash": "sha1:-8191579093335833299",
    "ip_address": "192.168.1.148"
  },
  "timestamp": 1763841158.8520882
}
INFO:__main__:Sending to raw_ingestion: {
  "source_type": "surface_web",
  "url": "https://instagram.com/michaelchen52",
  "raw_data": {
    "name": "Michael Chen",
    "username": "michaelchen52",
    "bio": "Just a random bio for testing.",
    "location": "San Francisco, CA"
  },
  "timestamp": 1763841161.8523543
}
INFO:__main__:Sending to raw_ingestion: {
  "source_type": "deep_web",
  "dataset": "Collection #1",
  "raw_data": {
    "email": "jdoe@example.com",
    "password_hash": "sha1:-5847721951659136944",
    "ip_address": "192.168.1.241"
  },
  "timestamp": 1763841161.8525214
}
INFO:__main__:Sending to raw_ingestion: {
  "source_type": "surface_web",
  "url": "https://linkedin.com/michaelchen78",
  "raw_data": {
    "name": "Michael Chen",
    "username": "michaelchen78",
    "bio": "Just a random bio for testing.",
    "location": "San Francisco, CA"
  },
  "timestamp": 1763841164.8526726
}
INFO:__main__:Sending to raw_ingestion: {
  "source_type": "deep_web",
  "dataset": "Collection #1",
  "raw_data": {
    "email": "jane.s@test.org",
    "password_hash": "sha1:-3127622867991845642",
    "ip_address": "192.168.1.34"
  },
  "timestamp": 1763841164.8528335
}
INFO:__main__:Sending to raw_ingestion: {
  "source_type": "surface_web",
  "url": "https://instagram.com/michaelchen77",
  "raw_data": {
    "name": "Michael Chen",
    "username": "michaelchen77",
    "bio": "Just a random bio for testing.",
    "location": "San Francisco, CA"
  },
  "timestamp": 1763841167.8529932
}
INFO:__main__:Sending to raw_ingestion: {
  "source_type": "deep_web",
  "dataset": "Collection #1",
  "raw_data": {
    "email": "bob.w@provider.com",
    "password_hash": "sha1:-8191579093335833299",
    "ip_address": "192.168.1.74"
  },
  "timestamp": 1763841167.8531504
}
INFO:__main__:Sending to raw_ingestion: {
  "source_type": "surface_web",
  "url": "https://twitter.com/bobwilliams58",
  "raw_data": {
    "name": "Bob Williams",
    "username": "bobwilliams58",
    "bio": "Just a random bio for testing.",
    "location": "San Francisco, CA"
  },
  "timestamp": 1763841170.8533423
}
INFO:__main__:Sending to raw_ingestion: {
  "source_type": "deep_web",
  "dataset": "Collection #1",
  "raw_data": {
    "email": "bob.w@provider.com",
    "password_hash": "sha1:-5847721951659136944",
    "ip_address": "192.168.1.175"
  },
  "timestamp": 1763841170.8536723
}
INFO:__main__:Sending to raw_ingestion: {
  "source_type": "surface_web",
  "url": "https://tiktok.com/michaelchen88",
  "raw_data": {
    "name": "Michael Chen",
    "username": "michaelchen88",
    "bio": "Just a random bio for testing.",
    "location": "San Francisco, CA"
  },
  "timestamp": 1763841173.853983
}
INFO:__main__:Sending to raw_ingestion: {
  "source_type": "deep_web",
  "dataset": "Collection #1",
  "raw_data": {
    "email": "bob.w@provider.com",
    "password_hash": "sha1:-3180401589483841617",
    "ip_address": "192.168.1.42"
  },
  "timestamp": 1763841173.8543143
}
INFO:__main__:Sending to raw_ingestion: {
  "source_type": "surface_web",
  "url": "https://instagram.com/johndoe91",
  "raw_data": {
    "name": "John Doe",
    "username": "johndoe91",
    "bio": "Just a random bio for testing.",
    "location": "San Francisco, CA"
  },
  "timestamp": 1763841176.854472
}
INFO:__main__:Sending to raw_ingestion: {
  "source_type": "deep_web",
  "dataset": "Collection #1",
  "raw_data": {
    "email": "jdoe@example.com",
    "password_hash": "sha1:-3180401589483841617",
    "ip_address": "192.168.1.116"
  },
  "timestamp": 1763841176.8545794
}
INFO:__main__:Sending to raw_ingestion: {
  "source_type": "surface_web",
  "url": "https://linkedin.com/bobwilliams85",
  "raw_data": {
    "name": "Bob Williams",
    "username": "bobwilliams85",
    "bio": "Just a random bio for testing.",
    "location": "San Francisco, CA"
  },
  "timestamp": 1763841179.8547397
}
INFO:__main__:Sending to raw_ingestion: {
  "source_type": "deep_web",
  "dataset": "Collection #1",
  "raw_data": {
    "email": "jane.s@test.org",
    "password_hash": "sha1:-3127622867991845642",
    "ip_address": "192.168.1.34"
  },
  "timestamp": 1763841179.8548582
}
INFO:__main__:Sending to raw_ingestion: {
  "source_type": "surface_web",
  "url": "https://twitter.com/michaelchen28",
  "raw_data": {
    "name": "Michael Chen",
    "username": "michaelchen28",
    "bio": "Just a random bio for testing.",
    "location": "San Francisco, CA"
  },
  "timestamp": 1763841182.855006
}
INFO:__main__:Sending to raw_ingestion: {
  "source_type": "deep_web",
  "dataset": "Collection #1",
  "raw_data": {
    "email": "bob.w@provider.com",
    "password_hash": "sha1:1716697371150426012",
    "ip_address": "192.168.1.5"
  },
  "timestamp": 1763841182.855112
}
INFO:__main__:Sending to raw_ingestion: {
  "source_type": "surface_web",
  "url": "https://tiktok.com/alicejohnson14",
  "raw_data": {
    "name": "Alice Johnson",
    "username": "alicejohnson14",
    "bio": "Just a random bio for testing.",
    "location": "San Francisco, CA"
  },
  "timestamp": 1763841185.855309
}
INFO:__main__:Sending to raw_ingestion: {
  "source_type": "deep_web",
  "dataset": "Collection #1",
  "raw_data": {
    "email": "jane.s@test.org",
    "password_hash": "sha1:1716697371150426012",
    "ip_address": "192.168.1.190"
  },
  "timestamp": 1763841185.8556104
}
INFO:__main__:Sending to raw_ingestion: {
  "source_type": "surface_web",
  "url": "https://twitter.com/bobwilliams25",
  "raw_data": {
    "name": "Bob Williams",
    "username": "bobwilliams25",
    "bio": "Just a random bio for testing.",
    "location": "San Francisco, CA"
  },
  "timestamp": 1763841188.8558223
}
INFO:__main__:Sending to raw_ingestion: {
  "source_type": "deep_web",
  "dataset": "Collection #1",
  "raw_data": {
    "email": "jdoe@example.com",
    "password_hash": "sha1:1716697371150426012",
    "ip_address": "192.168.1.113"
  },
  "timestamp": 1763841188.8560588
}
INFO:__main__:Sending to raw_ingestion: {
  "source_type": "surface_web",
  "url": "https://twitter.com/johndoe1",
  "raw_data": {
    "name": "John Doe",
    "username": "johndoe1",
    "bio": "Just a random bio for testing.",
    "location": "San Francisco, CA"
  },
  "timestamp": 1763841191.8563163
}
INFO:__main__:Sending to raw_ingestion: {
  "source_type": "deep_web",
  "dataset": "Collection #1",
  "raw_data": {
    "email": "alice.j@company.net",
    "password_hash": "sha1:-3180401589483841617",
    "ip_address": "192.168.1.128"
  },
  "timestamp": 1763841191.856518
}
INFO:__main__:Sending to raw_ingestion: {
  "source_type": "surface_web",
  "url": "https://twitter.com/bobwilliams6",
  "raw_data": {
    "name": "Bob Williams",
    "username": "bobwilliams6",
    "bio": "Just a random bio for testing.",
    "location": "San Francisco, CA"
  },
  "timestamp": 1763841194.856706
}
INFO:__main__:Sending to raw_ingestion: {
  "source_type": "deep_web",
  "dataset": "Collection #1",
  "raw_data": {
    "email": "alice.j@company.net",
    "password_hash": "sha1:1716697371150426012",
    "ip_address": "192.168.1.137"
  },
  "timestamp": 1763841194.856942
}
INFO:__main__:Sending to raw_ingestion: {
  "source_type": "surface_web",
  "url": "https://twitter.com/alicejohnson28",
  "raw_data": {
    "name": "Alice Johnson",
    "username": "alicejohnson28",
    "bio": "Just a random bio for testing.",
    "location": "San Francisco, CA"
  },
  "timestamp": 1763841197.857356
}
INFO:__main__:Sending to raw_ingestion: {
  "source_type": "deep_web",
  "dataset": "Collection #1",
  "raw_data": {
    "email": "jane.s@test.org",
    "password_hash": "sha1:-3127622867991845642",
    "ip_address": "192.168.1.161"
  },
  "timestamp": 1763841197.8576853
}
INFO:__main__:Sending to raw_ingestion: {
  "source_type": "surface_web",
  "url": "https://twitter.com/evabrown68",
  "raw_data": {
    "name": "Eva Brown",
    "username": "evabrown68",
    "bio": "Just a random bio for testing.",
    "location": "San Francisco, CA"
  },
  "timestamp": 1763841200.8579316
}
INFO:__main__:Sending to raw_ingestion: {
  "source_type": "deep_web",
  "dataset": "Collection #1",
  "raw_data": {
    "email": "jdoe@example.com",
    "password_hash": "sha1:1716697371150426012",
    "ip_address": "192.168.1.24"
  },
  "timestamp": 1763841200.8581612
}
INFO:__main__:Sending to raw_ingestion: {
  "source_type": "surface_web",
  "url": "https://instagram.com/janesmith41",
  "raw_data": {
    "name": "Jane Smith",
    "username": "janesmith41",
    "bio": "Just a random bio for testing.",
    "location": "San Francisco, CA"
  },
  "timestamp": 1763841203.8585103
}
INFO:__main__:Sending to raw_ingestion: {
  "source_type": "deep_web",
  "dataset": "Collection #1",
  "raw_data": {
    "email": "alice.j@company.net",
    "password_hash": "sha1:-5847721951659136944",
    "ip_address": "192.168.1.170"
  },
  "timestamp": 1763841203.8588486
}
INFO:__main__:Sending to raw_ingestion: {
  "source_type": "surface_web",
  "url": "https://linkedin.com/evabrown71",
  "raw_data": {
    "name": "Eva Brown",
    "username": "evabrown71",
    "bio": "Just a random bio for testing.",
    "location": "San Francisco, CA"
  },
  "timestamp": 1763841206.8592362
}
INFO:__main__:Sending to raw_ingestion: {
  "source_type": "deep_web",
  "dataset": "Collection #1",
  "raw_data": {
    "email": "jdoe@example.com",
    "password_hash": "sha1:1716697371150426012",
    "ip_address": "192.168.1.227"
  },
  "timestamp": 1763841206.8596623
}
INFO:__main__:Sending to raw_ingestion: {
  "source_type": "surface_web",
  "url": "https://linkedin.com/evabrown56",
  "raw_data": {
    "name": "Eva Brown",
    "username": "evabrown56",
    "bio": "Just a random bio for testing.",
    "location": "San Francisco, CA"
  },
  "timestamp": 1763841209.859912
}
INFO:__main__:Sending to raw_ingestion: {
  "source_type": "deep_web",
  "dataset": "Collection #1",
  "raw_data": {
    "email": "jane.s@test.org",
    "password_hash": "sha1:-8191579093335833299",
    "ip_address": "192.168.1.164"
  },
  "timestamp": 1763841209.8603234
}
INFO:__main__:Sending to raw_ingestion: {
  "source_type": "surface_web",
  "url": "https://linkedin.com/michaelchen44",
  "raw_data": {
    "name": "Michael Chen",
    "username": "michaelchen44",
    "bio": "Just a random bio for testing.",
    "location": "San Francisco, CA"
  },
  "timestamp": 1763841212.8606498
}
INFO:__main__:Sending to raw_ingestion: {
  "source_type": "deep_web",
  "dataset": "Collection #1",
  "raw_data": {
    "email": "bob.w@provider.com",
    "password_hash": "sha1:-5847721951659136944",
    "ip_address": "192.168.1.149"
  },
  "timestamp": 1763841212.8611052
}
INFO:__main__:Sending to raw_ingestion: {
  "source_type": "surface_web",
  "url": "https://twitter.com/johndoe25",
  "raw_data": {
    "name": "John Doe",
    "username": "johndoe25",
    "bio": "Just a random bio for testing.",
    "location": "San Francisco, CA"
  },
  "timestamp": 1763841215.8614535
}
INFO:__main__:Sending to raw_ingestion: {
  "source_type": "deep_web",
  "dataset": "Collection #1",
  "raw_data": {
    "email": "bob.w@provider.com",
    "password_hash": "sha1:-3180401589483841617",
    "ip_address": "192.168.1.103"
  },
  "timestamp": 1763841215.8619168
}
INFO:__main__:Sending to raw_ingestion: {
  "source_type": "surface_web",
  "url": "https://tiktok.com/johndoe38",
  "raw_data": {
    "name": "John Doe",
    "username": "johndoe38",
    "bio": "Just a random bio for testing.",
    "location": "San Francisco, CA"
  },
  "timestamp": 1763841218.8620827
}
INFO:__main__:Sending to raw_ingestion: {
  "source_type": "deep_web",
  "dataset": "Collection #1",
  "raw_data": {
    "email": "alice.j@company.net",
    "password_hash": "sha1:-5847721951659136944",
    "ip_address": "192.168.1.225"
  },
  "timestamp": 1763841218.8622954
}
INFO:__main__:Sending to raw_ingestion: {
  "source_type": "surface_web",
  "url": "https://tiktok.com/evabrown27",
  "raw_data": {
    "name": "Eva Brown",
    "username": "evabrown27",
    "bio": "Just a random bio for testing.",
    "location": "San Francisco, CA"
  },
  "timestamp": 1763841221.8624306
}
INFO:__main__:Sending to raw_ingestion: {
  "source_type": "deep_web",
  "dataset": "Collection #1",
  "raw_data": {
    "email": "jdoe@example.com",
    "password_hash": "sha1:-3127622867991845642",
    "ip_address": "192.168.1.158"
  },
  "timestamp": 1763841221.8625455
}
INFO:__main__:Sending to raw_ingestion: {
  "source_type": "surface_web",
  "url": "https://tiktok.com/bobwilliams77",
  "raw_data": {
    "name": "Bob Williams",
    "username": "bobwilliams77",
    "bio": "Just a random bio for testing.",
    "location": "San Francisco, CA"
  },
  "timestamp": 1763841224.8627048
}
INFO:__main__:Sending to raw_ingestion: {
  "source_type": "deep_web",
  "dataset": "Collection #1",
  "raw_data": {
    "email": "alice.j@company.net",
    "password_hash": "sha1:1716697371150426012",
    "ip_address": "192.168.1.222"
  },
  "timestamp": 1763841224.8628135
}
INFO:__main__:Sending to raw_ingestion: {
  "source_type": "surface_web",
  "url": "https://twitter.com/alicejohnson62",
  "raw_data": {
    "name": "Alice Johnson",
    "username": "alicejohnson62",
    "bio": "Just a random bio for testing.",
    "location": "San Francisco, CA"
  },
  "timestamp": 1763841227.863012
}
INFO:__main__:Sending to raw_ingestion: {
  "source_type": "deep_web",
  "dataset": "Collection #1",
  "raw_data": {
    "email": "jane.s@test.org",
    "password_hash": "sha1:-3180401589483841617",
    "ip_address": "192.168.1.161"
  },
  "timestamp": 1763841227.8631253
}
INFO:__main__:Sending to raw_ingestion: {
  "source_type": "surface_web",
  "url": "https://tiktok.com/alicejohnson95",
  "raw_data": {
    "name": "Alice Johnson",
    "username": "alicejohnson95",
    "bio": "Just a random bio for testing.",
    "location": "San Francisco, CA"
  },
  "timestamp": 1763841230.8633637
}
INFO:__main__:Sending to raw_ingestion: {
  "source_type": "deep_web",
  "dataset": "Collection #1",
  "raw_data": {
    "email": "jdoe@example.com",
    "password_hash": "sha1:-8191579093335833299",
    "ip_address": "192.168.1.185"
  },
  "timestamp": 1763841230.8635643
}
INFO:__main__:Sending to raw_ingestion: {
  "source_type": "surface_web",
  "url": "https://linkedin.com/michaelchen65",
  "raw_data": {
    "name": "Michael Chen",
    "username": "michaelchen65",
    "bio": "Just a random bio for testing.",
    "location": "San Francisco, CA"
  },
  "timestamp": 1763841233.863736
}
INFO:__main__:Sending to raw_ingestion: {
  "source_type": "deep_web",
  "dataset": "Collection #1",
  "raw_data": {
    "email": "jdoe@example.com",
    "password_hash": "sha1:1716697371150426012",
    "ip_address": "192.168.1.167"
  },
  "timestamp": 1763841233.8639164
}
INFO:__main__:Sending to raw_ingestion: {
  "source_type": "surface_web",
  "url": "https://twitter.com/janesmith19",
  "raw_data": {
    "name": "Jane Smith",
    "username": "janesmith19",
    "bio": "Just a random bio for testing.",
    "location": "San Francisco, CA"
  },
  "timestamp": 1763841236.8640597
}
INFO:__main__:Sending to raw_ingestion: {
  "source_type": "deep_web",
  "dataset": "Collection #1",
  "raw_data": {
    "email": "jdoe@example.com",
    "password_hash": "sha1:-8191579093335833299",
    "ip_address": "192.168.1.155"
  },
  "timestamp": 1763841236.8641713
}
INFO:__main__:Sending to raw_ingestion: {
  "source_type": "surface_web",
  "url": "https://instagram.com/bobwilliams4",
  "raw_data": {
    "name": "Bob Williams",
    "username": "bobwilliams4",
    "bio": "Just a random bio for testing.",
    "location": "San Francisco, CA"
  },
  "timestamp": 1763841239.8644607
}
INFO:__main__:Sending to raw_ingestion: {
  "source_type": "deep_web",
  "dataset": "Collection #1",
  "raw_data": {
    "email": "bob.w@provider.com",
    "password_hash": "sha1:-3127622867991845642",
    "ip_address": "192.168.1.125"
  },
  "timestamp": 1763841239.8645766
}
INFO:__main__:Sending to raw_ingestion: {
  "source_type": "surface_web",
  "url": "https://linkedin.com/evabrown95",
  "raw_data": {
    "name": "Eva Brown",
    "username": "evabrown95",
    "bio": "Just a random bio for testing.",
    "location": "San Francisco, CA"
  },
  "timestamp": 1763841242.8647647
}
INFO:__main__:Sending to raw_ingestion: {
  "source_type": "deep_web",
  "dataset": "Collection #1",
  "raw_data": {
    "email": "bob.w@provider.com",
    "password_hash": "sha1:-3127622867991845642",
    "ip_address": "192.168.1.250"
  },
  "timestamp": 1763841242.8651042
}
INFO:__main__:Sending to raw_ingestion: {
  "source_type": "surface_web",
  "url": "https://tiktok.com/evabrown79",
  "raw_data": {
    "name": "Eva Brown",
    "username": "evabrown79",
    "bio": "Just a random bio for testing.",
    "location": "San Francisco, CA"
  },
  "timestamp": 1763841245.8652668
}
INFO:__main__:Sending to raw_ingestion: {
  "source_type": "deep_web",
  "dataset": "Collection #1",
  "raw_data": {
    "email": "jdoe@example.com",
    "password_hash": "sha1:-5847721951659136944",
    "ip_address": "192.168.1.237"
  },
  "timestamp": 1763841245.86541
}
INFO:__main__:Sending to raw_ingestion: {
  "source_type": "surface_web",
  "url": "https://instagram.com/michaelchen5",
  "raw_data": {
    "name": "Michael Chen",
    "username": "michaelchen5",
    "bio": "Just a random bio for testing.",
    "location": "San Francisco, CA"
  },
  "timestamp": 1763841248.8656957
}
INFO:__main__:Sending to raw_ingestion: {
  "source_type": "deep_web",
  "dataset": "Collection #1",
  "raw_data": {
    "email": "jane.s@test.org",
    "password_hash": "sha1:-3127622867991845642",
    "ip_address": "192.168.1.37"
  },
  "timestamp": 1763841248.8658931
}
INFO:__main__:Sending to raw_ingestion: {
  "source_type": "surface_web",
  "url": "https://linkedin.com/janesmith60",
  "raw_data": {
    "name": "Jane Smith",
    "username": "janesmith60",
    "bio": "Just a random bio for testing.",
    "location": "San Francisco, CA"
  },
  "timestamp": 1763841251.8660395
}
INFO:__main__:Sending to raw_ingestion: {
  "source_type": "deep_web",
  "dataset": "Collection #1",
  "raw_data": {
    "email": "jane.s@test.org",
    "password_hash": "sha1:-8191579093335833299",
    "ip_address": "192.168.1.123"
  },
  "timestamp": 1763841251.8662105
}
INFO:__main__:Sending to raw_ingestion: {
  "source_type": "surface_web",
  "url": "https://tiktok.com/evabrown95",
  "raw_data": {
    "name": "Eva Brown",
    "username": "evabrown95",
    "bio": "Just a random bio for testing.",
    "location": "San Francisco, CA"
  },
  "timestamp": 1763841254.866362
}
INFO:__main__:Sending to raw_ingestion: {
  "source_type": "deep_web",
  "dataset": "Collection #1",
  "raw_data": {
    "email": "jane.s@test.org",
    "password_hash": "sha1:-8191579093335833299",
    "ip_address": "192.168.1.215"
  },
  "timestamp": 1763841254.866542
}
INFO:__main__:Sending to raw_ingestion: {
  "source_type": "surface_web",
  "url": "https://twitter.com/evabrown27",
  "raw_data": {
    "name": "Eva Brown",
    "username": "evabrown27",
    "bio": "Just a random bio for testing.",
    "location": "San Francisco, CA"
  },
  "timestamp": 1763841257.866739
}
INFO:__main__:Sending to raw_ingestion: {
  "source_type": "deep_web",
  "dataset": "Collection #1",
  "raw_data": {
    "email": "bob.w@provider.com",
    "password_hash": "sha1:-3180401589483841617",
    "ip_address": "192.168.1.141"
  },
  "timestamp": 1763841257.8669875
}
INFO:__main__:Sending to raw_ingestion: {
  "source_type": "surface_web",
  "url": "https://twitter.com/evabrown31",
  "raw_data": {
    "name": "Eva Brown",
    "username": "evabrown31",
    "bio": "Just a random bio for testing.",
    "location": "San Francisco, CA"
  },
  "timestamp": 1763841260.8671632
}
INFO:__main__:Sending to raw_ingestion: {
  "source_type": "deep_web",
  "dataset": "Collection #1",
  "raw_data": {
    "email": "jdoe@example.com",
    "password_hash": "sha1:-3180401589483841617",
    "ip_address": "192.168.1.39"
  },
  "timestamp": 1763841260.867336
}
INFO:__main__:Sending to raw_ingestion: {
  "source_type": "surface_web",
  "url": "https://twitter.com/bobwilliams15",
  "raw_data": {
    "name": "Bob Williams",
    "username": "bobwilliams15",
    "bio": "Just a random bio for testing.",
    "location": "San Francisco, CA"
  },
  "timestamp": 1763841263.8676622
}
INFO:__main__:Sending to raw_ingestion: {
  "source_type": "deep_web",
  "dataset": "Collection #1",
  "raw_data": {
    "email": "bob.w@provider.com",
    "password_hash": "sha1:-8191579093335833299",
    "ip_address": "192.168.1.135"
  },
  "timestamp": 1763841263.8679051
}
INFO:__main__:Sending to raw_ingestion: {
  "source_type": "surface_web",
  "url": "https://linkedin.com/johndoe18",
  "raw_data": {
    "name": "John Doe",
    "username": "johndoe18",
    "bio": "Just a random bio for testing.",
    "location": "San Francisco, CA"
  },
  "timestamp": 1763841266.8681428
}
INFO:__main__:Sending to raw_ingestion: {
  "source_type": "deep_web",
  "dataset": "Collection #1",
  "raw_data": {
    "email": "bob.w@provider.com",
    "password_hash": "sha1:-5847721951659136944",
    "ip_address": "192.168.1.224"
  },
  "timestamp": 1763841266.8685126
}
INFO:__main__:Sending to raw_ingestion: {
  "source_type": "surface_web",
  "url": "https://tiktok.com/evabrown74",
  "raw_data": {
    "name": "Eva Brown",
    "username": "evabrown74",
    "bio": "Just a random bio for testing.",
    "location": "San Francisco, CA"
  },
  "timestamp": 1763841269.8687708
}
INFO:__main__:Sending to raw_ingestion: {
  "source_type": "deep_web",
  "dataset": "Collection #1",
  "raw_data": {
    "email": "alice.j@company.net",
    "password_hash": "sha1:-3180401589483841617",
    "ip_address": "192.168.1.213"
  },
  "timestamp": 1763841269.8692477
}
INFO:__main__:Sending to raw_ingestion: {
  "source_type": "surface_web",
  "url": "https://linkedin.com/johndoe71",
  "raw_data": {
    "name": "John Doe",
    "username": "johndoe71",
    "bio": "Just a random bio for testing.",
    "location": "San Francisco, CA"
  },
  "timestamp": 1763841272.8694682
}
INFO:__main__:Sending to raw_ingestion: {
  "source_type": "deep_web",
  "dataset": "Collection #1",
  "raw_data": {
    "email": "jdoe@example.com",
    "password_hash": "sha1:1716697371150426012",
    "ip_address": "192.168.1.109"
  },
  "timestamp": 1763841272.8697512
}
INFO:__main__:Sending to raw_ingestion: {
  "source_type": "surface_web",
  "url": "https://tiktok.com/johndoe26",
  "raw_data": {
    "name": "John Doe",
    "username": "johndoe26",
    "bio": "Just a random bio for testing.",
    "location": "San Francisco, CA"
  },
  "timestamp": 1763841275.8699522
}
INFO:__main__:Sending to raw_ingestion: {
  "source_type": "deep_web",
  "dataset": "Collection #1",
  "raw_data": {
    "email": "alice.j@company.net",
    "password_hash": "sha1:-3180401589483841617",
    "ip_address": "192.168.1.195"
  },
  "timestamp": 1763841275.87014
}
INFO:__main__:Sending to raw_ingestion: {
  "source_type": "surface_web",
  "url": "https://instagram.com/evabrown24",
  "raw_data": {
    "name": "Eva Brown",
    "username": "evabrown24",
    "bio": "Just a random bio for testing.",
    "location": "San Francisco, CA"
  },
  "timestamp": 1763841278.8703446
}
INFO:__main__:Sending to raw_ingestion: {
  "source_type": "deep_web",
  "dataset": "Collection #1",
  "raw_data": {
    "email": "bob.w@provider.com",
    "password_hash": "sha1:1716697371150426012",
    "ip_address": "192.168.1.34"
  },
  "timestamp": 1763841278.8707025
}
INFO:__main__:Sending to raw_ingestion: {
  "source_type": "surface_web",
  "url": "https://tiktok.com/janesmith67",
  "raw_data": {
    "name": "Jane Smith",
    "username": "janesmith67",
    "bio": "Just a random bio for testing.",
    "location": "San Francisco, CA"
  },
  "timestamp": 1763841281.8708544
}
INFO:__main__:Sending to raw_ingestion: {
  "source_type": "deep_web",
  "dataset": "Collection #1",
  "raw_data": {
    "email": "bob.w@provider.com",
    "password_hash": "sha1:-5847721951659136944",
    "ip_address": "192.168.1.230"
  },
  "timestamp": 1763841281.8710182
}
INFO:__main__:Sending to raw_ingestion: {
  "source_type": "surface_web",
  "url": "https://instagram.com/janesmith39",
  "raw_data": {
    "name": "Jane Smith",
    "username": "janesmith39",
    "bio": "Just a random bio for testing.",
    "location": "San Francisco, CA"
  },
  "timestamp": 1763841284.871433
}
INFO:__main__:Sending to raw_ingestion: {
  "source_type": "deep_web",
  "dataset": "Collection #1",
  "raw_data": {
    "email": "jane.s@test.org",
    "password_hash": "sha1:-5847721951659136944",
    "ip_address": "192.168.1.101"
  },
  "timestamp": 1763841284.8716545
}
INFO:__main__:Sending to raw_ingestion: {
  "source_type": "surface_web",
  "url": "https://tiktok.com/janesmith95",
  "raw_data": {
    "name": "Jane Smith",
    "username": "janesmith95",
    "bio": "Just a random bio for testing.",
    "location": "San Francisco, CA"
  },
  "timestamp": 1763841287.871865
}
INFO:__main__:Sending to raw_ingestion: {
  "source_type": "deep_web",
  "dataset": "Collection #1",
  "raw_data": {
    "email": "alice.j@company.net",
    "password_hash": "sha1:-5847721951659136944",
    "ip_address": "192.168.1.158"
  },
  "timestamp": 1763841287.872115
}
INFO:__main__:Sending to raw_ingestion: {
  "source_type": "surface_web",
  "url": "https://twitter.com/janesmith6",
  "raw_data": {
    "name": "Jane Smith",
    "username": "janesmith6",
    "bio": "Just a random bio for testing.",
    "location": "San Francisco, CA"
  },
  "timestamp": 1763841290.872334
}
INFO:__main__:Sending to raw_ingestion: {
  "source_type": "deep_web",
  "dataset": "Collection #1",
  "raw_data": {
    "email": "jane.s@test.org",
    "password_hash": "sha1:-5847721951659136944",
    "ip_address": "192.168.1.127"
  },
  "timestamp": 1763841290.872621
}
INFO:__main__:Sending to raw_ingestion: {
  "source_type": "surface_web",
  "url": "https://twitter.com/michaelchen78",
  "raw_data": {
    "name": "Michael Chen",
    "username": "michaelchen78",
    "bio": "Just a random bio for testing.",
    "location": "San Francisco, CA"
  },
  "timestamp": 1763841293.873072
}
INFO:__main__:Sending to raw_ingestion: {
  "source_type": "deep_web",
  "dataset": "Collection #1",
  "raw_data": {
    "email": "jdoe@example.com",
    "password_hash": "sha1:-8191579093335833299",
    "ip_address": "192.168.1.211"
  },
  "timestamp": 1763841293.8734694
}
INFO:__main__:Sending to raw_ingestion: {
  "source_type": "surface_web",
  "url": "https://linkedin.com/bobwilliams37",
  "raw_data": {
    "name": "Bob Williams",
    "username": "bobwilliams37",
    "bio": "Just a random bio for testing.",
    "location": "San Francisco, CA"
  },
  "timestamp": 1763841296.8739166
}
INFO:__main__:Sending to raw_ingestion: {
  "source_type": "deep_web",
  "dataset": "Collection #1",
  "raw_data": {
    "email": "alice.j@company.net",
    "password_hash": "sha1:1716697371150426012",
    "ip_address": "192.168.1.222"
  },
  "timestamp": 1763841296.8742743
}
INFO:__main__:Sending to raw_ingestion: {
  "source_type": "surface_web",
  "url": "https://twitter.com/alicejohnson69",
  "raw_data": {
    "name": "Alice Johnson",
    "username": "alicejohnson69",
    "bio": "Just a random bio for testing.",
    "location": "San Francisco, CA"
  },
  "timestamp": 1763841299.8744884
}
INFO:__main__:Sending to raw_ingestion: {
  "source_type": "deep_web",
  "dataset": "Collection #1",
  "raw_data": {
    "email": "jane.s@test.org",
    "password_hash": "sha1:-5847721951659136944",
    "ip_address": "192.168.1.57"
  },
  "timestamp": 1763841299.874752
}
INFO:__main__:Sending to raw_ingestion: {
  "source_type": "surface_web",
  "url": "https://tiktok.com/johndoe51",
  "raw_data": {
    "name": "John Doe",
    "username": "johndoe51",
    "bio": "Just a random bio for testing.",
    "location": "San Francisco, CA"
  },
  "timestamp": 1763841302.8749301
}
INFO:__main__:Sending to raw_ingestion: {
  "source_type": "deep_web",
  "dataset": "Collection #1",
  "raw_data": {
    "email": "alice.j@company.net",
    "password_hash": "sha1:1716697371150426012",
    "ip_address": "192.168.1.172"
  },
  "timestamp": 1763841302.8751721
}
INFO:__main__:Sending to raw_ingestion: {
  "source_type": "surface_web",
  "url": "https://tiktok.com/michaelchen54",
  "raw_data": {
    "name": "Michael Chen",
    "username": "michaelchen54",
    "bio": "Just a random bio for testing.",
    "location": "San Francisco, CA"
  },
  "timestamp": 1763841305.875483
}
INFO:__main__:Sending to raw_ingestion: {
  "source_type": "deep_web",
  "dataset": "Collection #1",
  "raw_data": {
    "email": "alice.j@company.net",
    "password_hash": "sha1:-3180401589483841617",
    "ip_address": "192.168.1.138"
  },
  "timestamp": 1763841305.8757527
}
INFO:__main__:Sending to raw_ingestion: {
  "source_type": "surface_web",
  "url": "https://instagram.com/michaelchen2",
  "raw_data": {
    "name": "Michael Chen",
    "username": "michaelchen2",
    "bio": "Just a random bio for testing.",
    "location": "San Francisco, CA"
  },
  "timestamp": 1763841308.8759735
}
INFO:__main__:Sending to raw_ingestion: {
  "source_type": "deep_web",
  "dataset": "Collection #1",
  "raw_data": {
    "email": "jane.s@test.org",
    "password_hash": "sha1:-3180401589483841617",
    "ip_address": "192.168.1.93"
  },
  "timestamp": 1763841308.876182
}
INFO:__main__:Sending to raw_ingestion: {
  "source_type": "surface_web",
  "url": "https://tiktok.com/alicejohnson79",
  "raw_data": {
    "name": "Alice Johnson",
    "username": "alicejohnson79",
    "bio": "Just a random bio for testing.",
    "location": "San Francisco, CA"
  },
  "timestamp": 1763841311.8763552
}
INFO:__main__:Sending to raw_ingestion: {
  "source_type": "deep_web",
  "dataset": "Collection #1",
  "raw_data": {
    "email": "alice.j@company.net",
    "password_hash": "sha1:-5847721951659136944",
    "ip_address": "192.168.1.3"
  },
  "timestamp": 1763841311.8765235
}
INFO:__main__:Sending to raw_ingestion: {
  "source_type": "surface_web",
  "url": "https://instagram.com/johndoe34",
  "raw_data": {
    "name": "John Doe",
    "username": "johndoe34",
    "bio": "Just a random bio for testing.",
    "location": "San Francisco, CA"
  },
  "timestamp": 1763841314.87685
}
INFO:__main__:Sending to raw_ingestion: {
  "source_type": "deep_web",
  "dataset": "Collection #1",
  "raw_data": {
    "email": "jane.s@test.org",
    "password_hash": "sha1:-3180401589483841617",
    "ip_address": "192.168.1.195"
  },
  "timestamp": 1763841314.877297
}
INFO:__main__:Sending to raw_ingestion: {
  "source_type": "surface_web",
  "url": "https://linkedin.com/janesmith80",
  "raw_data": {
    "name": "Jane Smith",
    "username": "janesmith80",
    "bio": "Just a random bio for testing.",
    "location": "San Francisco, CA"
  },
  "timestamp": 1763841317.8774705
}
INFO:__main__:Sending to raw_ingestion: {
  "source_type": "deep_web",
  "dataset": "Collection #1",
  "raw_data": {
    "email": "alice.j@company.net",
    "password_hash": "sha1:-3180401589483841617",
    "ip_address": "192.168.1.73"
  },
  "timestamp": 1763841317.877671
}
INFO:__main__:Sending to raw_ingestion: {
  "source_type": "surface_web",
  "url": "https://instagram.com/michaelchen56",
  "raw_data": {
    "name": "Michael Chen",
    "username": "michaelchen56",
    "bio": "Just a random bio for testing.",
    "location": "San Francisco, CA"
  },
  "timestamp": 1763841320.87785
}
INFO:__main__:Sending to raw_ingestion: {
  "source_type": "deep_web",
  "dataset": "Collection #1",
  "raw_data": {
    "email": "bob.w@provider.com",
    "password_hash": "sha1:-3127622867991845642",
    "ip_address": "192.168.1.235"
  },
  "timestamp": 1763841320.8780189
}
INFO:__main__:Sending to raw_ingestion: {
  "source_type": "surface_web",
  "url": "https://tiktok.com/alicejohnson84",
  "raw_data": {
    "name": "Alice Johnson",
    "username": "alicejohnson84",
    "bio": "Just a random bio for testing.",
    "location": "San Francisco, CA"
  },
  "timestamp": 1763841323.8781884
}
INFO:__main__:Sending to raw_ingestion: {
  "source_type": "deep_web",
  "dataset": "Collection #1",
  "raw_data": {
    "email": "bob.w@provider.com",
    "password_hash": "sha1:-3127622867991845642",
    "ip_address": "192.168.1.34"
  },
  "timestamp": 1763841323.8783584
}
INFO:__main__:Sending to raw_ingestion: {
  "source_type": "surface_web",
  "url": "https://tiktok.com/janesmith31",
  "raw_data": {
    "name": "Jane Smith",
    "username": "janesmith31",
    "bio": "Just a random bio for testing.",
    "location": "San Francisco, CA"
  },
  "timestamp": 1763841326.8785276
}
INFO:__main__:Sending to raw_ingestion: {
  "source_type": "deep_web",
  "dataset": "Collection #1",
  "raw_data": {
    "email": "alice.j@company.net",
    "password_hash": "sha1:-8191579093335833299",
    "ip_address": "192.168.1.156"
  },
  "timestamp": 1763841326.8787024
}
INFO:__main__:Sending to raw_ingestion: {
  "source_type": "surface_web",
  "url": "https://twitter.com/evabrown71",
  "raw_data": {
    "name": "Eva Brown",
    "username": "evabrown71",
    "bio": "Just a random bio for testing.",
    "location": "San Francisco, CA"
  },
  "timestamp": 1763841329.878892
}
INFO:__main__:Sending to raw_ingestion: {
  "source_type": "deep_web",
  "dataset": "Collection #1",
  "raw_data": {
    "email": "bob.w@provider.com",
    "password_hash": "sha1:1716697371150426012",
    "ip_address": "192.168.1.178"
  },
  "timestamp": 1763841329.8790755
}
INFO:__main__:Sending to raw_ingestion: {
  "source_type": "surface_web",
  "url": "https://twitter.com/bobwilliams70",
  "raw_data": {
    "name": "Bob Williams",
    "username": "bobwilliams70",
    "bio": "Just a random bio for testing.",
    "location": "San Francisco, CA"
  },
  "timestamp": 1763841332.8792355
}
INFO:__main__:Sending to raw_ingestion: {
  "source_type": "deep_web",
  "dataset": "Collection #1",
  "raw_data": {
    "email": "bob.w@provider.com",
    "password_hash": "sha1:-8191579093335833299",
    "ip_address": "192.168.1.1"
  },
  "timestamp": 1763841332.879401
}
INFO:__main__:Sending to raw_ingestion: {
  "source_type": "surface_web",
  "url": "https://instagram.com/michaelchen14",
  "raw_data": {
    "name": "Michael Chen",
    "username": "michaelchen14",
    "bio": "Just a random bio for testing.",
    "location": "San Francisco, CA"
  },
  "timestamp": 1763841335.8795714
}
INFO:__main__:Sending to raw_ingestion: {
  "source_type": "deep_web",
  "dataset": "Collection #1",
  "raw_data": {
    "email": "alice.j@company.net",
    "password_hash": "sha1:-8191579093335833299",
    "ip_address": "192.168.1.35"
  },
  "timestamp": 1763841335.8797472
}
INFO:__main__:Sending to raw_ingestion: {
  "source_type": "surface_web",
  "url": "https://tiktok.com/evabrown24",
  "raw_data": {
    "name": "Eva Brown",
    "username": "evabrown24",
    "bio": "Just a random bio for testing.",
    "location": "San Francisco, CA"
  },
  "timestamp": 1763841338.8799467
}
INFO:__main__:Sending to raw_ingestion: {
  "source_type": "deep_web",
  "dataset": "Collection #1",
  "raw_data": {
    "email": "bob.w@provider.com",
    "password_hash": "sha1:-3180401589483841617",
    "ip_address": "192.168.1.169"
  },
  "timestamp": 1763841338.8801
}
INFO:__main__:Sending to raw_ingestion: {
  "source_type": "surface_web",
  "url": "https://linkedin.com/janesmith72",
  "raw_data": {
    "name": "Jane Smith",
    "username": "janesmith72",
    "bio": "Just a random bio for testing.",
    "location": "San Francisco, CA"
  },
  "timestamp": 1763841341.8802876
}
INFO:__main__:Sending to raw_ingestion: {
  "source_type": "deep_web",
  "dataset": "Collection #1",
  "raw_data": {
    "email": "jdoe@example.com",
    "password_hash": "sha1:-5847721951659136944",
    "ip_address": "192.168.1.86"
  },
  "timestamp": 1763841341.8804646
}
INFO:__main__:Sending to raw_ingestion: {
  "source_type": "surface_web",
  "url": "https://instagram.com/johndoe48",
  "raw_data": {
    "name": "John Doe",
    "username": "johndoe48",
    "bio": "Just a random bio for testing.",
    "location": "San Francisco, CA"
  },
  "timestamp": 1763841344.8806329
}
INFO:__main__:Sending to raw_ingestion: {
  "source_type": "deep_web",
  "dataset": "Collection #1",
  "raw_data": {
    "email": "alice.j@company.net",
    "password_hash": "sha1:-3127622867991845642",
    "ip_address": "192.168.1.235"
  },
  "timestamp": 1763841344.8808005
}
INFO:__main__:Sending to raw_ingestion: {
  "source_type": "surface_web",
  "url": "https://instagram.com/bobwilliams90",
  "raw_data": {
    "name": "Bob Williams",
    "username": "bobwilliams90",
    "bio": "Just a random bio for testing.",
    "location": "San Francisco, CA"
  },
  "timestamp": 1763841347.881013
}
INFO:__main__:Sending to raw_ingestion: {
  "source_type": "deep_web",
  "dataset": "Collection #1",
  "raw_data": {
    "email": "alice.j@company.net",
    "password_hash": "sha1:-3180401589483841617",
    "ip_address": "192.168.1.123"
  },
  "timestamp": 1763841347.8812108
}
INFO:__main__:Sending to raw_ingestion: {
  "source_type": "surface_web",
  "url": "https://tiktok.com/bobwilliams63",
  "raw_data": {
    "name": "Bob Williams",
    "username": "bobwilliams63",
    "bio": "Just a random bio for testing.",
    "location": "San Francisco, CA"
  },
  "timestamp": 1763841350.8813803
}
INFO:__main__:Sending to raw_ingestion: {
  "source_type": "deep_web",
  "dataset": "Collection #1",
  "raw_data": {
    "email": "bob.w@provider.com",
    "password_hash": "sha1:-3127622867991845642",
    "ip_address": "192.168.1.18"
  },
  "timestamp": 1763841350.8816943
}
INFO:__main__:Sending to raw_ingestion: {
  "source_type": "surface_web",
  "url": "https://twitter.com/janesmith13",
  "raw_data": {
    "name": "Jane Smith",
    "username": "janesmith13",
    "bio": "Just a random bio for testing.",
    "location": "San Francisco, CA"
  },
  "timestamp": 1763841353.8818915
}
INFO:__main__:Sending to raw_ingestion: {
  "source_type": "deep_web",
  "dataset": "Collection #1",
  "raw_data": {
    "email": "bob.w@provider.com",
    "password_hash": "sha1:-5847721951659136944",
    "ip_address": "192.168.1.237"
  },
  "timestamp": 1763841353.8821378
}
INFO:__main__:Sending to raw_ingestion: {
  "source_type": "surface_web",
  "url": "https://instagram.com/johndoe56",
  "raw_data": {
    "name": "John Doe",
    "username": "johndoe56",
    "bio": "Just a random bio for testing.",
    "location": "San Francisco, CA"
  },
  "timestamp": 1763841356.8823237
}
INFO:__main__:Sending to raw_ingestion: {
  "source_type": "deep_web",
  "dataset": "Collection #1",
  "raw_data": {
    "email": "jdoe@example.com",
    "password_hash": "sha1:1716697371150426012",
    "ip_address": "192.168.1.193"
  },
  "timestamp": 1763841356.8825026
}
INFO:__main__:Sending to raw_ingestion: {
  "source_type": "surface_web",
  "url": "https://instagram.com/michaelchen42",
  "raw_data": {
    "name": "Michael Chen",
    "username": "michaelchen42",
    "bio": "Just a random bio for testing.",
    "location": "San Francisco, CA"
  },
  "timestamp": 1763841359.8827186
}
INFO:__main__:Sending to raw_ingestion: {
  "source_type": "deep_web",
  "dataset": "Collection #1",
  "raw_data": {
    "email": "bob.w@provider.com",
    "password_hash": "sha1:-3180401589483841617",
    "ip_address": "192.168.1.159"
  },
  "timestamp": 1763841359.8830218
}
INFO:__main__:Sending to raw_ingestion: {
  "source_type": "surface_web",
  "url": "https://twitter.com/michaelchen95",
  "raw_data": {
    "name": "Michael Chen",
    "username": "michaelchen95",
    "bio": "Just a random bio for testing.",
    "location": "San Francisco, CA"
  },
  "timestamp": 1763841362.883222
}
INFO:__main__:Sending to raw_ingestion: {
  "source_type": "deep_web",
  "dataset": "Collection #1",
  "raw_data": {
    "email": "jane.s@test.org",
    "password_hash": "sha1:1716697371150426012",
    "ip_address": "192.168.1.97"
  },
  "timestamp": 1763841362.883449
}
INFO:__main__:Sending to raw_ingestion: {
  "source_type": "surface_web",
  "url": "https://twitter.com/evabrown89",
  "raw_data": {
    "name": "Eva Brown",
    "username": "evabrown89",
    "bio": "Just a random bio for testing.",
    "location": "San Francisco, CA"
  },
  "timestamp": 1763841365.8836453
}
INFO:__main__:Sending to raw_ingestion: {
  "source_type": "deep_web",
  "dataset": "Collection #1",
  "raw_data": {
    "email": "bob.w@provider.com",
    "password_hash": "sha1:-3127622867991845642",
    "ip_address": "192.168.1.26"
  },
  "timestamp": 1763841365.8839061
}
INFO:__main__:Sending to raw_ingestion: {
  "source_type": "surface_web",
  "url": "https://linkedin.com/bobwilliams77",
  "raw_data": {
    "name": "Bob Williams",
    "username": "bobwilliams77",
    "bio": "Just a random bio for testing.",
    "location": "San Francisco, CA"
  },
  "timestamp": 1763841368.88432
}
INFO:__main__:Sending to raw_ingestion: {
  "source_type": "deep_web",
  "dataset": "Collection #1",
  "raw_data": {
    "email": "jdoe@example.com",
    "password_hash": "sha1:-3180401589483841617",
    "ip_address": "192.168.1.133"
  },
  "timestamp": 1763841368.8847306
}
INFO:__main__:Sending to raw_ingestion: {
  "source_type": "surface_web",
  "url": "https://tiktok.com/bobwilliams98",
  "raw_data": {
    "name": "Bob Williams",
    "username": "bobwilliams98",
    "bio": "Just a random bio for testing.",
    "location": "San Francisco, CA"
  },
  "timestamp": 1763841371.884988
}
INFO:__main__:Sending to raw_ingestion: {
  "source_type": "deep_web",
  "dataset": "Collection #1",
  "raw_data": {
    "email": "bob.w@provider.com",
    "password_hash": "sha1:-5847721951659136944",
    "ip_address": "192.168.1.152"
  },
  "timestamp": 1763841371.8852916
}
INFO:__main__:Sending to raw_ingestion: {
  "source_type": "surface_web",
  "url": "https://instagram.com/alicejohnson7",
  "raw_data": {
    "name": "Alice Johnson",
    "username": "alicejohnson7",
    "bio": "Just a random bio for testing.",
    "location": "San Francisco, CA"
  },
  "timestamp": 1763841374.8855236
}
INFO:__main__:Sending to raw_ingestion: {
  "source_type": "deep_web",
  "dataset": "Collection #1",
  "raw_data": {
    "email": "alice.j@company.net",
    "password_hash": "sha1:-8191579093335833299",
    "ip_address": "192.168.1.227"
  },
  "timestamp": 1763841374.8858833
}
INFO:__main__:Sending to raw_ingestion: {
  "source_type": "surface_web",
  "url": "https://tiktok.com/janesmith57",
  "raw_data": {
    "name": "Jane Smith",
    "username": "janesmith57",
    "bio": "Just a random bio for testing.",
    "location": "San Francisco, CA"
  },
  "timestamp": 1763841377.8861237
}
INFO:__main__:Sending to raw_ingestion: {
  "source_type": "deep_web",
  "dataset": "Collection #1",
  "raw_data": {
    "email": "alice.j@company.net",
    "password_hash": "sha1:-5847721951659136944",
    "ip_address": "192.168.1.73"
  },
  "timestamp": 1763841377.8863735
}
INFO:__main__:Sending to raw_ingestion: {
  "source_type": "surface_web",
  "url": "https://linkedin.com/alicejohnson44",
  "raw_data": {
    "name": "Alice Johnson",
    "username": "alicejohnson44",
    "bio": "Just a random bio for testing.",
    "location": "San Francisco, CA"
  },
  "timestamp": 1763841380.8867762
}
INFO:__main__:Sending to raw_ingestion: {
  "source_type": "deep_web",
  "dataset": "Collection #1",
  "raw_data": {
    "email": "jdoe@example.com",
    "password_hash": "sha1:-5847721951659136944",
    "ip_address": "192.168.1.255"
  },
  "timestamp": 1763841380.8870714
}
INFO:__main__:Sending to raw_ingestion: {
  "source_type": "surface_web",
  "url": "https://tiktok.com/michaelchen59",
  "raw_data": {
    "name": "Michael Chen",
    "username": "michaelchen59",
    "bio": "Just a random bio for testing.",
    "location": "San Francisco, CA"
  },
  "timestamp": 1763841383.8872375
}
INFO:__main__:Sending to raw_ingestion: {
  "source_type": "deep_web",
  "dataset": "Collection #1",
  "raw_data": {
    "email": "jdoe@example.com",
    "password_hash": "sha1:-5847721951659136944",
    "ip_address": "192.168.1.233"
  },
  "timestamp": 1763841383.8873994
}
INFO:__main__:Sending to raw_ingestion: {
  "source_type": "surface_web",
  "url": "https://tiktok.com/michaelchen94",
  "raw_data": {
    "name": "Michael Chen",
    "username": "michaelchen94",
    "bio": "Just a random bio for testing.",
    "location": "San Francisco, CA"
  },
  "timestamp": 1763841386.8876224
}
INFO:__main__:Sending to raw_ingestion: {
  "source_type": "deep_web",
  "dataset": "Collection #1",
  "raw_data": {
    "email": "alice.j@company.net",
    "password_hash": "sha1:-3127622867991845642",
    "ip_address": "192.168.1.82"
  },
  "timestamp": 1763841386.8881097
}
INFO:__main__:Sending to raw_ingestion: {
  "source_type": "surface_web",
  "url": "https://twitter.com/janesmith10",
  "raw_data": {
    "name": "Jane Smith",
    "username": "janesmith10",
    "bio": "Just a random bio for testing.",
    "location": "San Francisco, CA"
  },
  "timestamp": 1763841389.8882701
}
INFO:__main__:Sending to raw_ingestion: {
  "source_type": "deep_web",
  "dataset": "Collection #1",
  "raw_data": {
    "email": "jane.s@test.org",
    "password_hash": "sha1:-8191579093335833299",
    "ip_address": "192.168.1.196"
  },
  "timestamp": 1763841389.8883877
}
INFO:__main__:Sending to raw_ingestion: {
  "source_type": "surface_web",
  "url": "https://tiktok.com/alicejohnson9",
  "raw_data": {
    "name": "Alice Johnson",
    "username": "alicejohnson9",
    "bio": "Just a random bio for testing.",
    "location": "San Francisco, CA"
  },
  "timestamp": 1763841392.8885884
}
INFO:__main__:Sending to raw_ingestion: {
  "source_type": "deep_web",
  "dataset": "Collection #1",
  "raw_data": {
    "email": "jane.s@test.org",
    "password_hash": "sha1:-8191579093335833299",
    "ip_address": "192.168.1.19"
  },
  "timestamp": 1763841392.8888714
}
INFO:__main__:Sending to raw_ingestion: {
  "source_type": "surface_web",
  "url": "https://twitter.com/johndoe53",
  "raw_data": {
    "name": "John Doe",
    "username": "johndoe53",
    "bio": "Just a random bio for testing.",
    "location": "San Francisco, CA"
  },
  "timestamp": 1763841395.889063
}
INFO:__main__:Sending to raw_ingestion: {
  "source_type": "deep_web",
  "dataset": "Collection #1",
  "raw_data": {
    "email": "jane.s@test.org",
    "password_hash": "sha1:-8191579093335833299",
    "ip_address": "192.168.1.221"
  },
  "timestamp": 1763841395.8891943
}
INFO:__main__:Sending to raw_ingestion: {
  "source_type": "surface_web",
  "url": "https://linkedin.com/alicejohnson74",
  "raw_data": {
    "name": "Alice Johnson",
    "username": "alicejohnson74",
    "bio": "Just a random bio for testing.",
    "location": "San Francisco, CA"
  },
  "timestamp": 1763841398.8893743
}
INFO:__main__:Sending to raw_ingestion: {
  "source_type": "deep_web",
  "dataset": "Collection #1",
  "raw_data": {
    "email": "bob.w@provider.com",
    "password_hash": "sha1:-8191579093335833299",
    "ip_address": "192.168.1.230"
  },
  "timestamp": 1763841398.8896298
}
INFO:__main__:Sending to raw_ingestion: {
  "source_type": "surface_web",
  "url": "https://instagram.com/johndoe65",
  "raw_data": {
    "name": "John Doe",
    "username": "johndoe65",
    "bio": "Just a random bio for testing.",
    "location": "San Francisco, CA"
  },
  "timestamp": 1763841401.889777
}
INFO:__main__:Sending to raw_ingestion: {
  "source_type": "deep_web",
  "dataset": "Collection #1",
  "raw_data": {
    "email": "jdoe@example.com",
    "password_hash": "sha1:-8191579093335833299",
    "ip_address": "192.168.1.113"
  },
  "timestamp": 1763841401.8899531
}
INFO:__main__:Sending to raw_ingestion: {
  "source_type": "surface_web",
  "url": "https://linkedin.com/michaelchen67",
  "raw_data": {
    "name": "Michael Chen",
    "username": "michaelchen67",
    "bio": "Just a random bio for testing.",
    "location": "San Francisco, CA"
  },
  "timestamp": 1763841404.8900862
}
INFO:__main__:Sending to raw_ingestion: {
  "source_type": "deep_web",
  "dataset": "Collection #1",
  "raw_data": {
    "email": "jdoe@example.com",
    "password_hash": "sha1:1716697371150426012",
    "ip_address": "192.168.1.153"
  },
  "timestamp": 1763841404.890218
}
INFO:__main__:Sending to raw_ingestion: {
  "source_type": "surface_web",
  "url": "https://instagram.com/evabrown87",
  "raw_data": {
    "name": "Eva Brown",
    "username": "evabrown87",
    "bio": "Just a random bio for testing.",
    "location": "San Francisco, CA"
  },
  "timestamp": 1763841407.890387
}
INFO:__main__:Sending to raw_ingestion: {
  "source_type": "deep_web",
  "dataset": "Collection #1",
  "raw_data": {
    "email": "jdoe@example.com",
    "password_hash": "sha1:1716697371150426012",
    "ip_address": "192.168.1.84"
  },
  "timestamp": 1763841407.8906155
}
INFO:__main__:Sending to raw_ingestion: {
  "source_type": "surface_web",
  "url": "https://linkedin.com/johndoe87",
  "raw_data": {
    "name": "John Doe",
    "username": "johndoe87",
    "bio": "Just a random bio for testing.",
    "location": "San Francisco, CA"
  },
  "timestamp": 1763841410.890864
}
INFO:__main__:Sending to raw_ingestion: {
  "source_type": "deep_web",
  "dataset": "Collection #1",
  "raw_data": {
    "email": "jane.s@test.org",
    "password_hash": "sha1:1716697371150426012",
    "ip_address": "192.168.1.228"
  },
  "timestamp": 1763841410.8911717
}
INFO:__main__:Sending to raw_ingestion: {
  "source_type": "surface_web",
  "url": "https://twitter.com/evabrown22",
  "raw_data": {
    "name": "Eva Brown",
    "username": "evabrown22",
    "bio": "Just a random bio for testing.",
    "location": "San Francisco, CA"
  },
  "timestamp": 1763841413.8914993
}
INFO:__main__:Sending to raw_ingestion: {
  "source_type": "deep_web",
  "dataset": "Collection #1",
  "raw_data": {
    "email": "jdoe@example.com",
    "password_hash": "sha1:-8191579093335833299",
    "ip_address": "192.168.1.218"
  },
  "timestamp": 1763841413.8918192
}
vabrown96",
    "bio": "Just a random bio for testing.",
    "location": "San Francisco, CA"
  },
  "timestamp": 1763841066.4128408
}
INFO:__main__:Sending to raw_ingestion: {
  "source_type": "deep_web",
  "dataset": "Collection #1",
  "raw_data": {
    "email": "alice.j@company.net",
    "password_hash": "sha1:-4879425132001330428",
    "ip_address": "192.168.1.192"
  },
  "timestamp": 1763841066.412983
}
INFO:__main__:Sending to raw_ingestion: {
  "source_type": "surface_web",
  "url": "https://twitter.com/janesmith91",
  "raw_data": {
    "name": "Jane Smith",
    "username": "janesmith91",
    "bio": "Just a random bio for testing.",
    "location": "San Francisco, CA"
  },
  "timestamp": 1763841069.413252
}
INFO:__main__:Sending to raw_ingestion: {
  "source_type": "deep_web",
  "dataset": "Collection #1",
  "raw_data": {
    "email": "alice.j@company.net",
    "password_hash": "sha1:-4879425132001330428",
    "ip_address": "192.168.1.35"
  },
  "timestamp": 1763841069.4134293
}
INFO:__main__:Sending to raw_ingestion: {
  "source_type": "surface_web",
  "url": "https://instagram.com/johndoe45",
  "raw_data": {
    "name": "John Doe",
    "username": "johndoe45",
    "bio": "Just a random bio for testing.",
    "location": "San Francisco, CA"
  },
  "timestamp": 1763841072.413598
}
INFO:__main__:Sending to raw_ingestion: {
  "source_type": "deep_web",
  "dataset": "Collection #1",
  "raw_data": {
    "email": "jdoe@example.com",
    "password_hash": "sha1:-8724375724355817601",
    "ip_address": "192.168.1.50"
  },
  "timestamp": 1763841072.413929
}
INFO:__main__:Sending to raw_ingestion: {
  "source_type": "surface_web",
  "url": "https://linkedin.com/bobwilliams12",
  "raw_data": {
    "name": "Bob Williams",
    "username": "bobwilliams12",
    "bio": "Just a random bio for testing.",
    "location": "San Francisco, CA"
  },
  "timestamp": 1763841075.414104
}
INFO:__main__:Sending to raw_ingestion: {
  "source_type": "deep_web",
  "dataset": "Collection #1",
  "raw_data": {
    "email": "jdoe@example.com",
    "password_hash": "sha1:4343590181779707015",
    "ip_address": "192.168.1.175"
  },
  "timestamp": 1763841075.414215
}
INFO:__main__:Sending to raw_ingestion: {
  "source_type": "surface_web",
  "url": "https://tiktok.com/bobwilliams64",
  "raw_data": {
    "name": "Bob Williams",
    "username": "bobwilliams64",
    "bio": "Just a random bio for testing.",
    "location": "San Francisco, CA"
  },
  "timestamp": 1763841078.414353
}
INFO:__main__:Sending to raw_ingestion: {
  "source_type": "deep_web",
  "dataset": "Collection #1",
  "raw_data": {
    "email": "bob.w@provider.com",
    "password_hash": "sha1:4343590181779707015",
    "ip_address": "192.168.1.153"
  },
  "timestamp": 1763841078.4144535
}
INFO:__main__:Sending to raw_ingestion: {
  "source_type": "surface_web",
  "url": "https://twitter.com/janesmith57",
  "raw_data": {
    "name": "Jane Smith",
    "username": "janesmith57",
    "bio": "Just a random bio for testing.",
    "location": "San Francisco, CA"
  },
  "timestamp": 1763841081.4146214
}
INFO:__main__:Sending to raw_ingestion: {
  "source_type": "deep_web",
  "dataset": "Collection #1",
  "raw_data": {
    "email": "jane.s@test.org",
    "password_hash": "sha1:4343590181779707015",
    "ip_address": "192.168.1.54"
  },
  "timestamp": 1763841081.414797
}
INFO:__main__:Sending to raw_ingestion: {
  "source_type": "surface_web",
  "url": "https://tiktok.com/johndoe1",
  "raw_data": {
    "name": "John Doe",
    "username": "johndoe1",
    "bio": "Just a random bio for testing.",
    "location": "San Francisco, CA"
  },
  "timestamp": 1763841084.4150894
}
INFO:__main__:Sending to raw_ingestion: {
  "source_type": "deep_web",
  "dataset": "Collection #1",
  "raw_data": {
    "email": "jdoe@example.com",
    "password_hash": "sha1:1959632437408546596",
    "ip_address": "192.168.1.5"
  },
  "timestamp": 1763841084.41522
}
INFO:__main__:Sending to raw_ingestion: {
  "source_type": "surface_web",
  "url": "https://tiktok.com/alicejohnson75",
  "raw_data": {
    "name": "Alice Johnson",
    "username": "alicejohnson75",
    "bio": "Just a random bio for testing.",
    "location": "San Francisco, CA"
  },
  "timestamp": 1763841087.415383
}
INFO:__main__:Sending to raw_ingestion: {
  "source_type": "deep_web",
  "dataset": "Collection #1",
  "raw_data": {
    "email": "jane.s@test.org",
    "password_hash": "sha1:-8724375724355817601",
    "ip_address": "192.168.1.176"
  },
  "timestamp": 1763841087.415489
}
INFO:__main__:Sending to raw_ingestion: {
  "source_type": "surface_web",
  "url": "https://instagram.com/evabrown73",
  "raw_data": {
    "name": "Eva Brown",
    "username": "evabrown73",
    "bio": "Just a random bio for testing.",
    "location": "San Francisco, CA"
  },
  "timestamp": 1763841090.4157586
}
INFO:__main__:Sending to raw_ingestion: {
  "source_type": "deep_web",
  "dataset": "Collection #1",
  "raw_data": {
    "email": "jane.s@test.org",
    "password_hash": "sha1:1959632437408546596",
    "ip_address": "192.168.1.193"
  },
  "timestamp": 1763841090.4159455
}
INFO:__main__:Sending to raw_ingestion: {
  "source_type": "surface_web",
  "url": "https://instagram.com/michaelchen99",
  "raw_data": {
    "name": "Michael Chen",
    "username": "michaelchen99",
    "bio": "Just a random bio for testing.",
    "location": "San Francisco, CA"
  },
  "timestamp": 1763841093.4161801
}
INFO:__main__:Sending to raw_ingestion: {
  "source_type": "deep_web",
  "dataset": "Collection #1",
  "raw_data": {
    "email": "jane.s@test.org",
    "password_hash": "sha1:1959632437408546596",
    "ip_address": "192.168.1.170"
  },
  "timestamp": 1763841093.4164114
}
INFO:__main__:Sending to raw_ingestion: {
  "source_type": "surface_web",
  "url": "https://instagram.com/johndoe20",
  "raw_data": {
    "name": "John Doe",
    "username": "johndoe20",
    "bio": "Just a random bio for testing.",
    "location": "San Francisco, CA"
  },
  "timestamp": 1763841096.4166133
}
INFO:__main__:Sending to raw_ingestion: {
  "source_type": "deep_web",
  "dataset": "Collection #1",
  "raw_data": {
    "email": "jdoe@example.com",
    "password_hash": "sha1:-8724375724355817601",
    "ip_address": "192.168.1.191"
  },
  "timestamp": 1763841096.4168499
}
INFO:__main__:Sending to raw_ingestion: {
  "source_type": "surface_web",
  "url": "https://instagram.com/janesmith56",
  "raw_data": {
    "name": "Jane Smith",
    "username": "janesmith56",
    "bio": "Just a random bio for testing.",
    "location": "San Francisco, CA"
  },
  "timestamp": 1763841099.4172373
}
INFO:__main__:Sending to raw_ingestion: {
  "source_type": "deep_web",
  "dataset": "Collection #1",
  "raw_data": {
    "email": "jane.s@test.org",
    "password_hash": "sha1:1959632437408546596",
    "ip_address": "192.168.1.46"
  },
  "timestamp": 1763841099.4174411
}
INFO:__main__:Sending to raw_ingestion: {
  "source_type": "surface_web",
  "url": "https://linkedin.com/evabrown33",
  "raw_data": {
    "name": "Eva Brown",
    "username": "evabrown33",
    "bio": "Just a random bio for testing.",
    "location": "San Francisco, CA"
  },
  "timestamp": 1763841102.4176233
}
INFO:__main__:Sending to raw_ingestion: {
  "source_type": "deep_web",
  "dataset": "Collection #1",
  "raw_data": {
    "email": "alice.j@company.net",
    "password_hash": "sha1:-4879425132001330428",
    "ip_address": "192.168.1.6"
  },
  "timestamp": 1763841102.4178813
}
INFO:__main__:Sending to raw_ingestion: {
  "source_type": "surface_web",
  "url": "https://twitter.com/johndoe23",
  "raw_data": {
    "name": "John Doe",
    "username": "johndoe23",
    "bio": "Just a random bio for testing.",
    "location": "San Francisco, CA"
  },
  "timestamp": 1763841105.4181957
}
INFO:__main__:Sending to raw_ingestion: {
  "source_type": "deep_web",
  "dataset": "Collection #1",
  "raw_data": {
    "email": "bob.w@provider.com",
    "password_hash": "sha1:-8724375724355817601",
    "ip_address": "192.168.1.26"
  },
  "timestamp": 1763841105.4183743
}
INFO:__main__:Sending to raw_ingestion: {
  "source_type": "surface_web",
  "url": "https://twitter.com/johndoe89",
  "raw_data": {
    "name": "John Doe",
    "username": "johndoe89",
    "bio": "Just a random bio for testing.",
    "location": "San Francisco, CA"
  },
  "timestamp": 1763841108.418545
}
INFO:__main__:Sending to raw_ingestion: {
  "source_type": "deep_web",
  "dataset": "Collection #1",
  "raw_data": {
    "email": "jane.s@test.org",
    "password_hash": "sha1:1959632437408546596",
    "ip_address": "192.168.1.227"
  },
  "timestamp": 1763841108.4189126
}
INFO:__main__:Sending to raw_ingestion: {
  "source_type": "surface_web",
  "url": "https://linkedin.com/johndoe44",
  "raw_data": {
    "name": "John Doe",
    "username": "johndoe44",
    "bio": "Just a random bio for testing.",
    "location": "San Francisco, CA"
  },
  "timestamp": 1763841111.4191713
}
INFO:__main__:Sending to raw_ingestion: {
  "source_type": "deep_web",
  "dataset": "Collection #1",
  "raw_data": {
    "email": "jdoe@example.com",
    "password_hash": "sha1:4343590181779707015",
    "ip_address": "192.168.1.34"
  },
  "timestamp": 1763841111.4193344
}
INFO:__main__:Sending to raw_ingestion: {
  "source_type": "surface_web",
  "url": "https://linkedin.com/johndoe14",
  "raw_data": {
    "name": "John Doe",
    "username": "johndoe14",
    "bio": "Just a random bio for testing.",
    "location": "San Francisco, CA"
  },
  "timestamp": 1763841114.4195175
}
INFO:__main__:Sending to raw_ingestion: {
  "source_type": "deep_web",
  "dataset": "Collection #1",
  "raw_data": {
    "email": "jdoe@example.com",
    "password_hash": "sha1:6516865571447354175",
    "ip_address": "192.168.1.238"
  },
  "timestamp": 1763841114.4196854
}
INFO:__main__:Sending to raw_ingestion: {
  "source_type": "surface_web",
  "url": "https://linkedin.com/bobwilliams98",
  "raw_data": {
    "name": "Bob Williams",
    "username": "bobwilliams98",
    "bio": "Just a random bio for testing.",
    "location": "San Francisco, CA"
  },
  "timestamp": 1763841117.4199545
}
INFO:__main__:Sending to raw_ingestion: {
  "source_type": "deep_web",
  "dataset": "Collection #1",
  "raw_data": {
    "email": "jane.s@test.org",
    "password_hash": "sha1:4343590181779707015",
    "ip_address": "192.168.1.138"
  },
  "timestamp": 1763841117.4201157
}
INFO:__main__:Sending to raw_ingestion: {
  "source_type": "surface_web",
  "url": "https://linkedin.com/johndoe38",
  "raw_data": {
    "name": "John Doe",
    "username": "johndoe38",
    "bio": "Just a random bio for testing.",
    "location": "San Francisco, CA"
  },
  "timestamp": 1763841120.4202774
}
INFO:__main__:Sending to raw_ingestion: {
  "source_type": "deep_web",
  "dataset": "Collection #1",
  "raw_data": {
    "email": "bob.w@provider.com",
    "password_hash": "sha1:-4879425132001330428",
    "ip_address": "192.168.1.91"
  },
  "timestamp": 1763841120.4204247
}
INFO:__main__:Sending to raw_ingestion: {
  "source_type": "surface_web",
  "url": "https://instagram.com/evabrown37",
  "raw_data": {
    "name": "Eva Brown",
    "username": "evabrown37",
    "bio": "Just a random bio for testing.",
    "location": "San Francisco, CA"
  },
  "timestamp": 1763841123.4205885
}
INFO:__main__:Sending to raw_ingestion: {
  "source_type": "deep_web",
  "dataset": "Collection #1",
  "raw_data": {
    "email": "jdoe@example.com",
    "password_hash": "sha1:-8724375724355817601",
    "ip_address": "192.168.1.237"
  },
  "timestamp": 1763841123.4207795
}
INFO:__main__:Sending to raw_ingestion: {
  "source_type": "surface_web",
  "url": "https://tiktok.com/alicejohnson27",
  "raw_data": {
    "name": "Alice Johnson",
    "username": "alicejohnson27",
    "bio": "Just a random bio for testing.",
    "location": "San Francisco, CA"
  },
  "timestamp": 1763841126.4209566
}
INFO:__main__:Sending to raw_ingestion: {
  "source_type": "deep_web",
  "dataset": "Collection #1",
  "raw_data": {
    "email": "alice.j@company.net",
    "password_hash": "sha1:4343590181779707015",
    "ip_address": "192.168.1.57"
  },
  "timestamp": 1763841126.4210596
}
INFO:__main__:Sending to raw_ingestion: {
  "source_type": "surface_web",
  "url": "https://twitter.com/alicejohnson74",
  "raw_data": {
    "name": "Alice Johnson",
    "username": "alicejohnson74",
    "bio": "Just a random bio for testing.",
    "location": "San Francisco, CA"
  },
  "timestamp": 1763841129.4212067
}
INFO:__main__:Sending to raw_ingestion: {
  "source_type": "deep_web",
  "dataset": "Collection #1",
  "raw_data": {
    "email": "jdoe@example.com",
    "password_hash": "sha1:4343590181779707015",
    "ip_address": "192.168.1.156"
  },
  "timestamp": 1763841129.4213347
}
INFO:__main__:Sending to raw_ingestion: {
  "source_type": "surface_web",
  "url": "https://twitter.com/janesmith49",
  "raw_data": {
    "name": "Jane Smith",
    "username": "janesmith49",
    "bio": "Just a random bio for testing.",
    "location": "San Francisco, CA"
  },
  "timestamp": 1763841132.4215786
}
INFO:__main__:Sending to raw_ingestion: {
  "source_type": "deep_web",
  "dataset": "Collection #1",
  "raw_data": {
    "email": "jane.s@test.org",
    "password_hash": "sha1:-4879425132001330428",
    "ip_address": "192.168.1.158"
  },
  "timestamp": 1763841132.4217024
}
INFO:__main__:Sending to raw_ingestion: {
  "source_type": "surface_web",
  "url": "https://tiktok.com/bobwilliams95",
  "raw_data": {
    "name": "Bob Williams",
    "username": "bobwilliams95",
    "bio": "Just a random bio for testing.",
    "location": "San Francisco, CA"
  },
  "timestamp": 1763841135.4218905
}
INFO:__main__:Sending to raw_ingestion: {
  "source_type": "deep_web",
  "dataset": "Collection #1",
  "raw_data": {
    "email": "alice.j@company.net",
    "password_hash": "sha1:-8724375724355817601",
    "ip_address": "192.168.1.18"
  },
  "timestamp": 1763841135.4220524
}
INFO:__main__:Sending to raw_ingestion: {
  "source_type": "surface_web",
  "url": "https://linkedin.com/evabrown55",
  "raw_data": {
    "name": "Eva Brown",
    "username": "evabrown55",
    "bio": "Just a random bio for testing.",
    "location": "San Francisco, CA"
  },
  "timestamp": 1763841138.422225
}
INFO:__main__:Sending to raw_ingestion: {
  "source_type": "deep_web",
  "dataset": "Collection #1",
  "raw_data": {
    "email": "bob.w@provider.com",
    "password_hash": "sha1:4343590181779707015",
    "ip_address": "192.168.1.107"
  },
  "timestamp": 1763841138.4223516
}
INFO:__main__:Sending to raw_ingestion: {
  "source_type": "surface_web",
  "url": "https://twitter.com/johndoe83",
  "raw_data": {
    "name": "John Doe",
    "username": "johndoe83",
    "bio": "Just a random bio for testing.",
    "location": "San Francisco, CA"
  },
  "timestamp": 1763841141.422508
}
INFO:__main__:Sending to raw_ingestion: {
  "source_type": "deep_web",
  "dataset": "Collection #1",
  "raw_data": {
    "email": "jdoe@example.com",
    "password_hash": "sha1:1959632437408546596",
    "ip_address": "192.168.1.223"
  },
  "timestamp": 1763841141.4226778
}
INFO:__main__:Sending to raw_ingestion: {
  "source_type": "surface_web",
  "url": "https://linkedin.com/alicejohnson67",
  "raw_data": {
    "name": "Alice Johnson",
    "username": "alicejohnson67",
    "bio": "Just a random bio for testing.",
    "location": "San Francisco, CA"
  },
  "timestamp": 1763841144.422874
}
INFO:__main__:Sending to raw_ingestion: {
  "source_type": "deep_web",
  "dataset": "Collection #1",
  "raw_data": {
    "email": "alice.j@company.net",
    "password_hash": "sha1:-8724375724355817601",
    "ip_address": "192.168.1.116"
  },
  "timestamp": 1763841144.423152
}
INFO:__main__:Sending to raw_ingestion: {
  "source_type": "surface_web",
  "url": "https://linkedin.com/alicejohnson63",
  "raw_data": {
    "name": "Alice Johnson",
    "username": "alicejohnson63",
    "bio": "Just a random bio for testing.",
    "location": "San Francisco, CA"
  },
  "timestamp": 1763841147.4233387
}
INFO:__main__:Sending to raw_ingestion: {
  "source_type": "deep_web",
  "dataset": "Collection #1",
  "raw_data": {
    "email": "bob.w@provider.com",
    "password_hash": "sha1:-4879425132001330428",
    "ip_address": "192.168.1.223"
  },
  "timestamp": 1763841147.423458
}
INFO:__main__:Sending to raw_ingestion: {
  "source_type": "surface_web",
  "url": "https://instagram.com/alicejohnson77",
  "raw_data": {
    "name": "Alice Johnson",
    "username": "alicejohnson77",
    "bio": "Just a random bio for testing.",
    "location": "San Francisco, CA"
  },
  "timestamp": 1763841150.423603
}
INFO:__main__:Sending to raw_ingestion: {
  "source_type": "deep_web",
  "dataset": "Collection #1",
  "raw_data": {
    "email": "bob.w@provider.com",
    "password_hash": "sha1:1959632437408546596",
    "ip_address": "192.168.1.84"
  },
  "timestamp": 1763841150.4237182
}
INFO:__main__:Sending to raw_ingestion: {
  "source_type": "surface_web",
  "url": "https://tiktok.com/janesmith90",
  "raw_data": {
    "name": "Jane Smith",
    "username": "janesmith90",
    "bio": "Just a random bio for testing.",
    "location": "San Francisco, CA"
  },
  "timestamp": 1763841153.4240148
}
INFO:__main__:Sending to raw_ingestion: {
  "source_type": "deep_web",
  "dataset": "Collection #1",
  "raw_data": {
    "email": "jdoe@example.com",
    "password_hash": "sha1:4343590181779707015",
    "ip_address": "192.168.1.57"
  },
  "timestamp": 1763841153.4241676
}
INFO:__main__:Sending to raw_ingestion: {
  "source_type": "surface_web",
  "url": "https://twitter.com/michaelchen76",
  "raw_data": {
    "name": "Michael Chen",
    "username": "michaelchen76",
    "bio": "Just a random bio for testing.",
    "location": "San Francisco, CA"
  },
  "timestamp": 1763841156.4243324
}
INFO:__main__:Sending to raw_ingestion: {
  "source_type": "deep_web",
  "dataset": "Collection #1",
  "raw_data": {
    "email": "jane.s@test.org",
    "password_hash": "sha1:-8724375724355817601",
    "ip_address": "192.168.1.74"
  },
  "timestamp": 1763841156.424494
}
INFO:__main__:Sending to raw_ingestion: {
  "source_type": "surface_web",
  "url": "https://twitter.com/bobwilliams46",
  "raw_data": {
    "name": "Bob Williams",
    "username": "bobwilliams46",
    "bio": "Just a random bio for testing.",
    "location": "San Francisco, CA"
  },
  "timestamp": 1763841159.4247508
}
INFO:__main__:Sending to raw_ingestion: {
  "source_type": "deep_web",
  "dataset": "Collection #1",
  "raw_data": {
    "email": "bob.w@provider.com",
    "password_hash": "sha1:1959632437408546596",
    "ip_address": "192.168.1.141"
  },
  "timestamp": 1763841159.4249396
}
INFO:__main__:Sending to raw_ingestion: {
  "source_type": "surface_web",
  "url": "https://tiktok.com/alicejohnson26",
  "raw_data": {
    "name": "Alice Johnson",
    "username": "alicejohnson26",
    "bio": "Just a random bio for testing.",
    "location": "San Francisco, CA"
  },
  "timestamp": 1763841162.425087
}
INFO:__main__:Sending to raw_ingestion: {
  "source_type": "deep_web",
  "dataset": "Collection #1",
  "raw_data": {
    "email": "jdoe@example.com",
    "password_hash": "sha1:1959632437408546596",
    "ip_address": "192.168.1.32"
  },
  "timestamp": 1763841162.425251
}
INFO:__main__:Sending to raw_ingestion: {
  "source_type": "surface_web",
  "url": "https://twitter.com/alicejohnson70",
  "raw_data": {
    "name": "Alice Johnson",
    "username": "alicejohnson70",
    "bio": "Just a random bio for testing.",
    "location": "San Francisco, CA"
  },
  "timestamp": 1763841165.4254172
}
INFO:__main__:Sending to raw_ingestion: {
  "source_type": "deep_web",
  "dataset": "Collection #1",
  "raw_data": {
    "email": "jdoe@example.com",
    "password_hash": "sha1:1959632437408546596",
    "ip_address": "192.168.1.53"
  },
  "timestamp": 1763841165.4255788
}
INFO:__main__:Sending to raw_ingestion: {
  "source_type": "surface_web",
  "url": "https://tiktok.com/johndoe48",
  "raw_data": {
    "name": "John Doe",
    "username": "johndoe48",
    "bio": "Just a random bio for testing.",
    "location": "San Francisco, CA"
  },
  "timestamp": 1763841168.4258144
}
INFO:__main__:Sending to raw_ingestion: {
  "source_type": "deep_web",
  "dataset": "Collection #1",
  "raw_data": {
    "email": "jdoe@example.com",
    "password_hash": "sha1:6516865571447354175",
    "ip_address": "192.168.1.202"
  },
  "timestamp": 1763841168.425956
}
INFO:__main__:Sending to raw_ingestion: {
  "source_type": "surface_web",
  "url": "https://linkedin.com/janesmith4",
  "raw_data": {
    "name": "Jane Smith",
    "username": "janesmith4",
    "bio": "Just a random bio for testing.",
    "location": "San Francisco, CA"
  },
  "timestamp": 1763841171.4261622
}
INFO:__main__:Sending to raw_ingestion: {
  "source_type": "deep_web",
  "dataset": "Collection #1",
  "raw_data": {
    "email": "alice.j@company.net",
    "password_hash": "sha1:6516865571447354175",
    "ip_address": "192.168.1.6"
  },
  "timestamp": 1763841171.4263363
}
INFO:__main__:Sending to raw_ingestion: {
  "source_type": "surface_web",
  "url": "https://linkedin.com/johndoe89",
  "raw_data": {
    "name": "John Doe",
    "username": "johndoe89",
    "bio": "Just a random bio for testing.",
    "location": "San Francisco, CA"
  },
  "timestamp": 1763841174.4266016
}
INFO:__main__:Sending to raw_ingestion: {
  "source_type": "deep_web",
  "dataset": "Collection #1",
  "raw_data": {
    "email": "alice.j@company.net",
    "password_hash": "sha1:4343590181779707015",
    "ip_address": "192.168.1.200"
  },
  "timestamp": 1763841174.426766
}
INFO:__main__:Sending to raw_ingestion: {
  "source_type": "surface_web",
  "url": "https://twitter.com/bobwilliams87",
  "raw_data": {
    "name": "Bob Williams",
    "username": "bobwilliams87",
    "bio": "Just a random bio for testing.",
    "location": "San Francisco, CA"
  },
  "timestamp": 1763841177.4270196
}
INFO:__main__:Sending to raw_ingestion: {
  "source_type": "deep_web",
  "dataset": "Collection #1",
  "raw_data": {
    "email": "bob.w@provider.com",
    "password_hash": "sha1:4343590181779707015",
    "ip_address": "192.168.1.170"
  },
  "timestamp": 1763841177.4271903
}
INFO:__main__:Sending to raw_ingestion: {
  "source_type": "surface_web",
  "url": "https://linkedin.com/michaelchen54",
  "raw_data": {
    "name": "Michael Chen",
    "username": "michaelchen54",
    "bio": "Just a random bio for testing.",
    "location": "San Francisco, CA"
  },
  "timestamp": 1763841180.4273806
}
INFO:__main__:Sending to raw_ingestion: {
  "source_type": "deep_web",
  "dataset": "Collection #1",
  "raw_data": {
    "email": "jdoe@example.com",
    "password_hash": "sha1:6516865571447354175",
    "ip_address": "192.168.1.155"
  },
  "timestamp": 1763841180.4276943
}
INFO:__main__:Sending to raw_ingestion: {
  "source_type": "surface_web",
  "url": "https://tiktok.com/alicejohnson64",
  "raw_data": {
    "name": "Alice Johnson",
    "username": "alicejohnson64",
    "bio": "Just a random bio for testing.",
    "location": "San Francisco, CA"
  },
  "timestamp": 1763841183.4278963
}
INFO:__main__:Sending to raw_ingestion: {
  "source_type": "deep_web",
  "dataset": "Collection #1",
  "raw_data": {
    "email": "alice.j@company.net",
    "password_hash": "sha1:6516865571447354175",
    "ip_address": "192.168.1.233"
  },
  "timestamp": 1763841183.428104
}
INFO:__main__:Sending to raw_ingestion: {
  "source_type": "surface_web",
  "url": "https://instagram.com/evabrown18",
  "raw_data": {
    "name": "Eva Brown",
    "username": "evabrown18",
    "bio": "Just a random bio for testing.",
    "location": "San Francisco, CA"
  },
  "timestamp": 1763841186.4282773
}
INFO:__main__:Sending to raw_ingestion: {
  "source_type": "deep_web",
  "dataset": "Collection #1",
  "raw_data": {
    "email": "jdoe@example.com",
    "password_hash": "sha1:6516865571447354175",
    "ip_address": "192.168.1.170"
  },
  "timestamp": 1763841186.4284685
}
INFO:__main__:Sending to raw_ingestion: {
  "source_type": "surface_web",
  "url": "https://instagram.com/janesmith74",
  "raw_data": {
    "name": "Jane Smith",
    "username": "janesmith74",
    "bio": "Just a random bio for testing.",
    "location": "San Francisco, CA"
  },
  "timestamp": 1763841189.4286628
}
INFO:__main__:Sending to raw_ingestion: {
  "source_type": "deep_web",
  "dataset": "Collection #1",
  "raw_data": {
    "email": "jdoe@example.com",
    "password_hash": "sha1:6516865571447354175",
    "ip_address": "192.168.1.72"
  },
  "timestamp": 1763841189.428868
}
INFO:__main__:Sending to raw_ingestion: {
  "source_type": "surface_web",
  "url": "https://twitter.com/michaelchen77",
  "raw_data": {
    "name": "Michael Chen",
    "username": "michaelchen77",
    "bio": "Just a random bio for testing.",
    "location": "San Francisco, CA"
  },
  "timestamp": 1763841192.429194
}
INFO:__main__:Sending to raw_ingestion: {
  "source_type": "deep_web",
  "dataset": "Collection #1",
  "raw_data": {
    "email": "alice.j@company.net",
    "password_hash": "sha1:-4879425132001330428",
    "ip_address": "192.168.1.160"
  },
  "timestamp": 1763841192.4293456
}
INFO:__main__:Sending to raw_ingestion: {
  "source_type": "surface_web",
  "url": "https://tiktok.com/bobwilliams43",
  "raw_data": {
    "name": "Bob Williams",
    "username": "bobwilliams43",
    "bio": "Just a random bio for testing.",
    "location": "San Francisco, CA"
  },
  "timestamp": 1763841195.4295228
}
INFO:__main__:Sending to raw_ingestion: {
  "source_type": "deep_web",
  "dataset": "Collection #1",
  "raw_data": {
    "email": "jane.s@test.org",
    "password_hash": "sha1:-8724375724355817601",
    "ip_address": "192.168.1.43"
  },
  "timestamp": 1763841195.4297125
}
INFO:__main__:Sending to raw_ingestion: {
  "source_type": "surface_web",
  "url": "https://instagram.com/bobwilliams52",
  "raw_data": {
    "name": "Bob Williams",
    "username": "bobwilliams52",
    "bio": "Just a random bio for testing.",
    "location": "San Francisco, CA"
  },
  "timestamp": 1763841198.4298773
}
INFO:__main__:Sending to raw_ingestion: {
  "source_type": "deep_web",
  "dataset": "Collection #1",
  "raw_data": {
    "email": "jdoe@example.com",
    "password_hash": "sha1:4343590181779707015",
    "ip_address": "192.168.1.42"
  },
  "timestamp": 1763841198.430091
}
INFO:__main__:Sending to raw_ingestion: {
  "source_type": "surface_web",
  "url": "https://instagram.com/michaelchen52",
  "raw_data": {
    "name": "Michael Chen",
    "username": "michaelchen52",
    "bio": "Just a random bio for testing.",
    "location": "San Francisco, CA"
  },
  "timestamp": 1763841201.43027
}
INFO:__main__:Sending to raw_ingestion: {
  "source_type": "deep_web",
  "dataset": "Collection #1",
  "raw_data": {
    "email": "alice.j@company.net",
    "password_hash": "sha1:6516865571447354175",
    "ip_address": "192.168.1.70"
  },
  "timestamp": 1763841201.4304945
}
INFO:__main__:Sending to raw_ingestion: {
  "source_type": "surface_web",
  "url": "https://instagram.com/alicejohnson99",
  "raw_data": {
    "name": "Alice Johnson",
    "username": "alicejohnson99",
    "bio": "Just a random bio for testing.",
    "location": "San Francisco, CA"
  },
  "timestamp": 1763841204.4306757
}
INFO:__main__:Sending to raw_ingestion: {
  "source_type": "deep_web",
  "dataset": "Collection #1",
  "raw_data": {
    "email": "bob.w@provider.com",
    "password_hash": "sha1:-8724375724355817601",
    "ip_address": "192.168.1.88"
  },
  "timestamp": 1763841204.4309633
}
INFO:__main__:Sending to raw_ingestion: {
  "source_type": "surface_web",
  "url": "https://tiktok.com/michaelchen61",
  "raw_data": {
    "name": "Michael Chen",
    "username": "michaelchen61",
    "bio": "Just a random bio for testing.",
    "location": "San Francisco, CA"
  },
  "timestamp": 1763841207.4311817
}
INFO:__main__:Sending to raw_ingestion: {
  "source_type": "deep_web",
  "dataset": "Collection #1",
  "raw_data": {
    "email": "bob.w@provider.com",
    "password_hash": "sha1:6516865571447354175",
    "ip_address": "192.168.1.127"
  },
  "timestamp": 1763841207.4315004
}
INFO:__main__:Sending to raw_ingestion: {
  "source_type": "surface_web",
  "url": "https://instagram.com/janesmith56",
  "raw_data": {
    "name": "Jane Smith",
    "username": "janesmith56",
    "bio": "Just a random bio for testing.",
    "location": "San Francisco, CA"
  },
  "timestamp": 1763841210.4316967
}
INFO:__main__:Sending to raw_ingestion: {
  "source_type": "deep_web",
  "dataset": "Collection #1",
  "raw_data": {
    "email": "alice.j@company.net",
    "password_hash": "sha1:-8724375724355817601",
    "ip_address": "192.168.1.83"
  },
  "timestamp": 1763841210.4320204
}
INFO:__main__:Sending to raw_ingestion: {
  "source_type": "surface_web",
  "url": "https://instagram.com/alicejohnson65",
  "raw_data": {
    "name": "Alice Johnson",
    "username": "alicejohnson65",
    "bio": "Just a random bio for testing.",
    "location": "San Francisco, CA"
  },
  "timestamp": 1763841213.432281
}
INFO:__main__:Sending to raw_ingestion: {
  "source_type": "deep_web",
  "dataset": "Collection #1",
  "raw_data": {
    "email": "jdoe@example.com",
    "password_hash": "sha1:4343590181779707015",
    "ip_address": "192.168.1.116"
  },
  "timestamp": 1763841213.4325886
}
INFO:__main__:Sending to raw_ingestion: {
  "source_type": "surface_web",
  "url": "https://instagram.com/johndoe86",
  "raw_data": {
    "name": "John Doe",
    "username": "johndoe86",
    "bio": "Just a random bio for testing.",
    "location": "San Francisco, CA"
  },
  "timestamp": 1763841216.4327798
}
INFO:__main__:Sending to raw_ingestion: {
  "source_type": "deep_web",
  "dataset": "Collection #1",
  "raw_data": {
    "email": "alice.j@company.net",
    "password_hash": "sha1:4343590181779707015",
    "ip_address": "192.168.1.115"
  },
  "timestamp": 1763841216.4331498
}
INFO:__main__:Sending to raw_ingestion: {
  "source_type": "surface_web",
  "url": "https://instagram.com/michaelchen99",
  "raw_data": {
    "name": "Michael Chen",
    "username": "michaelchen99",
    "bio": "Just a random bio for testing.",
    "location": "San Francisco, CA"
  },
  "timestamp": 1763841219.4334428
}
INFO:__main__:Sending to raw_ingestion: {
  "source_type": "deep_web",
  "dataset": "Collection #1",
  "raw_data": {
    "email": "bob.w@provider.com",
    "password_hash": "sha1:-8724375724355817601",
    "ip_address": "192.168.1.144"
  },
  "timestamp": 1763841219.4335938
}
INFO:__main__:Sending to raw_ingestion: {
  "source_type": "surface_web",
  "url": "https://twitter.com/johndoe34",
  "raw_data": {
    "name": "John Doe",
    "username": "johndoe34",
    "bio": "Just a random bio for testing.",
    "location": "San Francisco, CA"
  },
  "timestamp": 1763841222.4337544
}
INFO:__main__:Sending to raw_ingestion: {
  "source_type": "deep_web",
  "dataset": "Collection #1",
  "raw_data": {
    "email": "jdoe@example.com",
    "password_hash": "sha1:6516865571447354175",
    "ip_address": "192.168.1.42"
  },
  "timestamp": 1763841222.4339209
}
INFO:__main__:Sending to raw_ingestion: {
  "source_type": "surface_web",
  "url": "https://linkedin.com/alicejohnson11",
  "raw_data": {
    "name": "Alice Johnson",
    "username": "alicejohnson11",
    "bio": "Just a random bio for testing.",
    "location": "San Francisco, CA"
  },
  "timestamp": 1763841225.4340844
}
INFO:__main__:Sending to raw_ingestion: {
  "source_type": "deep_web",
  "dataset": "Collection #1",
  "raw_data": {
    "email": "jdoe@example.com",
    "password_hash": "sha1:-8724375724355817601",
    "ip_address": "192.168.1.174"
  },
  "timestamp": 1763841225.4342403
}
INFO:__main__:Sending to raw_ingestion: {
  "source_type": "surface_web",
  "url": "https://twitter.com/johndoe92",
  "raw_data": {
    "name": "John Doe",
    "username": "johndoe92",
    "bio": "Just a random bio for testing.",
    "location": "San Francisco, CA"
  },
  "timestamp": 1763841228.4344158
}
INFO:__main__:Sending to raw_ingestion: {
  "source_type": "deep_web",
  "dataset": "Collection #1",
  "raw_data": {
    "email": "alice.j@company.net",
    "password_hash": "sha1:1959632437408546596",
    "ip_address": "192.168.1.98"
  },
  "timestamp": 1763841228.434611
}
INFO:__main__:Sending to raw_ingestion: {
  "source_type": "surface_web",
  "url": "https://instagram.com/michaelchen33",
  "raw_data": {
    "name": "Michael Chen",
    "username": "michaelchen33",
    "bio": "Just a random bio for testing.",
    "location": "San Francisco, CA"
  },
  "timestamp": 1763841231.4347959
}
INFO:__main__:Sending to raw_ingestion: {
  "source_type": "deep_web",
  "dataset": "Collection #1",
  "raw_data": {
    "email": "bob.w@provider.com",
    "password_hash": "sha1:-8724375724355817601",
    "ip_address": "192.168.1.6"
  },
  "timestamp": 1763841231.4350076
}
INFO:__main__:Sending to raw_ingestion: {
  "source_type": "surface_web",
  "url": "https://tiktok.com/bobwilliams11",
  "raw_data": {
    "name": "Bob Williams",
    "username": "bobwilliams11",
    "bio": "Just a random bio for testing.",
    "location": "San Francisco, CA"
  },
  "timestamp": 1763841234.435224
}
INFO:__main__:Sending to raw_ingestion: {
  "source_type": "deep_web",
  "dataset": "Collection #1",
  "raw_data": {
    "email": "alice.j@company.net",
    "password_hash": "sha1:-4879425132001330428",
    "ip_address": "192.168.1.229"
  },
  "timestamp": 1763841234.4353883
}
INFO:__main__:Sending to raw_ingestion: {
  "source_type": "surface_web",
  "url": "https://twitter.com/bobwilliams14",
  "raw_data": {
    "name": "Bob Williams",
    "username": "bobwilliams14",
    "bio": "Just a random bio for testing.",
    "location": "San Francisco, CA"
  },
  "timestamp": 1763841237.4356325
}
INFO:__main__:Sending to raw_ingestion: {
  "source_type": "deep_web",
  "dataset": "Collection #1",
  "raw_data": {
    "email": "jane.s@test.org",
    "password_hash": "sha1:1959632437408546596",
    "ip_address": "192.168.1.172"
  },
  "timestamp": 1763841237.435748
}
INFO:__main__:Sending to raw_ingestion: {
  "source_type": "surface_web",
  "url": "https://instagram.com/evabrown36",
  "raw_data": {
    "name": "Eva Brown",
    "username": "evabrown36",
    "bio": "Just a random bio for testing.",
    "location": "San Francisco, CA"
  },
  "timestamp": 1763841240.4360378
}
INFO:__main__:Sending to raw_ingestion: {
  "source_type": "deep_web",
  "dataset": "Collection #1",
  "raw_data": {
    "email": "alice.j@company.net",
    "password_hash": "sha1:6516865571447354175",
    "ip_address": "192.168.1.149"
  },
  "timestamp": 1763841240.4361765
}
INFO:__main__:Sending to raw_ingestion: {
  "source_type": "surface_web",
  "url": "https://instagram.com/michaelchen23",
  "raw_data": {
    "name": "Michael Chen",
    "username": "michaelchen23",
    "bio": "Just a random bio for testing.",
    "location": "San Francisco, CA"
  },
  "timestamp": 1763841243.436391
}
INFO:__main__:Sending to raw_ingestion: {
  "source_type": "deep_web",
  "dataset": "Collection #1",
  "raw_data": {
    "email": "bob.w@provider.com",
    "password_hash": "sha1:-4879425132001330428",
    "ip_address": "192.168.1.64"
  },
  "timestamp": 1763841243.436557
}
INFO:__main__:Sending to raw_ingestion: {
  "source_type": "surface_web",
  "url": "https://linkedin.com/alicejohnson88",
  "raw_data": {
    "name": "Alice Johnson",
    "username": "alicejohnson88",
    "bio": "Just a random bio for testing.",
    "location": "San Francisco, CA"
  },
  "timestamp": 1763841246.4367762
}
INFO:__main__:Sending to raw_ingestion: {
  "source_type": "deep_web",
  "dataset": "Collection #1",
  "raw_data": {
    "email": "bob.w@provider.com",
    "password_hash": "sha1:-4879425132001330428",
    "ip_address": "192.168.1.167"
  },
  "timestamp": 1763841246.4369419
}
INFO:__main__:Sending to raw_ingestion: {
  "source_type": "surface_web",
  "url": "https://tiktok.com/johndoe86",
  "raw_data": {
    "name": "John Doe",
    "username": "johndoe86",
    "bio": "Just a random bio for testing.",
    "location": "San Francisco, CA"
  },
  "timestamp": 1763841249.4370928
}
INFO:__main__:Sending to raw_ingestion: {
  "source_type": "deep_web",
  "dataset": "Collection #1",
  "raw_data": {
    "email": "jdoe@example.com",
    "password_hash": "sha1:-4879425132001330428",
    "ip_address": "192.168.1.238"
  },
  "timestamp": 1763841249.4372556
}
INFO:__main__:Sending to raw_ingestion: {
  "source_type": "surface_web",
  "url": "https://linkedin.com/bobwilliams28",
  "raw_data": {
    "name": "Bob Williams",
    "username": "bobwilliams28",
    "bio": "Just a random bio for testing.",
    "location": "San Francisco, CA"
  },
  "timestamp": 1763841252.4374154
}
INFO:__main__:Sending to raw_ingestion: {
  "source_type": "deep_web",
  "dataset": "Collection #1",
  "raw_data": {
    "email": "jane.s@test.org",
    "password_hash": "sha1:1959632437408546596",
    "ip_address": "192.168.1.29"
  },
  "timestamp": 1763841252.4377081
}
INFO:__main__:Sending to raw_ingestion: {
  "source_type": "surface_web",
  "url": "https://tiktok.com/janesmith16",
  "raw_data": {
    "name": "Jane Smith",
    "username": "janesmith16",
    "bio": "Just a random bio for testing.",
    "location": "San Francisco, CA"
  },
  "timestamp": 1763841255.4380178
}
INFO:__main__:Sending to raw_ingestion: {
  "source_type": "deep_web",
  "dataset": "Collection #1",
  "raw_data": {
    "email": "bob.w@provider.com",
    "password_hash": "sha1:-8724375724355817601",
    "ip_address": "192.168.1.195"
  },
  "timestamp": 1763841255.4382014
}
INFO:__main__:Sending to raw_ingestion: {
  "source_type": "surface_web",
  "url": "https://tiktok.com/alicejohnson60",
  "raw_data": {
    "name": "Alice Johnson",
    "username": "alicejohnson60",
    "bio": "Just a random bio for testing.",
    "location": "San Francisco, CA"
  },
  "timestamp": 1763841258.4383533
}
INFO:__main__:Sending to raw_ingestion: {
  "source_type": "deep_web",
  "dataset": "Collection #1",
  "raw_data": {
    "email": "alice.j@company.net",
    "password_hash": "sha1:1959632437408546596",
    "ip_address": "192.168.1.61"
  },
  "timestamp": 1763841258.438554
}
INFO:__main__:Sending to raw_ingestion: {
  "source_type": "surface_web",
  "url": "https://twitter.com/alicejohnson20",
  "raw_data": {
    "name": "Alice Johnson",
    "username": "alicejohnson20",
    "bio": "Just a random bio for testing.",
    "location": "San Francisco, CA"
  },
  "timestamp": 1763841261.4388368
}
INFO:__main__:Sending to raw_ingestion: {
  "source_type": "deep_web",
  "dataset": "Collection #1",
  "raw_data": {
    "email": "bob.w@provider.com",
    "password_hash": "sha1:-4879425132001330428",
    "ip_address": "192.168.1.69"
  },
  "timestamp": 1763841261.439042
}
INFO:__main__:Sending to raw_ingestion: {
  "source_type": "surface_web",
  "url": "https://linkedin.com/johndoe40",
  "raw_data": {
    "name": "John Doe",
    "username": "johndoe40",
    "bio": "Just a random bio for testing.",
    "location": "San Francisco, CA"
  },
  "timestamp": 1763841264.439337
}
INFO:__main__:Sending to raw_ingestion: {
  "source_type": "deep_web",
  "dataset": "Collection #1",
  "raw_data": {
    "email": "bob.w@provider.com",
    "password_hash": "sha1:-4879425132001330428",
    "ip_address": "192.168.1.225"
  },
  "timestamp": 1763841264.439585
}
INFO:__main__:Sending to raw_ingestion: {
  "source_type": "surface_web",
  "url": "https://instagram.com/janesmith41",
  "raw_data": {
    "name": "Jane Smith",
    "username": "janesmith41",
    "bio": "Just a random bio for testing.",
    "location": "San Francisco, CA"
  },
  "timestamp": 1763841267.4398263
}
INFO:__main__:Sending to raw_ingestion: {
  "source_type": "deep_web",
  "dataset": "Collection #1",
  "raw_data": {
    "email": "jdoe@example.com",
    "password_hash": "sha1:4343590181779707015",
    "ip_address": "192.168.1.99"
  },
  "timestamp": 1763841267.4401524
}
INFO:__main__:Sending to raw_ingestion: {
  "source_type": "surface_web",
  "url": "https://twitter.com/michaelchen76",
  "raw_data": {
    "name": "Michael Chen",
    "username": "michaelchen76",
    "bio": "Just a random bio for testing.",
    "location": "San Francisco, CA"
  },
  "timestamp": 1763841270.4403937
}
INFO:__main__:Sending to raw_ingestion: {
  "source_type": "deep_web",
  "dataset": "Collection #1",
  "raw_data": {
    "email": "jdoe@example.com",
    "password_hash": "sha1:1959632437408546596",
    "ip_address": "192.168.1.215"
  },
  "timestamp": 1763841270.440753
}
INFO:__main__:Sending to raw_ingestion: {
  "source_type": "surface_web",
  "url": "https://twitter.com/alicejohnson75",
  "raw_data": {
    "name": "Alice Johnson",
    "username": "alicejohnson75",
    "bio": "Just a random bio for testing.",
    "location": "San Francisco, CA"
  },
  "timestamp": 1763841273.4409447
}
INFO:__main__:Sending to raw_ingestion: {
  "source_type": "deep_web",
  "dataset": "Collection #1",
  "raw_data": {
    "email": "bob.w@provider.com",
    "password_hash": "sha1:6516865571447354175",
    "ip_address": "192.168.1.147"
  },
  "timestamp": 1763841273.44114
}
INFO:__main__:Sending to raw_ingestion: {
  "source_type": "surface_web",
  "url": "https://linkedin.com/johndoe84",
  "raw_data": {
    "name": "John Doe",
    "username": "johndoe84",
    "bio": "Just a random bio for testing.",
    "location": "San Francisco, CA"
  },
  "timestamp": 1763841276.441302
}
INFO:__main__:Sending to raw_ingestion: {
  "source_type": "deep_web",
  "dataset": "Collection #1",
  "raw_data": {
    "email": "jane.s@test.org",
    "password_hash": "sha1:6516865571447354175",
    "ip_address": "192.168.1.126"
  },
  "timestamp": 1763841276.4415312
}
INFO:__main__:Sending to raw_ingestion: {
  "source_type": "surface_web",
  "url": "https://tiktok.com/bobwilliams57",
  "raw_data": {
    "name": "Bob Williams",
    "username": "bobwilliams57",
    "bio": "Just a random bio for testing.",
    "location": "San Francisco, CA"
  },
  "timestamp": 1763841279.4416885
}
INFO:__main__:Sending to raw_ingestion: {
  "source_type": "deep_web",
  "dataset": "Collection #1",
  "raw_data": {
    "email": "jane.s@test.org",
    "password_hash": "sha1:1959632437408546596",
    "ip_address": "192.168.1.2"
  },
  "timestamp": 1763841279.441885
}
INFO:__main__:Sending to raw_ingestion: {
  "source_type": "surface_web",
  "url": "https://tiktok.com/bobwilliams42",
  "raw_data": {
    "name": "Bob Williams",
    "username": "bobwilliams42",
    "bio": "Just a random bio for testing.",
    "location": "San Francisco, CA"
  },
  "timestamp": 1763841282.4420283
}
INFO:__main__:Sending to raw_ingestion: {
  "source_type": "deep_web",
  "dataset": "Collection #1",
  "raw_data": {
    "email": "jane.s@test.org",
    "password_hash": "sha1:6516865571447354175",
    "ip_address": "192.168.1.108"
  },
  "timestamp": 1763841282.4421947
}
INFO:__main__:Sending to raw_ingestion: {
  "source_type": "surface_web",
  "url": "https://linkedin.com/bobwilliams52",
  "raw_data": {
    "name": "Bob Williams",
    "username": "bobwilliams52",
    "bio": "Just a random bio for testing.",
    "location": "San Francisco, CA"
  },
  "timestamp": 1763841285.4424634
}
INFO:__main__:Sending to raw_ingestion: {
  "source_type": "deep_web",
  "dataset": "Collection #1",
  "raw_data": {
    "email": "jane.s@test.org",
    "password_hash": "sha1:-4879425132001330428",
    "ip_address": "192.168.1.172"
  },
  "timestamp": 1763841285.4426262
}
INFO:__main__:Sending to raw_ingestion: {
  "source_type": "surface_web",
  "url": "https://instagram.com/michaelchen72",
  "raw_data": {
    "name": "Michael Chen",
    "username": "michaelchen72",
    "bio": "Just a random bio for testing.",
    "location": "San Francisco, CA"
  },
  "timestamp": 1763841288.442838
}
INFO:__main__:Sending to raw_ingestion: {
  "source_type": "deep_web",
  "dataset": "Collection #1",
  "raw_data": {
    "email": "jane.s@test.org",
    "password_hash": "sha1:-8724375724355817601",
    "ip_address": "192.168.1.181"
  },
  "timestamp": 1763841288.4431605
}
INFO:__main__:Sending to raw_ingestion: {
  "source_type": "surface_web",
  "url": "https://instagram.com/evabrown15",
  "raw_data": {
    "name": "Eva Brown",
    "username": "evabrown15",
    "bio": "Just a random bio for testing.",
    "location": "San Francisco, CA"
  },
  "timestamp": 1763841291.4434307
}
INFO:__main__:Sending to raw_ingestion: {
  "source_type": "deep_web",
  "dataset": "Collection #1",
  "raw_data": {
    "email": "jane.s@test.org",
    "password_hash": "sha1:1959632437408546596",
    "ip_address": "192.168.1.164"
  },
  "timestamp": 1763841291.4437013
}
INFO:__main__:Sending to raw_ingestion: {
  "source_type": "surface_web",
  "url": "https://linkedin.com/janesmith65",
  "raw_data": {
    "name": "Jane Smith",
    "username": "janesmith65",
    "bio": "Just a random bio for testing.",
    "location": "San Francisco, CA"
  },
  "timestamp": 1763841294.4441354
}
INFO:__main__:Sending to raw_ingestion: {
  "source_type": "deep_web",
  "dataset": "Collection #1",
  "raw_data": {
    "email": "jdoe@example.com",
    "password_hash": "sha1:6516865571447354175",
    "ip_address": "192.168.1.13"
  },
  "timestamp": 1763841294.4445567
}
INFO:__main__:Sending to raw_ingestion: {
  "source_type": "surface_web",
  "url": "https://twitter.com/johndoe20",
  "raw_data": {
    "name": "John Doe",
    "username": "johndoe20",
    "bio": "Just a random bio for testing.",
    "location": "San Francisco, CA"
  },
  "timestamp": 1763841297.444722
}
INFO:__main__:Sending to raw_ingestion: {
  "source_type": "deep_web",
  "dataset": "Collection #1",
  "raw_data": {
    "email": "jane.s@test.org",
    "password_hash": "sha1:1959632437408546596",
    "ip_address": "192.168.1.212"
  },
  "timestamp": 1763841297.4449463
}
INFO:__main__:Sending to raw_ingestion: {
  "source_type": "surface_web",
  "url": "https://twitter.com/bobwilliams71",
  "raw_data": {
    "name": "Bob Williams",
    "username": "bobwilliams71",
    "bio": "Just a random bio for testing.",
    "location": "San Francisco, CA"
  },
  "timestamp": 1763841300.4451382
}
INFO:__main__:Sending to raw_ingestion: {
  "source_type": "deep_web",
  "dataset": "Collection #1",
  "raw_data": {
    "email": "bob.w@provider.com",
    "password_hash": "sha1:-4879425132001330428",
    "ip_address": "192.168.1.13"
  },
  "timestamp": 1763841300.445382
}
INFO:__main__:Sending to raw_ingestion: {
  "source_type": "surface_web",
  "url": "https://twitter.com/janesmith20",
  "raw_data": {
    "name": "Jane Smith",
    "username": "janesmith20",
    "bio": "Just a random bio for testing.",
    "location": "San Francisco, CA"
  },
  "timestamp": 1763841303.4455373
}
INFO:__main__:Sending to raw_ingestion: {
  "source_type": "deep_web",
  "dataset": "Collection #1",
  "raw_data": {
    "email": "bob.w@provider.com",
    "password_hash": "sha1:1959632437408546596",
    "ip_address": "192.168.1.92"
  },
  "timestamp": 1763841303.4457223
}
INFO:__main__:Sending to raw_ingestion: {
  "source_type": "surface_web",
  "url": "https://linkedin.com/johndoe82",
  "raw_data": {
    "name": "John Doe",
    "username": "johndoe82",
    "bio": "Just a random bio for testing.",
    "location": "San Francisco, CA"
  },
  "timestamp": 1763841306.4460564
}
INFO:__main__:Sending to raw_ingestion: {
  "source_type": "deep_web",
  "dataset": "Collection #1",
  "raw_data": {
    "email": "bob.w@provider.com",
    "password_hash": "sha1:-4879425132001330428",
    "ip_address": "192.168.1.96"
  },
  "timestamp": 1763841306.4462295
}
INFO:__main__:Sending to raw_ingestion: {
  "source_type": "surface_web",
  "url": "https://linkedin.com/janesmith17",
  "raw_data": {
    "name": "Jane Smith",
    "username": "janesmith17",
    "bio": "Just a random bio for testing.",
    "location": "San Francisco, CA"
  },
  "timestamp": 1763841309.4463892
}
INFO:__main__:Sending to raw_ingestion: {
  "source_type": "deep_web",
  "dataset": "Collection #1",
  "raw_data": {
    "email": "bob.w@provider.com",
    "password_hash": "sha1:-8724375724355817601",
    "ip_address": "192.168.1.56"
  },
  "timestamp": 1763841309.4465652
}
INFO:__main__:Sending to raw_ingestion: {
  "source_type": "surface_web",
  "url": "https://twitter.com/bobwilliams34",
  "raw_data": {
    "name": "Bob Williams",
    "username": "bobwilliams34",
    "bio": "Just a random bio for testing.",
    "location": "San Francisco, CA"
  },
  "timestamp": 1763841312.4467208
}
INFO:__main__:Sending to raw_ingestion: {
  "source_type": "deep_web",
  "dataset": "Collection #1",
  "raw_data": {
    "email": "jane.s@test.org",
    "password_hash": "sha1:1959632437408546596",
    "ip_address": "192.168.1.99"
  },
  "timestamp": 1763841312.446903
}
INFO:__main__:Sending to raw_ingestion: {
  "source_type": "surface_web",
  "url": "https://twitter.com/bobwilliams4",
  "raw_data": {
    "name": "Bob Williams",
    "username": "bobwilliams4",
    "bio": "Just a random bio for testing.",
    "location": "San Francisco, CA"
  },
  "timestamp": 1763841315.447068
}
INFO:__main__:Sending to raw_ingestion: {
  "source_type": "deep_web",
  "dataset": "Collection #1",
  "raw_data": {
    "email": "jane.s@test.org",
    "password_hash": "sha1:4343590181779707015",
    "ip_address": "192.168.1.28"
  },
  "timestamp": 1763841315.4472766
}
INFO:__main__:Sending to raw_ingestion: {
  "source_type": "surface_web",
  "url": "https://linkedin.com/alicejohnson42",
  "raw_data": {
    "name": "Alice Johnson",
    "username": "alicejohnson42",
    "bio": "Just a random bio for testing.",
    "location": "San Francisco, CA"
  },
  "timestamp": 1763841318.4474547
}
INFO:__main__:Sending to raw_ingestion: {
  "source_type": "deep_web",
  "dataset": "Collection #1",
  "raw_data": {
    "email": "alice.j@company.net",
    "password_hash": "sha1:-8724375724355817601",
    "ip_address": "192.168.1.165"
  },
  "timestamp": 1763841318.4476511
}
INFO:__main__:Sending to raw_ingestion: {
  "source_type": "surface_web",
  "url": "https://twitter.com/janesmith23",
  "raw_data": {
    "name": "Jane Smith",
    "username": "janesmith23",
    "bio": "Just a random bio for testing.",
    "location": "San Francisco, CA"
  },
  "timestamp": 1763841321.447867
}
INFO:__main__:Sending to raw_ingestion: {
  "source_type": "deep_web",
  "dataset": "Collection #1",
  "raw_data": {
    "email": "alice.j@company.net",
    "password_hash": "sha1:1959632437408546596",
    "ip_address": "192.168.1.231"
  },
  "timestamp": 1763841321.4480157
}
INFO:__main__:Sending to raw_ingestion: {
  "source_type": "surface_web",
  "url": "https://twitter.com/janesmith77",
  "raw_data": {
    "name": "Jane Smith",
    "username": "janesmith77",
    "bio": "Just a random bio for testing.",
    "location": "San Francisco, CA"
  },
  "timestamp": 1763841324.4481862
}
INFO:__main__:Sending to raw_ingestion: {
  "source_type": "deep_web",
  "dataset": "Collection #1",
  "raw_data": {
    "email": "alice.j@company.net",
    "password_hash": "sha1:-4879425132001330428",
    "ip_address": "192.168.1.149"
  },
  "timestamp": 1763841324.448493
}
INFO:__main__:Sending to raw_ingestion: {
  "source_type": "surface_web",
  "url": "https://linkedin.com/michaelchen93",
  "raw_data": {
    "name": "Michael Chen",
    "username": "michaelchen93",
    "bio": "Just a random bio for testing.",
    "location": "San Francisco, CA"
  },
  "timestamp": 1763841327.4487622
}
INFO:__main__:Sending to raw_ingestion: {
  "source_type": "deep_web",
  "dataset": "Collection #1",
  "raw_data": {
    "email": "bob.w@provider.com",
    "password_hash": "sha1:-4879425132001330428",
    "ip_address": "192.168.1.142"
  },
  "timestamp": 1763841327.4489472
}
INFO:__main__:Sending to raw_ingestion: {
  "source_type": "surface_web",
  "url": "https://tiktok.com/janesmith24",
  "raw_data": {
    "name": "Jane Smith",
    "username": "janesmith24",
    "bio": "Just a random bio for testing.",
    "location": "San Francisco, CA"
  },
  "timestamp": 1763841330.4490836
}
INFO:__main__:Sending to raw_ingestion: {
  "source_type": "deep_web",
  "dataset": "Collection #1",
  "raw_data": {
    "email": "jane.s@test.org",
    "password_hash": "sha1:-8724375724355817601",
    "ip_address": "192.168.1.240"
  },
  "timestamp": 1763841330.449233
}
INFO:__main__:Sending to raw_ingestion: {
  "source_type": "surface_web",
  "url": "https://instagram.com/johndoe22",
  "raw_data": {
    "name": "John Doe",
    "username": "johndoe22",
    "bio": "Just a random bio for testing.",
    "location": "San Francisco, CA"
  },
  "timestamp": 1763841333.4494019
}
INFO:__main__:Sending to raw_ingestion: {
  "source_type": "deep_web",
  "dataset": "Collection #1",
  "raw_data": {
    "email": "jane.s@test.org",
    "password_hash": "sha1:1959632437408546596",
    "ip_address": "192.168.1.27"
  },
  "timestamp": 1763841333.4495397
}
INFO:__main__:Sending to raw_ingestion: {
  "source_type": "surface_web",
  "url": "https://twitter.com/johndoe86",
  "raw_data": {
    "name": "John Doe",
    "username": "johndoe86",
    "bio": "Just a random bio for testing.",
    "location": "San Francisco, CA"
  },
  "timestamp": 1763841336.4496825
}
INFO:__main__:Sending to raw_ingestion: {
  "source_type": "deep_web",
  "dataset": "Collection #1",
  "raw_data": {
    "email": "alice.j@company.net",
    "password_hash": "sha1:-4879425132001330428",
    "ip_address": "192.168.1.28"
  },
  "timestamp": 1763841336.449866
}
INFO:__main__:Sending to raw_ingestion: {
  "source_type": "surface_web",
  "url": "https://instagram.com/johndoe47",
  "raw_data": {
    "name": "John Doe",
    "username": "johndoe47",
    "bio": "Just a random bio for testing.",
    "location": "San Francisco, CA"
  },
  "timestamp": 1763841339.4501157
}
INFO:__main__:Sending to raw_ingestion: {
  "source_type": "deep_web",
  "dataset": "Collection #1",
  "raw_data": {
    "email": "jane.s@test.org",
    "password_hash": "sha1:-4879425132001330428",
    "ip_address": "192.168.1.158"
  },
  "timestamp": 1763841339.4502647
}
INFO:__main__:Sending to raw_ingestion: {
  "source_type": "surface_web",
  "url": "https://linkedin.com/evabrown10",
  "raw_data": {
    "name": "Eva Brown",
    "username": "evabrown10",
    "bio": "Just a random bio for testing.",
    "location": "San Francisco, CA"
  },
  "timestamp": 1763841342.4505029
}
INFO:__main__:Sending to raw_ingestion: {
  "source_type": "deep_web",
  "dataset": "Collection #1",
  "raw_data": {
    "email": "alice.j@company.net",
    "password_hash": "sha1:1959632437408546596",
    "ip_address": "192.168.1.107"
  },
  "timestamp": 1763841342.4506555
}
INFO:__main__:Sending to raw_ingestion: {
  "source_type": "surface_web",
  "url": "https://tiktok.com/bobwilliams46",
  "raw_data": {
    "name": "Bob Williams",
    "username": "bobwilliams46",
    "bio": "Just a random bio for testing.",
    "location": "San Francisco, CA"
  },
  "timestamp": 1763841345.4508405
}
INFO:__main__:Sending to raw_ingestion: {
  "source_type": "deep_web",
  "dataset": "Collection #1",
  "raw_data": {
    "email": "bob.w@provider.com",
    "password_hash": "sha1:-4879425132001330428",
    "ip_address": "192.168.1.181"
  },
  "timestamp": 1763841345.4510279
}
INFO:__main__:Sending to raw_ingestion: {
  "source_type": "surface_web",
  "url": "https://tiktok.com/alicejohnson74",
  "raw_data": {
    "name": "Alice Johnson",
    "username": "alicejohnson74",
    "bio": "Just a random bio for testing.",
    "location": "San Francisco, CA"
  },
  "timestamp": 1763841348.451204
}
INFO:__main__:Sending to raw_ingestion: {
  "source_type": "deep_web",
  "dataset": "Collection #1",
  "raw_data": {
    "email": "jane.s@test.org",
    "password_hash": "sha1:4343590181779707015",
    "ip_address": "192.168.1.236"
  },
  "timestamp": 1763841348.4513733
}
INFO:__main__:Sending to raw_ingestion: {
  "source_type": "surface_web",
  "url": "https://twitter.com/johndoe50",
  "raw_data": {
    "name": "John Doe",
    "username": "johndoe50",
    "bio": "Just a random bio for testing.",
    "location": "San Francisco, CA"
  },
  "timestamp": 1763841351.45154
}
INFO:__main__:Sending to raw_ingestion: {
  "source_type": "deep_web",
  "dataset": "Collection #1",
  "raw_data": {
    "email": "jdoe@example.com",
    "password_hash": "sha1:6516865571447354175",
    "ip_address": "192.168.1.203"
  },
  "timestamp": 1763841351.4516938
}
INFO:__main__:Sending to raw_ingestion: {
  "source_type": "surface_web",
  "url": "https://twitter.com/michaelchen39",
  "raw_data": {
    "name": "Michael Chen",
    "username": "michaelchen39",
    "bio": "Just a random bio for testing.",
    "location": "San Francisco, CA"
  },
  "timestamp": 1763841354.451876
}
INFO:__main__:Sending to raw_ingestion: {
  "source_type": "deep_web",
  "dataset": "Collection #1",
  "raw_data": {
    "email": "jane.s@test.org",
    "password_hash": "sha1:-8724375724355817601",
    "ip_address": "192.168.1.98"
  },
  "timestamp": 1763841354.452088
}
INFO:__main__:Sending to raw_ingestion: {
  "source_type": "surface_web",
  "url": "https://tiktok.com/alicejohnson25",
  "raw_data": {
    "name": "Alice Johnson",
    "username": "alicejohnson25",
    "bio": "Just a random bio for testing.",
    "location": "San Francisco, CA"
  },
  "timestamp": 1763841357.4522603
}
INFO:__main__:Sending to raw_ingestion: {
  "source_type": "deep_web",
  "dataset": "Collection #1",
  "raw_data": {
    "email": "bob.w@provider.com",
    "password_hash": "sha1:-4879425132001330428",
    "ip_address": "192.168.1.114"
  },
  "timestamp": 1763841357.4524279
}
INFO:__main__:Sending to raw_ingestion: {
  "source_type": "surface_web",
  "url": "https://twitter.com/johndoe43",
  "raw_data": {
    "name": "John Doe",
    "username": "johndoe43",
    "bio": "Just a random bio for testing.",
    "location": "San Francisco, CA"
  },
  "timestamp": 1763841360.4526017
}
INFO:__main__:Sending to raw_ingestion: {
  "source_type": "deep_web",
  "dataset": "Collection #1",
  "raw_data": {
    "email": "alice.j@company.net",
    "password_hash": "sha1:4343590181779707015",
    "ip_address": "192.168.1.184"
  },
  "timestamp": 1763841360.4529543
}
INFO:__main__:Sending to raw_ingestion: {
  "source_type": "surface_web",
  "url": "https://linkedin.com/michaelchen47",
  "raw_data": {
    "name": "Michael Chen",
    "username": "michaelchen47",
    "bio": "Just a random bio for testing.",
    "location": "San Francisco, CA"
  },
  "timestamp": 1763841363.4531128
}
INFO:__main__:Sending to raw_ingestion: {
  "source_type": "deep_web",
  "dataset": "Collection #1",
  "raw_data": {
    "email": "alice.j@company.net",
    "password_hash": "sha1:4343590181779707015",
    "ip_address": "192.168.1.232"
  },
  "timestamp": 1763841363.4533129
}
INFO:__main__:Sending to raw_ingestion: {
  "source_type": "surface_web",
  "url": "https://twitter.com/janesmith76",
  "raw_data": {
    "name": "Jane Smith",
    "username": "janesmith76",
    "bio": "Just a random bio for testing.",
    "location": "San Francisco, CA"
  },
  "timestamp": 1763841366.4534736
}
INFO:__main__:Sending to raw_ingestion: {
  "source_type": "deep_web",
  "dataset": "Collection #1",
  "raw_data": {
    "email": "jdoe@example.com",
    "password_hash": "sha1:6516865571447354175",
    "ip_address": "192.168.1.127"
  },
  "timestamp": 1763841366.4536784
}
INFO:__main__:Sending to raw_ingestion: {
  "source_type": "surface_web",
  "url": "https://tiktok.com/janesmith10",
  "raw_data": {
    "name": "Jane Smith",
    "username": "janesmith10",
    "bio": "Just a random bio for testing.",
    "location": "San Francisco, CA"
  },
  "timestamp": 1763841369.4539137
}
INFO:__main__:Sending to raw_ingestion: {
  "source_type": "deep_web",
  "dataset": "Collection #1",
  "raw_data": {
    "email": "jdoe@example.com",
    "password_hash": "sha1:6516865571447354175",
    "ip_address": "192.168.1.60"
  },
  "timestamp": 1763841369.4543047
}
INFO:__main__:Sending to raw_ingestion: {
  "source_type": "surface_web",
  "url": "https://linkedin.com/michaelchen45",
  "raw_data": {
    "name": "Michael Chen",
    "username": "michaelchen45",
    "bio": "Just a random bio for testing.",
    "location": "San Francisco, CA"
  },
  "timestamp": 1763841372.4544907
}
INFO:__main__:Sending to raw_ingestion: {
  "source_type": "deep_web",
  "dataset": "Collection #1",
  "raw_data": {
    "email": "bob.w@provider.com",
    "password_hash": "sha1:-4879425132001330428",
    "ip_address": "192.168.1.182"
  },
  "timestamp": 1763841372.4547207
}
INFO:__main__:Sending to raw_ingestion: {
  "source_type": "surface_web",
  "url": "https://tiktok.com/michaelchen29",
  "raw_data": {
    "name": "Michael Chen",
    "username": "michaelchen29",
    "bio": "Just a random bio for testing.",
    "location": "San Francisco, CA"
  },
  "timestamp": 1763841375.4550943
}
INFO:__main__:Sending to raw_ingestion: {
  "source_type": "deep_web",
  "dataset": "Collection #1",
  "raw_data": {
    "email": "alice.j@company.net",
    "password_hash": "sha1:1959632437408546596",
    "ip_address": "192.168.1.141"
  },
  "timestamp": 1763841375.455346
}
INFO:__main__:Sending to raw_ingestion: {
  "source_type": "surface_web",
  "url": "https://tiktok.com/bobwilliams79",
  "raw_data": {
    "name": "Bob Williams",
    "username": "bobwilliams79",
    "bio": "Just a random bio for testing.",
    "location": "San Francisco, CA"
  },
  "timestamp": 1763841378.4555445
}
INFO:__main__:Sending to raw_ingestion: {
  "source_type": "deep_web",
  "dataset": "Collection #1",
  "raw_data": {
    "email": "jdoe@example.com",
    "password_hash": "sha1:6516865571447354175",
    "ip_address": "192.168.1.110"
  },
  "timestamp": 1763841378.4557848
}
INFO:__main__:Sending to raw_ingestion: {
  "source_type": "surface_web",
  "url": "https://linkedin.com/michaelchen99",
  "raw_data": {
    "name": "Michael Chen",
    "username": "michaelchen99",
    "bio": "Just a random bio for testing.",
    "location": "San Francisco, CA"
  },
  "timestamp": 1763841381.4560459
}
INFO:__main__:Sending to raw_ingestion: {
  "source_type": "deep_web",
  "dataset": "Collection #1",
  "raw_data": {
    "email": "bob.w@provider.com",
    "password_hash": "sha1:4343590181779707015",
    "ip_address": "192.168.1.147"
  },
  "timestamp": 1763841381.456345
}
INFO:__main__:Sending to raw_ingestion: {
  "source_type": "surface_web",
  "url": "https://tiktok.com/michaelchen25",
  "raw_data": {
    "name": "Michael Chen",
    "username": "michaelchen25",
    "bio": "Just a random bio for testing.",
    "location": "San Francisco, CA"
  },
  "timestamp": 1763841384.4565709
}
INFO:__main__:Sending to raw_ingestion: {
  "source_type": "deep_web",
  "dataset": "Collection #1",
  "raw_data": {
    "email": "alice.j@company.net",
    "password_hash": "sha1:1959632437408546596",
    "ip_address": "192.168.1.20"
  },
  "timestamp": 1763841384.456832
}
INFO:__main__:Sending to raw_ingestion: {
  "source_type": "surface_web",
  "url": "https://linkedin.com/michaelchen25",
  "raw_data": {
    "name": "Michael Chen",
    "username": "michaelchen25",
    "bio": "Just a random bio for testing.",
    "location": "San Francisco, CA"
  },
  "timestamp": 1763841387.4570875
}
INFO:__main__:Sending to raw_ingestion: {
  "source_type": "deep_web",
  "dataset": "Collection #1",
  "raw_data": {
    "email": "jane.s@test.org",
    "password_hash": "sha1:-4879425132001330428",
    "ip_address": "192.168.1.139"
  },
  "timestamp": 1763841387.457297
}
INFO:__main__:Sending to raw_ingestion: {
  "source_type": "surface_web",
  "url": "https://linkedin.com/bobwilliams55",
  "raw_data": {
    "name": "Bob Williams",
    "username": "bobwilliams55",
    "bio": "Just a random bio for testing.",
    "location": "San Francisco, CA"
  },
  "timestamp": 1763841390.457572
}
INFO:__main__:Sending to raw_ingestion: {
  "source_type": "deep_web",
  "dataset": "Collection #1",
  "raw_data": {
    "email": "jdoe@example.com",
    "password_hash": "sha1:4343590181779707015",
    "ip_address": "192.168.1.131"
  },
  "timestamp": 1763841390.457855
}
INFO:__main__:Sending to raw_ingestion: {
  "source_type": "surface_web",
  "url": "https://linkedin.com/alicejohnson72",
  "raw_data": {
    "name": "Alice Johnson",
    "username": "alicejohnson72",
    "bio": "Just a random bio for testing.",
    "location": "San Francisco, CA"
  },
  "timestamp": 1763841393.4581513
}
INFO:__main__:Sending to raw_ingestion: {
  "source_type": "deep_web",
  "dataset": "Collection #1",
  "raw_data": {
    "email": "jane.s@test.org",
    "password_hash": "sha1:-4879425132001330428",
    "ip_address": "192.168.1.112"
  },
  "timestamp": 1763841393.4584174
}
INFO:__main__:Sending to raw_ingestion: {
  "source_type": "surface_web",
  "url": "https://linkedin.com/janesmith80",
  "raw_data": {
    "name": "Jane Smith",
    "username": "janesmith80",
    "bio": "Just a random bio for testing.",
    "location": "San Francisco, CA"
  },
  "timestamp": 1763841396.4587502
}
INFO:__main__:Sending to raw_ingestion: {
  "source_type": "deep_web",
  "dataset": "Collection #1",
  "raw_data": {
    "email": "bob.w@provider.com",
    "password_hash": "sha1:-4879425132001330428",
    "ip_address": "192.168.1.21"
  },
  "timestamp": 1763841396.4591362
}
INFO:__main__:Sending to raw_ingestion: {
  "source_type": "surface_web",
  "url": "https://tiktok.com/johndoe92",
  "raw_data": {
    "name": "John Doe",
    "username": "johndoe92",
    "bio": "Just a random bio for testing.",
    "location": "San Francisco, CA"
  },
  "timestamp": 1763841399.459303
}
INFO:__main__:Sending to raw_ingestion: {
  "source_type": "deep_web",
  "dataset": "Collection #1",
  "raw_data": {
    "email": "alice.j@company.net",
    "password_hash": "sha1:-4879425132001330428",
    "ip_address": "192.168.1.62"
  },
  "timestamp": 1763841399.4594936
}
INFO:__main__:Sending to raw_ingestion: {
  "source_type": "surface_web",
  "url": "https://linkedin.com/evabrown17",
  "raw_data": {
    "name": "Eva Brown",
    "username": "evabrown17",
    "bio": "Just a random bio for testing.",
    "location": "San Francisco, CA"
  },
  "timestamp": 1763841402.459642
}
INFO:__main__:Sending to raw_ingestion: {
  "source_type": "deep_web",
  "dataset": "Collection #1",
  "raw_data": {
    "email": "bob.w@provider.com",
    "password_hash": "sha1:-8724375724355817601",
    "ip_address": "192.168.1.165"
  },
  "timestamp": 1763841402.459786
}
INFO:__main__:Sending to raw_ingestion: {
  "source_type": "surface_web",
  "url": "https://instagram.com/evabrown96",
  "raw_data": {
    "name": "Eva Brown",
    "username": "evabrown96",
    "bio": "Just a random bio for testing.",
    "location": "San Francisco, CA"
  },
  "timestamp": 1763841405.4599612
}
INFO:__main__:Sending to raw_ingestion: {
  "source_type": "deep_web",
  "dataset": "Collection #1",
  "raw_data": {
    "email": "jane.s@test.org",
    "password_hash": "sha1:1959632437408546596",
    "ip_address": "192.168.1.114"
  },
  "timestamp": 1763841405.460132
}
INFO:__main__:Sending to raw_ingestion: {
  "source_type": "surface_web",
  "url": "https://instagram.com/janesmith89",
  "raw_data": {
    "name": "Jane Smith",
    "username": "janesmith89",
    "bio": "Just a random bio for testing.",
    "location": "San Francisco, CA"
  },
  "timestamp": 1763841408.4603014
}
INFO:__main__:Sending to raw_ingestion: {
  "source_type": "deep_web",
  "dataset": "Collection #1",
  "raw_data": {
    "email": "bob.w@provider.com",
    "password_hash": "sha1:-4879425132001330428",
    "ip_address": "192.168.1.205"
  },
  "timestamp": 1763841408.4604738
}
INFO:__main__:Sending to raw_ingestion: {
  "source_type": "surface_web",
  "url": "https://tiktok.com/evabrown76",
  "raw_data": {
    "name": "Eva Brown",
    "username": "evabrown76",
    "bio": "Just a random bio for testing.",
    "location": "San Francisco, CA"
  },
  "timestamp": 1763841411.4607277
}
INFO:__main__:Sending to raw_ingestion: {
  "source_type": "deep_web",
  "dataset": "Collection #1",
  "raw_data": {
    "email": "jdoe@example.com",
    "password_hash": "sha1:6516865571447354175",
    "ip_address": "192.168.1.36"
  },
  "timestamp": 1763841411.4609716
}
INFO:__main__:Sending to raw_ingestion: {
  "source_type": "surface_web",
  "url": "https://instagram.com/johndoe96",
  "raw_data": {
    "name": "John Doe",
    "username": "johndoe96",
    "bio": "Just a random bio for testing.",
    "location": "San Francisco, CA"
  },
  "timestamp": 1763841414.4612293
}
INFO:__main__:Sending to raw_ingestion: {
  "source_type": "deep_web",
  "dataset": "Collection #1",
  "raw_data": {
    "email": "jane.s@test.org",
    "password_hash": "sha1:1959632437408546596",
    "ip_address": "192.168.1.5"
  },
  "timestamp": 1763841414.4616163
}
"dataset": "Collection #1",
  "raw_data": {
    "email": "jdoe@example.com",
    "password_hash": "sha1:-350407415067373632",
    "ip_address": "192.168.1.92"
  },
  "timestamp": 1763841318.8256528
}
INFO:__main__:Sending to raw_ingestion: {
  "source_type": "surface_web",
  "url": "https://linkedin.com/michaelchen50",
  "raw_data": {
    "name": "Michael Chen",
    "username": "michaelchen50",
    "bio": "Just a random bio for testing.",
    "location": "San Francisco, CA"
  },
  "timestamp": 1763841321.8259616
}
INFO:__main__:Sending to raw_ingestion: {
  "source_type": "deep_web",
  "dataset": "Collection #1",
  "raw_data": {
    "email": "jdoe@example.com",
    "password_hash": "sha1:5213598016094075595",
    "ip_address": "192.168.1.209"
  },
  "timestamp": 1763841321.8261292
}
INFO:__main__:Sending to raw_ingestion: {
  "source_type": "surface_web",
  "url": "https://twitter.com/evabrown34",
  "raw_data": {
    "name": "Eva Brown",
    "username": "evabrown34",
    "bio": "Just a random bio for testing.",
    "location": "San Francisco, CA"
  },
  "timestamp": 1763841324.8262954
}
INFO:__main__:Sending to raw_ingestion: {
  "source_type": "deep_web",
  "dataset": "Collection #1",
  "raw_data": {
    "email": "alice.j@company.net",
    "password_hash": "sha1:-3088180488967285766",
    "ip_address": "192.168.1.88"
  },
  "timestamp": 1763841324.8264725
}
INFO:__main__:Sending to raw_ingestion: {
  "source_type": "surface_web",
  "url": "https://linkedin.com/bobwilliams61",
  "raw_data": {
    "name": "Bob Williams",
    "username": "bobwilliams61",
    "bio": "Just a random bio for testing.",
    "location": "San Francisco, CA"
  },
  "timestamp": 1763841327.8267436
}
INFO:__main__:Sending to raw_ingestion: {
  "source_type": "deep_web",
  "dataset": "Collection #1",
  "raw_data": {
    "email": "jdoe@example.com",
    "password_hash": "sha1:5213598016094075595",
    "ip_address": "192.168.1.19"
  },
  "timestamp": 1763841327.8272164
}
INFO:__main__:Sending to raw_ingestion: {
  "source_type": "surface_web",
  "url": "https://twitter.com/alicejohnson10",
  "raw_data": {
    "name": "Alice Johnson",
    "username": "alicejohnson10",
    "bio": "Just a random bio for testing.",
    "location": "San Francisco, CA"
  },
  "timestamp": 1763841330.8273804
}
INFO:__main__:Sending to raw_ingestion: {
  "source_type": "deep_web",
  "dataset": "Collection #1",
  "raw_data": {
    "email": "jdoe@example.com",
    "password_hash": "sha1:-350407415067373632",
    "ip_address": "192.168.1.35"
  },
  "timestamp": 1763841330.8275526
}
INFO:__main__:Sending to raw_ingestion: {
  "source_type": "surface_web",
  "url": "https://tiktok.com/evabrown86",
  "raw_data": {
    "name": "Eva Brown",
    "username": "evabrown86",
    "bio": "Just a random bio for testing.",
    "location": "San Francisco, CA"
  },
  "timestamp": 1763841333.8278255
}
INFO:__main__:Sending to raw_ingestion: {
  "source_type": "deep_web",
  "dataset": "Collection #1",
  "raw_data": {
    "email": "bob.w@provider.com",
    "password_hash": "sha1:-3088180488967285766",
    "ip_address": "192.168.1.229"
  },
  "timestamp": 1763841333.8279886
}
INFO:__main__:Sending to raw_ingestion: {
  "source_type": "surface_web",
  "url": "https://twitter.com/evabrown45",
  "raw_data": {
    "name": "Eva Brown",
    "username": "evabrown45",
    "bio": "Just a random bio for testing.",
    "location": "San Francisco, CA"
  },
  "timestamp": 1763841336.8281717
}
INFO:__main__:Sending to raw_ingestion: {
  "source_type": "deep_web",
  "dataset": "Collection #1",
  "raw_data": {
    "email": "alice.j@company.net",
    "password_hash": "sha1:-8674447898355390425",
    "ip_address": "192.168.1.237"
  },
  "timestamp": 1763841336.8284698
}
INFO:__main__:Sending to raw_ingestion: {
  "source_type": "surface_web",
  "url": "https://instagram.com/michaelchen50",
  "raw_data": {
    "name": "Michael Chen",
    "username": "michaelchen50",
    "bio": "Just a random bio for testing.",
    "location": "San Francisco, CA"
  },
  "timestamp": 1763841339.8286352
}
INFO:__main__:Sending to raw_ingestion: {
  "source_type": "deep_web",
  "dataset": "Collection #1",
  "raw_data": {
    "email": "alice.j@company.net",
    "password_hash": "sha1:1491396437253947063",
    "ip_address": "192.168.1.93"
  },
  "timestamp": 1763841339.8287952
}
INFO:__main__:Sending to raw_ingestion: {
  "source_type": "surface_web",
  "url": "https://instagram.com/evabrown57",
  "raw_data": {
    "name": "Eva Brown",
    "username": "evabrown57",
    "bio": "Just a random bio for testing.",
    "location": "San Francisco, CA"
  },
  "timestamp": 1763841342.828996
}
INFO:__main__:Sending to raw_ingestion: {
  "source_type": "deep_web",
  "dataset": "Collection #1",
  "raw_data": {
    "email": "jdoe@example.com",
    "password_hash": "sha1:1491396437253947063",
    "ip_address": "192.168.1.226"
  },
  "timestamp": 1763841342.8291728
}
INFO:__main__:Sending to raw_ingestion: {
  "source_type": "surface_web",
  "url": "https://instagram.com/bobwilliams34",
  "raw_data": {
    "name": "Bob Williams",
    "username": "bobwilliams34",
    "bio": "Just a random bio for testing.",
    "location": "San Francisco, CA"
  },
  "timestamp": 1763841345.8294291
}
INFO:__main__:Sending to raw_ingestion: {
  "source_type": "deep_web",
  "dataset": "Collection #1",
  "raw_data": {
    "email": "jane.s@test.org",
    "password_hash": "sha1:1491396437253947063",
    "ip_address": "192.168.1.52"
  },
  "timestamp": 1763841345.8296504
}
INFO:__main__:Sending to raw_ingestion: {
  "source_type": "surface_web",
  "url": "https://instagram.com/alicejohnson78",
  "raw_data": {
    "name": "Alice Johnson",
    "username": "alicejohnson78",
    "bio": "Just a random bio for testing.",
    "location": "San Francisco, CA"
  },
  "timestamp": 1763841348.8298523
}
INFO:__main__:Sending to raw_ingestion: {
  "source_type": "deep_web",
  "dataset": "Collection #1",
  "raw_data": {
    "email": "jdoe@example.com",
    "password_hash": "sha1:-350407415067373632",
    "ip_address": "192.168.1.141"
  },
  "timestamp": 1763841348.830034
}
INFO:__main__:Sending to raw_ingestion: {
  "source_type": "surface_web",
  "url": "https://tiktok.com/janesmith26",
  "raw_data": {
    "name": "Jane Smith",
    "username": "janesmith26",
    "bio": "Just a random bio for testing.",
    "location": "San Francisco, CA"
  },
  "timestamp": 1763841351.8303342
}
INFO:__main__:Sending to raw_ingestion: {
  "source_type": "deep_web",
  "dataset": "Collection #1",
  "raw_data": {
    "email": "jane.s@test.org",
    "password_hash": "sha1:1491396437253947063",
    "ip_address": "192.168.1.42"
  },
  "timestamp": 1763841351.8305461
}
INFO:__main__:Sending to raw_ingestion: {
  "source_type": "surface_web",
  "url": "https://linkedin.com/michaelchen39",
  "raw_data": {
    "name": "Michael Chen",
    "username": "michaelchen39",
    "bio": "Just a random bio for testing.",
    "location": "San Francisco, CA"
  },
  "timestamp": 1763841354.830712
}
INFO:__main__:Sending to raw_ingestion: {
  "source_type": "deep_web",
  "dataset": "Collection #1",
  "raw_data": {
    "email": "jdoe@example.com",
    "password_hash": "sha1:5213598016094075595",
    "ip_address": "192.168.1.36"
  },
  "timestamp": 1763841354.8309226
}
INFO:__main__:Sending to raw_ingestion: {
  "source_type": "surface_web",
  "url": "https://tiktok.com/evabrown51",
  "raw_data": {
    "name": "Eva Brown",
    "username": "evabrown51",
    "bio": "Just a random bio for testing.",
    "location": "San Francisco, CA"
  },
  "timestamp": 1763841357.83109
}
INFO:__main__:Sending to raw_ingestion: {
  "source_type": "deep_web",
  "dataset": "Collection #1",
  "raw_data": {
    "email": "alice.j@company.net",
    "password_hash": "sha1:-350407415067373632",
    "ip_address": "192.168.1.192"
  },
  "timestamp": 1763841357.8312724
}
INFO:__main__:Sending to raw_ingestion: {
  "source_type": "surface_web",
  "url": "https://linkedin.com/johndoe7",
  "raw_data": {
    "name": "John Doe",
    "username": "johndoe7",
    "bio": "Just a random bio for testing.",
    "location": "San Francisco, CA"
  },
  "timestamp": 1763841360.831458
}
INFO:__main__:Sending to raw_ingestion: {
  "source_type": "deep_web",
  "dataset": "Collection #1",
  "raw_data": {
    "email": "jane.s@test.org",
    "password_hash": "sha1:-3088180488967285766",
    "ip_address": "192.168.1.58"
  },
  "timestamp": 1763841360.8316724
}
INFO:__main__:Sending to raw_ingestion: {
  "source_type": "surface_web",
  "url": "https://twitter.com/bobwilliams17",
  "raw_data": {
    "name": "Bob Williams",
    "username": "bobwilliams17",
    "bio": "Just a random bio for testing.",
    "location": "San Francisco, CA"
  },
  "timestamp": 1763841363.831838
}
INFO:__main__:Sending to raw_ingestion: {
  "source_type": "deep_web",
  "dataset": "Collection #1",
  "raw_data": {
    "email": "jdoe@example.com",
    "password_hash": "sha1:-8674447898355390425",
    "ip_address": "192.168.1.144"
  },
  "timestamp": 1763841363.8320508
}
INFO:__main__:Sending to raw_ingestion: {
  "source_type": "surface_web",
  "url": "https://twitter.com/evabrown21",
  "raw_data": {
    "name": "Eva Brown",
    "username": "evabrown21",
    "bio": "Just a random bio for testing.",
    "location": "San Francisco, CA"
  },
  "timestamp": 1763841366.8322074
}
INFO:__main__:Sending to raw_ingestion: {
  "source_type": "deep_web",
  "dataset": "Collection #1",
  "raw_data": {
    "email": "jane.s@test.org",
    "password_hash": "sha1:-3088180488967285766",
    "ip_address": "192.168.1.97"
  },
  "timestamp": 1763841366.832482
}
INFO:__main__:Sending to raw_ingestion: {
  "source_type": "surface_web",
  "url": "https://twitter.com/evabrown89",
  "raw_data": {
    "name": "Eva Brown",
    "username": "evabrown89",
    "bio": "Just a random bio for testing.",
    "location": "San Francisco, CA"
  },
  "timestamp": 1763841369.832874
}
INFO:__main__:Sending to raw_ingestion: {
  "source_type": "deep_web",
  "dataset": "Collection #1",
  "raw_data": {
    "email": "bob.w@provider.com",
    "password_hash": "sha1:-8674447898355390425",
    "ip_address": "192.168.1.63"
  },
  "timestamp": 1763841369.8332958
}
INFO:__main__:Sending to raw_ingestion: {
  "source_type": "surface_web",
  "url": "https://instagram.com/janesmith56",
  "raw_data": {
    "name": "Jane Smith",
    "username": "janesmith56",
    "bio": "Just a random bio for testing.",
    "location": "San Francisco, CA"
  },
  "timestamp": 1763841372.833684
}
INFO:__main__:Sending to raw_ingestion: {
  "source_type": "deep_web",
  "dataset": "Collection #1",
  "raw_data": {
    "email": "jdoe@example.com",
    "password_hash": "sha1:-3088180488967285766",
    "ip_address": "192.168.1.49"
  },
  "timestamp": 1763841372.8341186
}
INFO:__main__:Sending to raw_ingestion: {
  "source_type": "surface_web",
  "url": "https://linkedin.com/janesmith12",
  "raw_data": {
    "name": "Jane Smith",
    "username": "janesmith12",
    "bio": "Just a random bio for testing.",
    "location": "San Francisco, CA"
  },
  "timestamp": 1763841375.8343496
}
INFO:__main__:Sending to raw_ingestion: {
  "source_type": "deep_web",
  "dataset": "Collection #1",
  "raw_data": {
    "email": "jdoe@example.com",
    "password_hash": "sha1:5213598016094075595",
    "ip_address": "192.168.1.145"
  },
  "timestamp": 1763841375.8346422
}
INFO:__main__:Sending to raw_ingestion: {
  "source_type": "surface_web",
  "url": "https://tiktok.com/evabrown48",
  "raw_data": {
    "name": "Eva Brown",
    "username": "evabrown48",
    "bio": "Just a random bio for testing.",
    "location": "San Francisco, CA"
  },
  "timestamp": 1763841378.8348663
}
INFO:__main__:Sending to raw_ingestion: {
  "source_type": "deep_web",
  "dataset": "Collection #1",
  "raw_data": {
    "email": "jdoe@example.com",
    "password_hash": "sha1:-8674447898355390425",
    "ip_address": "192.168.1.216"
  },
  "timestamp": 1763841378.8350964
}
INFO:__main__:Sending to raw_ingestion: {
  "source_type": "surface_web",
  "url": "https://twitter.com/evabrown77",
  "raw_data": {
    "name": "Eva Brown",
    "username": "evabrown77",
    "bio": "Just a random bio for testing.",
    "location": "San Francisco, CA"
  },
  "timestamp": 1763841381.8353665
}
INFO:__main__:Sending to raw_ingestion: {
  "source_type": "deep_web",
  "dataset": "Collection #1",
  "raw_data": {
    "email": "alice.j@company.net",
    "password_hash": "sha1:5213598016094075595",
    "ip_address": "192.168.1.254"
  },
  "timestamp": 1763841381.8356822
}
INFO:__main__:Sending to raw_ingestion: {
  "source_type": "surface_web",
  "url": "https://tiktok.com/bobwilliams78",
  "raw_data": {
    "name": "Bob Williams",
    "username": "bobwilliams78",
    "bio": "Just a random bio for testing.",
    "location": "San Francisco, CA"
  },
  "timestamp": 1763841384.8359053
}
INFO:__main__:Sending to raw_ingestion: {
  "source_type": "deep_web",
  "dataset": "Collection #1",
  "raw_data": {
    "email": "jane.s@test.org",
    "password_hash": "sha1:5213598016094075595",
    "ip_address": "192.168.1.248"
  },
  "timestamp": 1763841384.8361027
}
INFO:__main__:Sending to raw_ingestion: {
  "source_type": "surface_web",
  "url": "https://tiktok.com/bobwilliams65",
  "raw_data": {
    "name": "Bob Williams",
    "username": "bobwilliams65",
    "bio": "Just a random bio for testing.",
    "location": "San Francisco, CA"
  },
  "timestamp": 1763841387.8363557
}
INFO:__main__:Sending to raw_ingestion: {
  "source_type": "deep_web",
  "dataset": "Collection #1",
  "raw_data": {
    "email": "alice.j@company.net",
    "password_hash": "sha1:-350407415067373632",
    "ip_address": "192.168.1.106"
  },
  "timestamp": 1763841387.836526
}
INFO:__main__:Sending to raw_ingestion: {
  "source_type": "surface_web",
  "url": "https://tiktok.com/bobwilliams61",
  "raw_data": {
    "name": "Bob Williams",
    "username": "bobwilliams61",
    "bio": "Just a random bio for testing.",
    "location": "San Francisco, CA"
  },
  "timestamp": 1763841390.8367434
}
INFO:__main__:Sending to raw_ingestion: {
  "source_type": "deep_web",
  "dataset": "Collection #1",
  "raw_data": {
    "email": "jane.s@test.org",
    "password_hash": "sha1:-350407415067373632",
    "ip_address": "192.168.1.68"
  },
  "timestamp": 1763841390.837016
}
INFO:__main__:Sending to raw_ingestion: {
  "source_type": "surface_web",
  "url": "https://twitter.com/alicejohnson32",
  "raw_data": {
    "name": "Alice Johnson",
    "username": "alicejohnson32",
    "bio": "Just a random bio for testing.",
    "location": "San Francisco, CA"
  },
  "timestamp": 1763841393.837195
}
INFO:__main__:Sending to raw_ingestion: {
  "source_type": "deep_web",
  "dataset": "Collection #1",
  "raw_data": {
    "email": "alice.j@company.net",
    "password_hash": "sha1:-350407415067373632",
    "ip_address": "192.168.1.63"
  },
  "timestamp": 1763841393.8373845
}
INFO:__main__:Sending to raw_ingestion: {
  "source_type": "surface_web",
  "url": "https://tiktok.com/bobwilliams8",
  "raw_data": {
    "name": "Bob Williams",
    "username": "bobwilliams8",
    "bio": "Just a random bio for testing.",
    "location": "San Francisco, CA"
  },
  "timestamp": 1763841396.838027
}
INFO:__main__:Sending to raw_ingestion: {
  "source_type": "deep_web",
  "dataset": "Collection #1",
  "raw_data": {
    "email": "jdoe@example.com",
    "password_hash": "sha1:-350407415067373632",
    "ip_address": "192.168.1.42"
  },
  "timestamp": 1763841396.8382065
}
INFO:__main__:Sending to raw_ingestion: {
  "source_type": "surface_web",
  "url": "https://instagram.com/alicejohnson21",
  "raw_data": {
    "name": "Alice Johnson",
    "username": "alicejohnson21",
    "bio": "Just a random bio for testing.",
    "location": "San Francisco, CA"
  },
  "timestamp": 1763841399.8384964
}
INFO:__main__:Sending to raw_ingestion: {
  "source_type": "deep_web",
  "dataset": "Collection #1",
  "raw_data": {
    "email": "jdoe@example.com",
    "password_hash": "sha1:1491396437253947063",
    "ip_address": "192.168.1.123"
  },
  "timestamp": 1763841399.8387382
}
INFO:__main__:Sending to raw_ingestion: {
  "source_type": "surface_web",
  "url": "https://linkedin.com/johndoe29",
  "raw_data": {
    "name": "John Doe",
    "username": "johndoe29",
    "bio": "Just a random bio for testing.",
    "location": "San Francisco, CA"
  },
  "timestamp": 1763841402.8389204
}
INFO:__main__:Sending to raw_ingestion: {
  "source_type": "deep_web",
  "dataset": "Collection #1",
  "raw_data": {
    "email": "alice.j@company.net",
    "password_hash": "sha1:-8674447898355390425",
    "ip_address": "192.168.1.232"
  },
  "timestamp": 1763841402.839112
}
INFO:__main__:Sending to raw_ingestion: {
  "source_type": "surface_web",
  "url": "https://tiktok.com/bobwilliams93",
  "raw_data": {
    "name": "Bob Williams",
    "username": "bobwilliams93",
    "bio": "Just a random bio for testing.",
    "location": "San Francisco, CA"
  },
  "timestamp": 1763841405.8392675
}
INFO:__main__:Sending to raw_ingestion: {
  "source_type": "deep_web",
  "dataset": "Collection #1",
  "raw_data": {
    "email": "alice.j@company.net",
    "password_hash": "sha1:-8674447898355390425",
    "ip_address": "192.168.1.123"
  },
  "timestamp": 1763841405.8393893
}
INFO:__main__:Sending to raw_ingestion: {
  "source_type": "surface_web",
  "url": "https://tiktok.com/alicejohnson36",
  "raw_data": {
    "name": "Alice Johnson",
    "username": "alicejohnson36",
    "bio": "Just a random bio for testing.",
    "location": "San Francisco, CA"
  },
  "timestamp": 1763841408.839592
}
INFO:__main__:Sending to raw_ingestion: {
  "source_type": "deep_web",
  "dataset": "Collection #1",
  "raw_data": {
    "email": "bob.w@provider.com",
    "password_hash": "sha1:1491396437253947063",
    "ip_address": "192.168.1.64"
  },
  "timestamp": 1763841408.8399892
}
INFO:__main__:Sending to raw_ingestion: {
  "source_type": "surface_web",
  "url": "https://linkedin.com/johndoe88",
  "raw_data": {
    "name": "John Doe",
    "username": "johndoe88",
    "bio": "Just a random bio for testing.",
    "location": "San Francisco, CA"
  },
  "timestamp": 1763841411.8401594
}
INFO:__main__:Sending to raw_ingestion: {
  "source_type": "deep_web",
  "dataset": "Collection #1",
  "raw_data": {
    "email": "jdoe@example.com",
    "password_hash": "sha1:-350407415067373632",
    "ip_address": "192.168.1.185"
  },
  "timestamp": 1763841411.8404043
}
INFO:__main__:Sending to raw_ingestion: {
  "source_type": "surface_web",
  "url": "https://tiktok.com/evabrown55",
  "raw_data": {
    "name": "Eva Brown",
    "username": "evabrown55",
    "bio": "Just a random bio for testing.",
    "location": "San Francisco, CA"
  },
  "timestamp": 1763841414.8407145
}
INFO:__main__:Sending to raw_ingestion: {
  "source_type": "deep_web",
  "dataset": "Collection #1",
  "raw_data": {
    "email": "alice.j@company.net",
    "password_hash": "sha1:-3088180488967285766",
    "ip_address": "192.168.1.92"
  },
  "timestamp": 1763841414.8412519
}
e": "John Doe",
    "username": "johndoe80",
    "bio": "Just a random bio for testing.",
    "location": "San Francisco, CA"
  },
  "timestamp": 1763841275.1762822
}
INFO:__main__:Sending to raw_ingestion: {
  "source_type": "deep_web",
  "dataset": "Collection #1",
  "raw_data": {
    "email": "alice.j@company.net",
    "password_hash": "sha1:7979406520771713434",
    "ip_address": "192.168.1.120"
  },
  "timestamp": 1763841275.176442
}
INFO:__main__:Sending to raw_ingestion: {
  "source_type": "surface_web",
  "url": "https://instagram.com/michaelchen24",
  "raw_data": {
    "name": "Michael Chen",
    "username": "michaelchen24",
    "bio": "Just a random bio for testing.",
    "location": "San Francisco, CA"
  },
  "timestamp": 1763841278.1766102
}
INFO:__main__:Sending to raw_ingestion: {
  "source_type": "deep_web",
  "dataset": "Collection #1",
  "raw_data": {
    "email": "bob.w@provider.com",
    "password_hash": "sha1:7979406520771713434",
    "ip_address": "192.168.1.104"
  },
  "timestamp": 1763841278.17681
}
INFO:__main__:Sending to raw_ingestion: {
  "source_type": "surface_web",
  "url": "https://tiktok.com/evabrown75",
  "raw_data": {
    "name": "Eva Brown",
    "username": "evabrown75",
    "bio": "Just a random bio for testing.",
    "location": "San Francisco, CA"
  },
  "timestamp": 1763841281.176977
}
INFO:__main__:Sending to raw_ingestion: {
  "source_type": "deep_web",
  "dataset": "Collection #1",
  "raw_data": {
    "email": "jane.s@test.org",
    "password_hash": "sha1:7979406520771713434",
    "ip_address": "192.168.1.79"
  },
  "timestamp": 1763841281.177133
}
INFO:__main__:Sending to raw_ingestion: {
  "source_type": "surface_web",
  "url": "https://instagram.com/bobwilliams49",
  "raw_data": {
    "name": "Bob Williams",
    "username": "bobwilliams49",
    "bio": "Just a random bio for testing.",
    "location": "San Francisco, CA"
  },
  "timestamp": 1763841284.177394
}
INFO:__main__:Sending to raw_ingestion: {
  "source_type": "deep_web",
  "dataset": "Collection #1",
  "raw_data": {
    "email": "jdoe@example.com",
    "password_hash": "sha1:2228771069017853011",
    "ip_address": "192.168.1.120"
  },
  "timestamp": 1763841284.1775417
}
INFO:__main__:Sending to raw_ingestion: {
  "source_type": "surface_web",
  "url": "https://twitter.com/janesmith58",
  "raw_data": {
    "name": "Jane Smith",
    "username": "janesmith58",
    "bio": "Just a random bio for testing.",
    "location": "San Francisco, CA"
  },
  "timestamp": 1763841287.1777248
}
INFO:__main__:Sending to raw_ingestion: {
  "source_type": "deep_web",
  "dataset": "Collection #1",
  "raw_data": {
    "email": "jdoe@example.com",
    "password_hash": "sha1:7979406520771713434",
    "ip_address": "192.168.1.105"
  },
  "timestamp": 1763841287.177933
}
INFO:__main__:Sending to raw_ingestion: {
  "source_type": "surface_web",
  "url": "https://twitter.com/bobwilliams52",
  "raw_data": {
    "name": "Bob Williams",
    "username": "bobwilliams52",
    "bio": "Just a random bio for testing.",
    "location": "San Francisco, CA"
  },
  "timestamp": 1763841290.1781282
}
INFO:__main__:Sending to raw_ingestion: {
  "source_type": "deep_web",
  "dataset": "Collection #1",
  "raw_data": {
    "email": "alice.j@company.net",
    "password_hash": "sha1:-1313697987181538005",
    "ip_address": "192.168.1.107"
  },
  "timestamp": 1763841290.1783454
}
INFO:__main__:Sending to raw_ingestion: {
  "source_type": "surface_web",
  "url": "https://twitter.com/bobwilliams5",
  "raw_data": {
    "name": "Bob Williams",
    "username": "bobwilliams5",
    "bio": "Just a random bio for testing.",
    "location": "San Francisco, CA"
  },
  "timestamp": 1763841293.1786342
}
INFO:__main__:Sending to raw_ingestion: {
  "source_type": "deep_web",
  "dataset": "Collection #1",
  "raw_data": {
    "email": "jdoe@example.com",
    "password_hash": "sha1:-1313697987181538005",
    "ip_address": "192.168.1.140"
  },
  "timestamp": 1763841293.1789548
}
INFO:__main__:Sending to raw_ingestion: {
  "source_type": "surface_web",
  "url": "https://tiktok.com/michaelchen29",
  "raw_data": {
    "name": "Michael Chen",
    "username": "michaelchen29",
    "bio": "Just a random bio for testing.",
    "location": "San Francisco, CA"
  },
  "timestamp": 1763841296.1793592
}
INFO:__main__:Sending to raw_ingestion: {
  "source_type": "deep_web",
  "dataset": "Collection #1",
  "raw_data": {
    "email": "bob.w@provider.com",
    "password_hash": "sha1:2228771069017853011",
    "ip_address": "192.168.1.113"
  },
  "timestamp": 1763841296.1796412
}
INFO:__main__:Sending to raw_ingestion: {
  "source_type": "surface_web",
  "url": "https://instagram.com/alicejohnson36",
  "raw_data": {
    "name": "Alice Johnson",
    "username": "alicejohnson36",
    "bio": "Just a random bio for testing.",
    "location": "San Francisco, CA"
  },
  "timestamp": 1763841299.1798434
}
INFO:__main__:Sending to raw_ingestion: {
  "source_type": "deep_web",
  "dataset": "Collection #1",
  "raw_data": {
    "email": "bob.w@provider.com",
    "password_hash": "sha1:-1308381311638537490",
    "ip_address": "192.168.1.212"
  },
  "timestamp": 1763841299.1800923
}
INFO:__main__:Sending to raw_ingestion: {
  "source_type": "surface_web",
  "url": "https://twitter.com/janesmith40",
  "raw_data": {
    "name": "Jane Smith",
    "username": "janesmith40",
    "bio": "Just a random bio for testing.",
    "location": "San Francisco, CA"
  },
  "timestamp": 1763841302.180274
}
INFO:__main__:Sending to raw_ingestion: {
  "source_type": "deep_web",
  "dataset": "Collection #1",
  "raw_data": {
    "email": "jane.s@test.org",
    "password_hash": "sha1:-1313697987181538005",
    "ip_address": "192.168.1.5"
  },
  "timestamp": 1763841302.1806679
}
INFO:__main__:Sending to raw_ingestion: {
  "source_type": "surface_web",
  "url": "https://instagram.com/michaelchen27",
  "raw_data": {
    "name": "Michael Chen",
    "username": "michaelchen27",
    "bio": "Just a random bio for testing.",
    "location": "San Francisco, CA"
  },
  "timestamp": 1763841305.1809552
}
INFO:__main__:Sending to raw_ingestion: {
  "source_type": "deep_web",
  "dataset": "Collection #1",
  "raw_data": {
    "email": "bob.w@provider.com",
    "password_hash": "sha1:-1308381311638537490",
    "ip_address": "192.168.1.71"
  },
  "timestamp": 1763841305.1811433
}
INFO:__main__:Sending to raw_ingestion: {
  "source_type": "surface_web",
  "url": "https://twitter.com/evabrown68",
  "raw_data": {
    "name": "Eva Brown",
    "username": "evabrown68",
    "bio": "Just a random bio for testing.",
    "location": "San Francisco, CA"
  },
  "timestamp": 1763841308.181299
}
INFO:__main__:Sending to raw_ingestion: {
  "source_type": "deep_web",
  "dataset": "Collection #1",
  "raw_data": {
    "email": "jdoe@example.com",
    "password_hash": "sha1:-1313697987181538005",
    "ip_address": "192.168.1.119"
  },
  "timestamp": 1763841308.1814756
}
INFO:__main__:Sending to raw_ingestion: {
  "source_type": "surface_web",
  "url": "https://linkedin.com/janesmith86",
  "raw_data": {
    "name": "Jane Smith",
    "username": "janesmith86",
    "bio": "Just a random bio for testing.",
    "location": "San Francisco, CA"
  },
  "timestamp": 1763841311.1816237
}
INFO:__main__:Sending to raw_ingestion: {
  "source_type": "deep_web",
  "dataset": "Collection #1",
  "raw_data": {
    "email": "jdoe@example.com",
    "password_hash": "sha1:7979406520771713434",
    "ip_address": "192.168.1.255"
  },
  "timestamp": 1763841311.181789
}
INFO:__main__:Sending to raw_ingestion: {
  "source_type": "surface_web",
  "url": "https://linkedin.com/evabrown69",
  "raw_data": {
    "name": "Eva Brown",
    "username": "evabrown69",
    "bio": "Just a random bio for testing.",
    "location": "San Francisco, CA"
  },
  "timestamp": 1763841314.1819568
}
INFO:__main__:Sending to raw_ingestion: {
  "source_type": "deep_web",
  "dataset": "Collection #1",
  "raw_data": {
    "email": "jane.s@test.org",
    "password_hash": "sha1:-1313697987181538005",
    "ip_address": "192.168.1.181"
  },
  "timestamp": 1763841314.182167
}
INFO:__main__:Sending to raw_ingestion: {
  "source_type": "surface_web",
  "url": "https://linkedin.com/bobwilliams79",
  "raw_data": {
    "name": "Bob Williams",
    "username": "bobwilliams79",
    "bio": "Just a random bio for testing.",
    "location": "San Francisco, CA"
  },
  "timestamp": 1763841317.1823466
}
INFO:__main__:Sending to raw_ingestion: {
  "source_type": "deep_web",
  "dataset": "Collection #1",
  "raw_data": {
    "email": "jane.s@test.org",
    "password_hash": "sha1:8120644356238098502",
    "ip_address": "192.168.1.40"
  },
  "timestamp": 1763841317.18256
}
INFO:__main__:Sending to raw_ingestion: {
  "source_type": "surface_web",
  "url": "https://instagram.com/johndoe11",
  "raw_data": {
    "name": "John Doe",
    "username": "johndoe11",
    "bio": "Just a random bio for testing.",
    "location": "San Francisco, CA"
  },
  "timestamp": 1763841320.1827264
}
INFO:__main__:Sending to raw_ingestion: {
  "source_type": "deep_web",
  "dataset": "Collection #1",
  "raw_data": {
    "email": "jdoe@example.com",
    "password_hash": "sha1:2228771069017853011",
    "ip_address": "192.168.1.210"
  },
  "timestamp": 1763841320.1829185
}
INFO:__main__:Sending to raw_ingestion: {
  "source_type": "surface_web",
  "url": "https://instagram.com/evabrown87",
  "raw_data": {
    "name": "Eva Brown",
    "username": "evabrown87",
    "bio": "Just a random bio for testing.",
    "location": "San Francisco, CA"
  },
  "timestamp": 1763841323.1830816
}
INFO:__main__:Sending to raw_ingestion: {
  "source_type": "deep_web",
  "dataset": "Collection #1",
  "raw_data": {
    "email": "jdoe@example.com",
    "password_hash": "sha1:2228771069017853011",
    "ip_address": "192.168.1.18"
  },
  "timestamp": 1763841323.1832354
}
INFO:__main__:Sending to raw_ingestion: {
  "source_type": "surface_web",
  "url": "https://twitter.com/janesmith17",
  "raw_data": {
    "name": "Jane Smith",
    "username": "janesmith17",
    "bio": "Just a random bio for testing.",
    "location": "San Francisco, CA"
  },
  "timestamp": 1763841326.1834428
}
INFO:__main__:Sending to raw_ingestion: {
  "source_type": "deep_web",
  "dataset": "Collection #1",
  "raw_data": {
    "email": "jane.s@test.org",
    "password_hash": "sha1:8120644356238098502",
    "ip_address": "192.168.1.108"
  },
  "timestamp": 1763841326.1836152
}
INFO:__main__:Sending to raw_ingestion: {
  "source_type": "surface_web",
  "url": "https://twitter.com/alicejohnson81",
  "raw_data": {
    "name": "Alice Johnson",
    "username": "alicejohnson81",
    "bio": "Just a random bio for testing.",
    "location": "San Francisco, CA"
  },
  "timestamp": 1763841329.1837926
}
INFO:__main__:Sending to raw_ingestion: {
  "source_type": "deep_web",
  "dataset": "Collection #1",
  "raw_data": {
    "email": "jane.s@test.org",
    "password_hash": "sha1:-1308381311638537490",
    "ip_address": "192.168.1.193"
  },
  "timestamp": 1763841329.184016
}
INFO:__main__:Sending to raw_ingestion: {
  "source_type": "surface_web",
  "url": "https://twitter.com/bobwilliams29",
  "raw_data": {
    "name": "Bob Williams",
    "username": "bobwilliams29",
    "bio": "Just a random bio for testing.",
    "location": "San Francisco, CA"
  },
  "timestamp": 1763841332.1841831
}
INFO:__main__:Sending to raw_ingestion: {
  "source_type": "deep_web",
  "dataset": "Collection #1",
  "raw_data": {
    "email": "alice.j@company.net",
    "password_hash": "sha1:-1313697987181538005",
    "ip_address": "192.168.1.143"
  },
  "timestamp": 1763841332.184347
}
INFO:__main__:Sending to raw_ingestion: {
  "source_type": "surface_web",
  "url": "https://twitter.com/johndoe25",
  "raw_data": {
    "name": "John Doe",
    "username": "johndoe25",
    "bio": "Just a random bio for testing.",
    "location": "San Francisco, CA"
  },
  "timestamp": 1763841335.1845102
}
INFO:__main__:Sending to raw_ingestion: {
  "source_type": "deep_web",
  "dataset": "Collection #1",
  "raw_data": {
    "email": "bob.w@provider.com",
    "password_hash": "sha1:-1308381311638537490",
    "ip_address": "192.168.1.44"
  },
  "timestamp": 1763841335.1846817
}
INFO:__main__:Sending to raw_ingestion: {
  "source_type": "surface_web",
  "url": "https://tiktok.com/michaelchen86",
  "raw_data": {
    "name": "Michael Chen",
    "username": "michaelchen86",
    "bio": "Just a random bio for testing.",
    "location": "San Francisco, CA"
  },
  "timestamp": 1763841338.1849296
}
INFO:__main__:Sending to raw_ingestion: {
  "source_type": "deep_web",
  "dataset": "Collection #1",
  "raw_data": {
    "email": "jdoe@example.com",
    "password_hash": "sha1:-1313697987181538005",
    "ip_address": "192.168.1.194"
  },
  "timestamp": 1763841338.1852145
}
INFO:__main__:Sending to raw_ingestion: {
  "source_type": "surface_web",
  "url": "https://instagram.com/evabrown64",
  "raw_data": {
    "name": "Eva Brown",
    "username": "evabrown64",
    "bio": "Just a random bio for testing.",
    "location": "San Francisco, CA"
  },
  "timestamp": 1763841341.1854515
}
INFO:__main__:Sending to raw_ingestion: {
  "source_type": "deep_web",
  "dataset": "Collection #1",
  "raw_data": {
    "email": "jane.s@test.org",
    "password_hash": "sha1:-1308381311638537490",
    "ip_address": "192.168.1.102"
  },
  "timestamp": 1763841341.1856265
}
INFO:__main__:Sending to raw_ingestion: {
  "source_type": "surface_web",
  "url": "https://tiktok.com/evabrown15",
  "raw_data": {
    "name": "Eva Brown",
    "username": "evabrown15",
    "bio": "Just a random bio for testing.",
    "location": "San Francisco, CA"
  },
  "timestamp": 1763841344.1858752
}
INFO:__main__:Sending to raw_ingestion: {
  "source_type": "deep_web",
  "dataset": "Collection #1",
  "raw_data": {
    "email": "jane.s@test.org",
    "password_hash": "sha1:-1308381311638537490",
    "ip_address": "192.168.1.101"
  },
  "timestamp": 1763841344.1860523
}
INFO:__main__:Sending to raw_ingestion: {
  "source_type": "surface_web",
  "url": "https://linkedin.com/bobwilliams67",
  "raw_data": {
    "name": "Bob Williams",
    "username": "bobwilliams67",
    "bio": "Just a random bio for testing.",
    "location": "San Francisco, CA"
  },
  "timestamp": 1763841347.186227
}
INFO:__main__:Sending to raw_ingestion: {
  "source_type": "deep_web",
  "dataset": "Collection #1",
  "raw_data": {
    "email": "alice.j@company.net",
    "password_hash": "sha1:2228771069017853011",
    "ip_address": "192.168.1.21"
  },
  "timestamp": 1763841347.1864166
}
INFO:__main__:Sending to raw_ingestion: {
  "source_type": "surface_web",
  "url": "https://tiktok.com/johndoe82",
  "raw_data": {
    "name": "John Doe",
    "username": "johndoe82",
    "bio": "Just a random bio for testing.",
    "location": "San Francisco, CA"
  },
  "timestamp": 1763841350.1866872
}
INFO:__main__:Sending to raw_ingestion: {
  "source_type": "deep_web",
  "dataset": "Collection #1",
  "raw_data": {
    "email": "jdoe@example.com",
    "password_hash": "sha1:7979406520771713434",
    "ip_address": "192.168.1.6"
  },
  "timestamp": 1763841350.1868916
}
INFO:__main__:Sending to raw_ingestion: {
  "source_type": "surface_web",
  "url": "https://instagram.com/johndoe14",
  "raw_data": {
    "name": "John Doe",
    "username": "johndoe14",
    "bio": "Just a random bio for testing.",
    "location": "San Francisco, CA"
  },
  "timestamp": 1763841353.1870613
}
INFO:__main__:Sending to raw_ingestion: {
  "source_type": "deep_web",
  "dataset": "Collection #1",
  "raw_data": {
    "email": "jdoe@example.com",
    "password_hash": "sha1:-1308381311638537490",
    "ip_address": "192.168.1.127"
  },
  "timestamp": 1763841353.187292
}
INFO:__main__:Sending to raw_ingestion: {
  "source_type": "surface_web",
  "url": "https://tiktok.com/janesmith73",
  "raw_data": {
    "name": "Jane Smith",
    "username": "janesmith73",
    "bio": "Just a random bio for testing.",
    "location": "San Francisco, CA"
  },
  "timestamp": 1763841356.1876247
}
INFO:__main__:Sending to raw_ingestion: {
  "source_type": "deep_web",
  "dataset": "Collection #1",
  "raw_data": {
    "email": "bob.w@provider.com",
    "password_hash": "sha1:-1308381311638537490",
    "ip_address": "192.168.1.12"
  },
  "timestamp": 1763841356.187841
}
INFO:__main__:Sending to raw_ingestion: {
  "source_type": "surface_web",
  "url": "https://tiktok.com/evabrown13",
  "raw_data": {
    "name": "Eva Brown",
    "username": "evabrown13",
    "bio": "Just a random bio for testing.",
    "location": "San Francisco, CA"
  },
  "timestamp": 1763841359.188175
}
INFO:__main__:Sending to raw_ingestion: {
  "source_type": "deep_web",
  "dataset": "Collection #1",
  "raw_data": {
    "email": "alice.j@company.net",
    "password_hash": "sha1:8120644356238098502",
    "ip_address": "192.168.1.99"
  },
  "timestamp": 1763841359.1883779
}
INFO:__main__:Sending to raw_ingestion: {
  "source_type": "surface_web",
  "url": "https://twitter.com/johndoe3",
  "raw_data": {
    "name": "John Doe",
    "username": "johndoe3",
    "bio": "Just a random bio for testing.",
    "location": "San Francisco, CA"
  },
  "timestamp": 1763841362.1885471
}
INFO:__main__:Sending to raw_ingestion: {
  "source_type": "deep_web",
  "dataset": "Collection #1",
  "raw_data": {
    "email": "bob.w@provider.com",
    "password_hash": "sha1:7979406520771713434",
    "ip_address": "192.168.1.240"
  },
  "timestamp": 1763841362.1887882
}
INFO:__main__:Sending to raw_ingestion: {
  "source_type": "surface_web",
  "url": "https://instagram.com/alicejohnson10",
  "raw_data": {
    "name": "Alice Johnson",
    "username": "alicejohnson10",
    "bio": "Just a random bio for testing.",
    "location": "San Francisco, CA"
  },
  "timestamp": 1763841365.1890771
}
INFO:__main__:Sending to raw_ingestion: {
  "source_type": "deep_web",
  "dataset": "Collection #1",
  "raw_data": {
    "email": "bob.w@provider.com",
    "password_hash": "sha1:-1313697987181538005",
    "ip_address": "192.168.1.131"
  },
  "timestamp": 1763841365.1892757
}
INFO:__main__:Sending to raw_ingestion: {
  "source_type": "surface_web",
  "url": "https://twitter.com/evabrown80",
  "raw_data": {
    "name": "Eva Brown",
    "username": "evabrown80",
    "bio": "Just a random bio for testing.",
    "location": "San Francisco, CA"
  },
  "timestamp": 1763841368.189517
}
INFO:__main__:Sending to raw_ingestion: {
  "source_type": "deep_web",
  "dataset": "Collection #1",
  "raw_data": {
    "email": "alice.j@company.net",
    "password_hash": "sha1:-1313697987181538005",
    "ip_address": "192.168.1.169"
  },
  "timestamp": 1763841368.1898391
}
INFO:__main__:Sending to raw_ingestion: {
  "source_type": "surface_web",
  "url": "https://linkedin.com/bobwilliams26",
  "raw_data": {
    "name": "Bob Williams",
    "username": "bobwilliams26",
    "bio": "Just a random bio for testing.",
    "location": "San Francisco, CA"
  },
  "timestamp": 1763841371.1900957
}
INFO:__main__:Sending to raw_ingestion: {
  "source_type": "deep_web",
  "dataset": "Collection #1",
  "raw_data": {
    "email": "alice.j@company.net",
    "password_hash": "sha1:8120644356238098502",
    "ip_address": "192.168.1.87"
  },
  "timestamp": 1763841371.1903923
}
INFO:__main__:Sending to raw_ingestion: {
  "source_type": "surface_web",
  "url": "https://tiktok.com/michaelchen62",
  "raw_data": {
    "name": "Michael Chen",
    "username": "michaelchen62",
    "bio": "Just a random bio for testing.",
    "location": "San Francisco, CA"
  },
  "timestamp": 1763841374.190593
}
INFO:__main__:Sending to raw_ingestion: {
  "source_type": "deep_web",
  "dataset": "Collection #1",
  "raw_data": {
    "email": "alice.j@company.net",
    "password_hash": "sha1:-1308381311638537490",
    "ip_address": "192.168.1.191"
  },
  "timestamp": 1763841374.1910756
}
INFO:__main__:Sending to raw_ingestion: {
  "source_type": "surface_web",
  "url": "https://linkedin.com/johndoe95",
  "raw_data": {
    "name": "John Doe",
    "username": "johndoe95",
    "bio": "Just a random bio for testing.",
    "location": "San Francisco, CA"
  },
  "timestamp": 1763841377.1912365
}
INFO:__main__:Sending to raw_ingestion: {
  "source_type": "deep_web",
  "dataset": "Collection #1",
  "raw_data": {
    "email": "bob.w@provider.com",
    "password_hash": "sha1:8120644356238098502",
    "ip_address": "192.168.1.238"
  },
  "timestamp": 1763841377.1913452
}
INFO:__main__:Sending to raw_ingestion: {
  "source_type": "surface_web",
  "url": "https://linkedin.com/johndoe31",
  "raw_data": {
    "name": "John Doe",
    "username": "johndoe31",
    "bio": "Just a random bio for testing.",
    "location": "San Francisco, CA"
  },
  "timestamp": 1763841380.191559
}
INFO:__main__:Sending to raw_ingestion: {
  "source_type": "deep_web",
  "dataset": "Collection #1",
  "raw_data": {
    "email": "bob.w@provider.com",
    "password_hash": "sha1:8120644356238098502",
    "ip_address": "192.168.1.64"
  },
  "timestamp": 1763841380.191907
}
INFO:__main__:Sending to raw_ingestion: {
  "source_type": "surface_web",
  "url": "https://instagram.com/michaelchen10",
  "raw_data": {
    "name": "Michael Chen",
    "username": "michaelchen10",
    "bio": "Just a random bio for testing.",
    "location": "San Francisco, CA"
  },
  "timestamp": 1763841383.192081
}
INFO:__main__:Sending to raw_ingestion: {
  "source_type": "deep_web",
  "dataset": "Collection #1",
  "raw_data": {
    "email": "jdoe@example.com",
    "password_hash": "sha1:-1308381311638537490",
    "ip_address": "192.168.1.111"
  },
  "timestamp": 1763841383.1922085
}
INFO:__main__:Sending to raw_ingestion: {
  "source_type": "surface_web",
  "url": "https://tiktok.com/evabrown53",
  "raw_data": {
    "name": "Eva Brown",
    "username": "evabrown53",
    "bio": "Just a random bio for testing.",
    "location": "San Francisco, CA"
  },
  "timestamp": 1763841386.1923876
}
INFO:__main__:Sending to raw_ingestion: {
  "source_type": "deep_web",
  "dataset": "Collection #1",
  "raw_data": {
    "email": "bob.w@provider.com",
    "password_hash": "sha1:2228771069017853011",
    "ip_address": "192.168.1.189"
  },
  "timestamp": 1763841386.1926026
}
INFO:__main__:Sending to raw_ingestion: {
  "source_type": "surface_web",
  "url": "https://tiktok.com/michaelchen53",
  "raw_data": {
    "name": "Michael Chen",
    "username": "michaelchen53",
    "bio": "Just a random bio for testing.",
    "location": "San Francisco, CA"
  },
  "timestamp": 1763841389.1927612
}
INFO:__main__:Sending to raw_ingestion: {
  "source_type": "deep_web",
  "dataset": "Collection #1",
  "raw_data": {
    "email": "jane.s@test.org",
    "password_hash": "sha1:7979406520771713434",
    "ip_address": "192.168.1.125"
  },
  "timestamp": 1763841389.1929176
}
INFO:__main__:Sending to raw_ingestion: {
  "source_type": "surface_web",
  "url": "https://instagram.com/alicejohnson23",
  "raw_data": {
    "name": "Alice Johnson",
    "username": "alicejohnson23",
    "bio": "Just a random bio for testing.",
    "location": "San Francisco, CA"
  },
  "timestamp": 1763841392.1931431
}
INFO:__main__:Sending to raw_ingestion: {
  "source_type": "deep_web",
  "dataset": "Collection #1",
  "raw_data": {
    "email": "jdoe@example.com",
    "password_hash": "sha1:-1313697987181538005",
    "ip_address": "192.168.1.23"
  },
  "timestamp": 1763841392.193479
}
INFO:__main__:Sending to raw_ingestion: {
  "source_type": "surface_web",
  "url": "https://tiktok.com/johndoe14",
  "raw_data": {
    "name": "John Doe",
    "username": "johndoe14",
    "bio": "Just a random bio for testing.",
    "location": "San Francisco, CA"
  },
  "timestamp": 1763841395.1936407
}
INFO:__main__:Sending to raw_ingestion: {
  "source_type": "deep_web",
  "dataset": "Collection #1",
  "raw_data": {
    "email": "alice.j@company.net",
    "password_hash": "sha1:-1313697987181538005",
    "ip_address": "192.168.1.83"
  },
  "timestamp": 1763841395.1937654
}
INFO:__main__:Sending to raw_ingestion: {
  "source_type": "surface_web",
  "url": "https://instagram.com/janesmith99",
  "raw_data": {
    "name": "Jane Smith",
    "username": "janesmith99",
    "bio": "Just a random bio for testing.",
    "location": "San Francisco, CA"
  },
  "timestamp": 1763841398.1941164
}
INFO:__main__:Sending to raw_ingestion: {
  "source_type": "deep_web",
  "dataset": "Collection #1",
  "raw_data": {
    "email": "jane.s@test.org",
    "password_hash": "sha1:-1313697987181538005",
    "ip_address": "192.168.1.56"
  },
  "timestamp": 1763841398.1942828
}
INFO:__main__:Sending to raw_ingestion: {
  "source_type": "surface_web",
  "url": "https://twitter.com/johndoe80",
  "raw_data": {
    "name": "John Doe",
    "username": "johndoe80",
    "bio": "Just a random bio for testing.",
    "location": "San Francisco, CA"
  },
  "timestamp": 1763841401.1944559
}
INFO:__main__:Sending to raw_ingestion: {
  "source_type": "deep_web",
  "dataset": "Collection #1",
  "raw_data": {
    "email": "jane.s@test.org",
    "password_hash": "sha1:8120644356238098502",
    "ip_address": "192.168.1.131"
  },
  "timestamp": 1763841401.1946442
}
INFO:__main__:Sending to raw_ingestion: {
  "source_type": "surface_web",
  "url": "https://linkedin.com/johndoe35",
  "raw_data": {
    "name": "John Doe",
    "username": "johndoe35",
    "bio": "Just a random bio for testing.",
    "location": "San Francisco, CA"
  },
  "timestamp": 1763841404.1949565
}
INFO:__main__:Sending to raw_ingestion: {
  "source_type": "deep_web",
  "dataset": "Collection #1",
  "raw_data": {
    "email": "alice.j@company.net",
    "password_hash": "sha1:-1313697987181538005",
    "ip_address": "192.168.1.187"
  },
  "timestamp": 1763841404.1951272
}
INFO:__main__:Sending to raw_ingestion: {
  "source_type": "surface_web",
  "url": "https://twitter.com/alicejohnson59",
  "raw_data": {
    "name": "Alice Johnson",
    "username": "alicejohnson59",
    "bio": "Just a random bio for testing.",
    "location": "San Francisco, CA"
  },
  "timestamp": 1763841407.1954823
}
INFO:__main__:Sending to raw_ingestion: {
  "source_type": "deep_web",
  "dataset": "Collection #1",
  "raw_data": {
    "email": "jane.s@test.org",
    "password_hash": "sha1:7979406520771713434",
    "ip_address": "192.168.1.71"
  },
  "timestamp": 1763841407.1956813
}
INFO:__main__:Sending to raw_ingestion: {
  "source_type": "surface_web",
  "url": "https://linkedin.com/johndoe4",
  "raw_data": {
    "name": "John Doe",
    "username": "johndoe4",
    "bio": "Just a random bio for testing.",
    "location": "San Francisco, CA"
  },
  "timestamp": 1763841410.195976
}
INFO:__main__:Sending to raw_ingestion: {
  "source_type": "deep_web",
  "dataset": "Collection #1",
  "raw_data": {
    "email": "jdoe@example.com",
    "password_hash": "sha1:-1313697987181538005",
    "ip_address": "192.168.1.98"
  },
  "timestamp": 1763841410.1963482
}
INFO:__main__:Sending to raw_ingestion: {
  "source_type": "surface_web",
  "url": "https://twitter.com/evabrown67",
  "raw_data": {
    "name": "Eva Brown",
    "username": "evabrown67",
    "bio": "Just a random bio for testing.",
    "location": "San Francisco, CA"
  },
  "timestamp": 1763841413.1966705
}
INFO:__main__:Sending to raw_ingestion: {
  "source_type": "deep_web",
  "dataset": "Collection #1",
  "raw_data": {
    "email": "bob.w@provider.com",
    "password_hash": "sha1:7979406520771713434",
    "ip_address": "192.168.1.201"
  },
  "timestamp": 1763841413.1969657
}

}
INFO:__main__:Sending to raw_ingestion: {
  "source_type": "deep_web",
  "dataset": "Collection #1",
  "raw_data": {
    "email": "jane.s@test.org",
    "password_hash": "sha1:748551823836135585",
    "ip_address": "192.168.1.92"
  },
  "timestamp": 1763840383.5462365
}
INFO:__main__:Sending to raw_ingestion: {
  "source_type": "surface_web",
  "url": "https://twitter.com/janesmith59",
  "raw_data": {
    "name": "Jane Smith",
    "username": "janesmith59",
    "bio": "Just a random bio for testing.",
    "location": "San Francisco, CA"
  },
  "timestamp": 1763840386.5464013
}
INFO:__main__:Sending to raw_ingestion: {
  "source_type": "deep_web",
  "dataset": "Collection #1",
  "raw_data": {
    "email": "jdoe@example.com",
    "password_hash": "sha1:8171311151582472029",
    "ip_address": "192.168.1.25"
  },
  "timestamp": 1763840386.546491
}
INFO:__main__:Sending to raw_ingestion: {
  "source_type": "surface_web",
  "url": "https://tiktok.com/johndoe27",
  "raw_data": {
    "name": "John Doe",
    "username": "johndoe27",
    "bio": "Just a random bio for testing.",
    "location": "San Francisco, CA"
  },
  "timestamp": 1763840389.5466886
}
INFO:__main__:Sending to raw_ingestion: {
  "source_type": "deep_web",
  "dataset": "Collection #1",
  "raw_data": {
    "email": "jane.s@test.org",
    "password_hash": "sha1:748551823836135585",
    "ip_address": "192.168.1.4"
  },
  "timestamp": 1763840389.5467775
}
INFO:__main__:Sending to raw_ingestion: {
  "source_type": "surface_web",
  "url": "https://instagram.com/bobwilliams55",
  "raw_data": {
    "name": "Bob Williams",
    "username": "bobwilliams55",
    "bio": "Just a random bio for testing.",
    "location": "San Francisco, CA"
  },
  "timestamp": 1763840392.5469422
}
INFO:__main__:Sending to raw_ingestion: {
  "source_type": "deep_web",
  "dataset": "Collection #1",
  "raw_data": {
    "email": "jdoe@example.com",
    "password_hash": "sha1:748551823836135585",
    "ip_address": "192.168.1.221"
  },
  "timestamp": 1763840392.54703
}
INFO:__main__:Sending to raw_ingestion: {
  "source_type": "surface_web",
  "url": "https://tiktok.com/michaelchen59",
  "raw_data": {
    "name": "Michael Chen",
    "username": "michaelchen59",
    "bio": "Just a random bio for testing.",
    "location": "San Francisco, CA"
  },
  "timestamp": 1763840395.5471659
}
INFO:__main__:Sending to raw_ingestion: {
  "source_type": "deep_web",
  "dataset": "Collection #1",
  "raw_data": {
    "email": "bob.w@provider.com",
    "password_hash": "sha1:-3878657371579424872",
    "ip_address": "192.168.1.252"
  },
  "timestamp": 1763840395.547254
}
INFO:__main__:Sending to raw_ingestion: {
  "source_type": "surface_web",
  "url": "https://twitter.com/alicejohnson15",
  "raw_data": {
    "name": "Alice Johnson",
    "username": "alicejohnson15",
    "bio": "Just a random bio for testing.",
    "location": "San Francisco, CA"
  },
  "timestamp": 1763840398.5473902
}
INFO:__main__:Sending to raw_ingestion: {
  "source_type": "deep_web",
  "dataset": "Collection #1",
  "raw_data": {
    "email": "alice.j@company.net",
    "password_hash": "sha1:8171311151582472029",
    "ip_address": "192.168.1.186"
  },
  "timestamp": 1763840398.547478
}
INFO:__main__:Sending to raw_ingestion: {
  "source_type": "surface_web",
  "url": "https://tiktok.com/michaelchen70",
  "raw_data": {
    "name": "Michael Chen",
    "username": "michaelchen70",
    "bio": "Just a random bio for testing.",
    "location": "San Francisco, CA"
  },
  "timestamp": 1763840401.5476563
}
INFO:__main__:Sending to raw_ingestion: {
  "source_type": "deep_web",
  "dataset": "Collection #1",
  "raw_data": {
    "email": "jane.s@test.org",
    "password_hash": "sha1:8864745499395637033",
    "ip_address": "192.168.1.189"
  },
  "timestamp": 1763840401.5477445
}
INFO:__main__:Sending to raw_ingestion: {
  "source_type": "surface_web",
  "url": "https://tiktok.com/evabrown73",
  "raw_data": {
    "name": "Eva Brown",
    "username": "evabrown73",
    "bio": "Just a random bio for testing.",
    "location": "San Francisco, CA"
  },
  "timestamp": 1763840404.5479007
}
INFO:__main__:Sending to raw_ingestion: {
  "source_type": "deep_web",
  "dataset": "Collection #1",
  "raw_data": {
    "email": "jane.s@test.org",
    "password_hash": "sha1:8171311151582472029",
    "ip_address": "192.168.1.198"
  },
  "timestamp": 1763840404.5479882
}
INFO:__main__:Sending to raw_ingestion: {
  "source_type": "surface_web",
  "url": "https://instagram.com/michaelchen60",
  "raw_data": {
    "name": "Michael Chen",
    "username": "michaelchen60",
    "bio": "Just a random bio for testing.",
    "location": "San Francisco, CA"
  },
  "timestamp": 1763840407.5481474
}
INFO:__main__:Sending to raw_ingestion: {
  "source_type": "deep_web",
  "dataset": "Collection #1",
  "raw_data": {
    "email": "bob.w@provider.com",
    "password_hash": "sha1:-2584735401838496499",
    "ip_address": "192.168.1.169"
  },
  "timestamp": 1763840407.5482347
}
INFO:__main__:Sending to raw_ingestion: {
  "source_type": "surface_web",
  "url": "https://instagram.com/evabrown11",
  "raw_data": {
    "name": "Eva Brown",
    "username": "evabrown11",
    "bio": "Just a random bio for testing.",
    "location": "San Francisco, CA"
  },
  "timestamp": 1763840410.5483804
}
INFO:__main__:Sending to raw_ingestion: {
  "source_type": "deep_web",
  "dataset": "Collection #1",
  "raw_data": {
    "email": "alice.j@company.net",
    "password_hash": "sha1:-3878657371579424872",
    "ip_address": "192.168.1.90"
  },
  "timestamp": 1763840410.548468
}
INFO:__main__:Sending to raw_ingestion: {
  "source_type": "surface_web",
  "url": "https://instagram.com/michaelchen91",
  "raw_data": {
    "name": "Michael Chen",
    "username": "michaelchen91",
    "bio": "Just a random bio for testing.",
    "location": "San Francisco, CA"
  },
  "timestamp": 1763840413.5486457
}
INFO:__main__:Sending to raw_ingestion: {
  "source_type": "deep_web",
  "dataset": "Collection #1",
  "raw_data": {
    "email": "bob.w@provider.com",
    "password_hash": "sha1:748551823836135585",
    "ip_address": "192.168.1.247"
  },
  "timestamp": 1763840413.5488002
}
INFO:__main__:Sending to raw_ingestion: {
  "source_type": "surface_web",
  "url": "https://twitter.com/bobwilliams27",
  "raw_data": {
    "name": "Bob Williams",
    "username": "bobwilliams27",
    "bio": "Just a random bio for testing.",
    "location": "San Francisco, CA"
  },
  "timestamp": 1763840416.5489416
}
INFO:__main__:Sending to raw_ingestion: {
  "source_type": "deep_web",
  "dataset": "Collection #1",
  "raw_data": {
    "email": "bob.w@provider.com",
    "password_hash": "sha1:-3878657371579424872",
    "ip_address": "192.168.1.91"
  },
  "timestamp": 1763840416.5490305
}
INFO:__main__:Sending to raw_ingestion: {
  "source_type": "surface_web",
  "url": "https://tiktok.com/bobwilliams15",
  "raw_data": {
    "name": "Bob Williams",
    "username": "bobwilliams15",
    "bio": "Just a random bio for testing.",
    "location": "San Francisco, CA"
  },
  "timestamp": 1763840419.5492196
}
INFO:__main__:Sending to raw_ingestion: {
  "source_type": "deep_web",
  "dataset": "Collection #1",
  "raw_data": {
    "email": "jdoe@example.com",
    "password_hash": "sha1:748551823836135585",
    "ip_address": "192.168.1.231"
  },
  "timestamp": 1763840419.5493093
}
INFO:__main__:Sending to raw_ingestion: {
  "source_type": "surface_web",
  "url": "https://twitter.com/janesmith1",
  "raw_data": {
    "name": "Jane Smith",
    "username": "janesmith1",
    "bio": "Just a random bio for testing.",
    "location": "San Francisco, CA"
  },
  "timestamp": 1763840422.5494523
}
INFO:__main__:Sending to raw_ingestion: {
  "source_type": "deep_web",
  "dataset": "Collection #1",
  "raw_data": {
    "email": "jane.s@test.org",
    "password_hash": "sha1:748551823836135585",
    "ip_address": "192.168.1.15"
  },
  "timestamp": 1763840422.5495605
}
INFO:__main__:Sending to raw_ingestion: {
  "source_type": "surface_web",
  "url": "https://linkedin.com/bobwilliams41",
  "raw_data": {
    "name": "Bob Williams",
    "username": "bobwilliams41",
    "bio": "Just a random bio for testing.",
    "location": "San Francisco, CA"
  },
  "timestamp": 1763840425.5497427
}
INFO:__main__:Sending to raw_ingestion: {
  "source_type": "deep_web",
  "dataset": "Collection #1",
  "raw_data": {
    "email": "jane.s@test.org",
    "password_hash": "sha1:8171311151582472029",
    "ip_address": "192.168.1.240"
  },
  "timestamp": 1763840425.5498333
}
INFO:__main__:Sending to raw_ingestion: {
  "source_type": "surface_web",
  "url": "https://linkedin.com/bobwilliams80",
  "raw_data": {
    "name": "Bob Williams",
    "username": "bobwilliams80",
    "bio": "Just a random bio for testing.",
    "location": "San Francisco, CA"
  },
  "timestamp": 1763840428.5499876
}
INFO:__main__:Sending to raw_ingestion: {
  "source_type": "deep_web",
  "dataset": "Collection #1",
  "raw_data": {
    "email": "bob.w@provider.com",
    "password_hash": "sha1:-2584735401838496499",
    "ip_address": "192.168.1.161"
  },
  "timestamp": 1763840428.5500746
}
INFO:__main__:Sending to raw_ingestion: {
  "source_type": "surface_web",
  "url": "https://twitter.com/janesmith12",
  "raw_data": {
    "name": "Jane Smith",
    "username": "janesmith12",
    "bio": "Just a random bio for testing.",
    "location": "San Francisco, CA"
  },
  "timestamp": 1763840431.5502326
}
INFO:__main__:Sending to raw_ingestion: {
  "source_type": "deep_web",
  "dataset": "Collection #1",
  "raw_data": {
    "email": "jane.s@test.org",
    "password_hash": "sha1:8864745499395637033",
    "ip_address": "192.168.1.241"
  },
  "timestamp": 1763840431.5503204
}
INFO:__main__:Sending to raw_ingestion: {
  "source_type": "surface_web",
  "url": "https://linkedin.com/alicejohnson8",
  "raw_data": {
    "name": "Alice Johnson",
    "username": "alicejohnson8",
    "bio": "Just a random bio for testing.",
    "location": "San Francisco, CA"
  },
  "timestamp": 1763840434.5504873
}
INFO:__main__:Sending to raw_ingestion: {
  "source_type": "deep_web",
  "dataset": "Collection #1",
  "raw_data": {
    "email": "jane.s@test.org",
    "password_hash": "sha1:748551823836135585",
    "ip_address": "192.168.1.181"
  },
  "timestamp": 1763840434.550577
}
INFO:__main__:Sending to raw_ingestion: {
  "source_type": "surface_web",
  "url": "https://twitter.com/johndoe58",
  "raw_data": {
    "name": "John Doe",
    "username": "johndoe58",
    "bio": "Just a random bio for testing.",
    "location": "San Francisco, CA"
  },
  "timestamp": 1763840437.5507307
}
INFO:__main__:Sending to raw_ingestion: {
  "source_type": "deep_web",
  "dataset": "Collection #1",
  "raw_data": {
    "email": "alice.j@company.net",
    "password_hash": "sha1:-3878657371579424872",
    "ip_address": "192.168.1.164"
  },
  "timestamp": 1763840437.5508313
}
INFO:__main__:Sending to raw_ingestion: {
  "source_type": "surface_web",
  "url": "https://twitter.com/bobwilliams51",
  "raw_data": {
    "name": "Bob Williams",
    "username": "bobwilliams51",
    "bio": "Just a random bio for testing.",
    "location": "San Francisco, CA"
  },
  "timestamp": 1763840440.5509744
}
INFO:__main__:Sending to raw_ingestion: {
  "source_type": "deep_web",
  "dataset": "Collection #1",
  "raw_data": {
    "email": "jane.s@test.org",
    "password_hash": "sha1:8171311151582472029",
    "ip_address": "192.168.1.177"
  },
  "timestamp": 1763840440.551062
}
INFO:__main__:Sending to raw_ingestion: {
  "source_type": "surface_web",
  "url": "https://tiktok.com/johndoe76",
  "raw_data": {
    "name": "John Doe",
    "username": "johndoe76",
    "bio": "Just a random bio for testing.",
    "location": "San Francisco, CA"
  },
  "timestamp": 1763840443.5512314
}
INFO:__main__:Sending to raw_ingestion: {
  "source_type": "deep_web",
  "dataset": "Collection #1",
  "raw_data": {
    "email": "bob.w@provider.com",
    "password_hash": "sha1:-3878657371579424872",
    "ip_address": "192.168.1.14"
  },
  "timestamp": 1763840443.551319
}
INFO:__main__:Sending to raw_ingestion: {
  "source_type": "surface_web",
  "url": "https://instagram.com/michaelchen60",
  "raw_data": {
    "name": "Michael Chen",
    "username": "michaelchen60",
    "bio": "Just a random bio for testing.",
    "location": "San Francisco, CA"
  },
  "timestamp": 1763840446.5514958
}
INFO:__main__:Sending to raw_ingestion: {
  "source_type": "deep_web",
  "dataset": "Collection #1",
  "raw_data": {
    "email": "alice.j@company.net",
    "password_hash": "sha1:-2584735401838496499",
    "ip_address": "192.168.1.234"
  },
  "timestamp": 1763840446.5515885
}
INFO:__main__:Sending to raw_ingestion: {
  "source_type": "surface_web",
  "url": "https://instagram.com/michaelchen26",
  "raw_data": {
    "name": "Michael Chen",
    "username": "michaelchen26",
    "bio": "Just a random bio for testing.",
    "location": "San Francisco, CA"
  },
  "timestamp": 1763840449.551731
}
INFO:__main__:Sending to raw_ingestion: {
  "source_type": "deep_web",
  "dataset": "Collection #1",
  "raw_data": {
    "email": "jdoe@example.com",
    "password_hash": "sha1:748551823836135585",
    "ip_address": "192.168.1.84"
  },
  "timestamp": 1763840449.5518856
}
INFO:__main__:Sending to raw_ingestion: {
  "source_type": "surface_web",
  "url": "https://linkedin.com/alicejohnson14",
  "raw_data": {
    "name": "Alice Johnson",
    "username": "alicejohnson14",
    "bio": "Just a random bio for testing.",
    "location": "San Francisco, CA"
  },
  "timestamp": 1763840452.5520282
}
INFO:__main__:Sending to raw_ingestion: {
  "source_type": "deep_web",
  "dataset": "Collection #1",
  "raw_data": {
    "email": "alice.j@company.net",
    "password_hash": "sha1:-3878657371579424872",
    "ip_address": "192.168.1.190"
  },
  "timestamp": 1763840452.5521162
}
INFO:__main__:Sending to raw_ingestion: {
  "source_type": "surface_web",
  "url": "https://tiktok.com/alicejohnson46",
  "raw_data": {
    "name": "Alice Johnson",
    "username": "alicejohnson46",
    "bio": "Just a random bio for testing.",
    "location": "San Francisco, CA"
  },
  "timestamp": 1763840455.5522635
}
INFO:__main__:Sending to raw_ingestion: {
  "source_type": "deep_web",
  "dataset": "Collection #1",
  "raw_data": {
    "email": "bob.w@provider.com",
    "password_hash": "sha1:8864745499395637033",
    "ip_address": "192.168.1.250"
  },
  "timestamp": 1763840455.552351
}
INFO:__main__:Sending to raw_ingestion: {
  "source_type": "surface_web",
  "url": "https://twitter.com/alicejohnson78",
  "raw_data": {
    "name": "Alice Johnson",
    "username": "alicejohnson78",
    "bio": "Just a random bio for testing.",
    "location": "San Francisco, CA"
  },
  "timestamp": 1763840458.5524874
}
INFO:__main__:Sending to raw_ingestion: {
  "source_type": "deep_web",
  "dataset": "Collection #1",
  "raw_data": {
    "email": "alice.j@company.net",
    "password_hash": "sha1:748551823836135585",
    "ip_address": "192.168.1.109"
  },
  "timestamp": 1763840458.5525753
}
INFO:__main__:Sending to raw_ingestion: {
  "source_type": "surface_web",
  "url": "https://tiktok.com/evabrown73",
  "raw_data": {
    "name": "Eva Brown",
    "username": "evabrown73",
    "bio": "Just a random bio for testing.",
    "location": "San Francisco, CA"
  },
  "timestamp": 1763840461.5527124
}
INFO:__main__:Sending to raw_ingestion: {
  "source_type": "deep_web",
  "dataset": "Collection #1",
  "raw_data": {
    "email": "jdoe@example.com",
    "password_hash": "sha1:748551823836135585",
    "ip_address": "192.168.1.224"
  },
  "timestamp": 1763840461.5528002
}
INFO:__main__:Sending to raw_ingestion: {
  "source_type": "surface_web",
  "url": "https://twitter.com/michaelchen27",
  "raw_data": {
    "name": "Michael Chen",
    "username": "michaelchen27",
    "bio": "Just a random bio for testing.",
    "location": "San Francisco, CA"
  },
  "timestamp": 1763840464.5529404
}
INFO:__main__:Sending to raw_ingestion: {
  "source_type": "deep_web",
  "dataset": "Collection #1",
  "raw_data": {
    "email": "jane.s@test.org",
    "password_hash": "sha1:-2584735401838496499",
    "ip_address": "192.168.1.144"
  },
  "timestamp": 1763840464.5530381
}
INFO:__main__:Sending to raw_ingestion: {
  "source_type": "surface_web",
  "url": "https://linkedin.com/michaelchen14",
  "raw_data": {
    "name": "Michael Chen",
    "username": "michaelchen14",
    "bio": "Just a random bio for testing.",
    "location": "San Francisco, CA"
  },
  "timestamp": 1763840467.5532053
}
INFO:__main__:Sending to raw_ingestion: {
  "source_type": "deep_web",
  "dataset": "Collection #1",
  "raw_data": {
    "email": "jane.s@test.org",
    "password_hash": "sha1:748551823836135585",
    "ip_address": "192.168.1.187"
  },
  "timestamp": 1763840467.5532937
}
INFO:__main__:Sending to raw_ingestion: {
  "source_type": "surface_web",
  "url": "https://instagram.com/janesmith61",
  "raw_data": {
    "name": "Jane Smith",
    "username": "janesmith61",
    "bio": "Just a random bio for testing.",
    "location": "San Francisco, CA"
  },
  "timestamp": 1763840470.5534394
}
INFO:__main__:Sending to raw_ingestion: {
  "source_type": "deep_web",
  "dataset": "Collection #1",
  "raw_data": {
    "email": "bob.w@provider.com",
    "password_hash": "sha1:-3878657371579424872",
    "ip_address": "192.168.1.184"
  },
  "timestamp": 1763840470.5535278
}
INFO:__main__:Sending to raw_ingestion: {
  "source_type": "surface_web",
  "url": "https://instagram.com/michaelchen2",
  "raw_data": {
    "name": "Michael Chen",
    "username": "michaelchen2",
    "bio": "Just a random bio for testing.",
    "location": "San Francisco, CA"
  },
  "timestamp": 1763840473.5536597
}
INFO:__main__:Sending to raw_ingestion: {
  "source_type": "deep_web",
  "dataset": "Collection #1",
  "raw_data": {
    "email": "alice.j@company.net",
    "password_hash": "sha1:8864745499395637033",
    "ip_address": "192.168.1.52"
  },
  "timestamp": 1763840473.553747
}
INFO:__main__:Sending to raw_ingestion: {
  "source_type": "surface_web",
  "url": "https://instagram.com/bobwilliams53",
  "raw_data": {
    "name": "Bob Williams",
    "username": "bobwilliams53",
    "bio": "Just a random bio for testing.",
    "location": "San Francisco, CA"
  },
  "timestamp": 1763840476.5538905
}
INFO:__main__:Sending to raw_ingestion: {
  "source_type": "deep_web",
  "dataset": "Collection #1",
  "raw_data": {
    "email": "alice.j@company.net",
    "password_hash": "sha1:-2584735401838496499",
    "ip_address": "192.168.1.13"
  },
  "timestamp": 1763840476.5539775
}
INFO:__main__:Sending to raw_ingestion: {
  "source_type": "surface_web",
  "url": "https://instagram.com/janesmith48",
  "raw_data": {
    "name": "Jane Smith",
    "username": "janesmith48",
    "bio": "Just a random bio for testing.",
    "location": "San Francisco, CA"
  },
  "timestamp": 1763840479.554115
}
INFO:__main__:Sending to raw_ingestion: {
  "source_type": "deep_web",
  "dataset": "Collection #1",
  "raw_data": {
    "email": "alice.j@company.net",
    "password_hash": "sha1:748551823836135585",
    "ip_address": "192.168.1.107"
  },
  "timestamp": 1763840479.5542037
}
INFO:__main__:Sending to raw_ingestion: {
  "source_type": "surface_web",
  "url": "https://linkedin.com/evabrown49",
  "raw_data": {
    "name": "Eva Brown",
    "username": "evabrown49",
    "bio": "Just a random bio for testing.",
    "location": "San Francisco, CA"
  },
  "timestamp": 1763840482.5543404
}
INFO:__main__:Sending to raw_ingestion: {
  "source_type": "deep_web",
  "dataset": "Collection #1",
  "raw_data": {
    "email": "bob.w@provider.com",
    "password_hash": "sha1:-2584735401838496499",
    "ip_address": "192.168.1.72"
  },
  "timestamp": 1763840482.55445
}
INFO:__main__:Sending to raw_ingestion: {
  "source_type": "surface_web",
  "url": "https://twitter.com/alicejohnson48",
  "raw_data": {
    "name": "Alice Johnson",
    "username": "alicejohnson48",
    "bio": "Just a random bio for testing.",
    "location": "San Francisco, CA"
  },
  "timestamp": 1763840485.554596
}
INFO:__main__:Sending to raw_ingestion: {
  "source_type": "deep_web",
  "dataset": "Collection #1",
  "raw_data": {
    "email": "bob.w@provider.com",
    "password_hash": "sha1:-2584735401838496499",
    "ip_address": "192.168.1.101"
  },
  "timestamp": 1763840485.5547504
}
INFO:__main__:Sending to raw_ingestion: {
  "source_type": "surface_web",
  "url": "https://twitter.com/michaelchen35",
  "raw_data": {
    "name": "Michael Chen",
    "username": "michaelchen35",
    "bio": "Just a random bio for testing.",
    "location": "San Francisco, CA"
  },
  "timestamp": 1763840488.5549138
}
INFO:__main__:Sending to raw_ingestion: {
  "source_type": "deep_web",
  "dataset": "Collection #1",
  "raw_data": {
    "email": "alice.j@company.net",
    "password_hash": "sha1:8864745499395637033",
    "ip_address": "192.168.1.101"
  },
  "timestamp": 1763840488.5550003
}
INFO:__main__:Sending to raw_ingestion: {
  "source_type": "surface_web",
  "url": "https://linkedin.com/evabrown68",
  "raw_data": {
    "name": "Eva Brown",
    "username": "evabrown68",
    "bio": "Just a random bio for testing.",
    "location": "San Francisco, CA"
  },
  "timestamp": 1763840491.555141
}
INFO:__main__:Sending to raw_ingestion: {
  "source_type": "deep_web",
  "dataset": "Collection #1",
  "raw_data": {
    "email": "alice.j@company.net",
    "password_hash": "sha1:8171311151582472029",
    "ip_address": "192.168.1.45"
  },
  "timestamp": 1763840491.5552278
}
INFO:__main__:Sending to raw_ingestion: {
  "source_type": "surface_web",
  "url": "https://linkedin.com/alicejohnson52",
  "raw_data": {
    "name": "Alice Johnson",
    "username": "alicejohnson52",
    "bio": "Just a random bio for testing.",
    "location": "San Francisco, CA"
  },
  "timestamp": 1763840494.5553856
}
INFO:__main__:Sending to raw_ingestion: {
  "source_type": "deep_web",
  "dataset": "Collection #1",
  "raw_data": {
    "email": "jdoe@example.com",
    "password_hash": "sha1:-2584735401838496499",
    "ip_address": "192.168.1.30"
  },
  "timestamp": 1763840494.5554745
}
INFO:__main__:Sending to raw_ingestion: {
  "source_type": "surface_web",
  "url": "https://instagram.com/janesmith38",
  "raw_data": {
    "name": "Jane Smith",
    "username": "janesmith38",
    "bio": "Just a random bio for testing.",
    "location": "San Francisco, CA"
  },
  "timestamp": 1763840497.5556207
}
INFO:__main__:Sending to raw_ingestion: {
  "source_type": "deep_web",
  "dataset": "Collection #1",
  "raw_data": {
    "email": "jane.s@test.org",
    "password_hash": "sha1:8171311151582472029",
    "ip_address": "192.168.1.5"
  },
  "timestamp": 1763840497.5557072
}
INFO:__main__:Sending to raw_ingestion: {
  "source_type": "surface_web",
  "url": "https://instagram.com/janesmith17",
  "raw_data": {
    "name": "Jane Smith",
    "username": "janesmith17",
    "bio": "Just a random bio for testing.",
    "location": "San Francisco, CA"
  },
  "timestamp": 1763840500.5558474
}
INFO:__main__:Sending to raw_ingestion: {
  "source_type": "deep_web",
  "dataset": "Collection #1",
  "raw_data": {
    "email": "alice.j@company.net",
    "password_hash": "sha1:8864745499395637033",
    "ip_address": "192.168.1.49"
  },
  "timestamp": 1763840500.5559359
}
INFO:__main__:Sending to raw_ingestion: {
  "source_type": "surface_web",
  "url": "https://twitter.com/evabrown83",
  "raw_data": {
    "name": "Eva Brown",
    "username": "evabrown83",
    "bio": "Just a random bio for testing.",
    "location": "San Francisco, CA"
  },
  "timestamp": 1763840503.5560813
}
INFO:__main__:Sending to raw_ingestion: {
  "source_type": "deep_web",
  "dataset": "Collection #1",
  "raw_data": {
    "email": "alice.j@company.net",
    "password_hash": "sha1:748551823836135585",
    "ip_address": "192.168.1.42"
  },
  "timestamp": 1763840503.556169
}
INFO:__main__:Sending to raw_ingestion: {
  "source_type": "surface_web",
  "url": "https://twitter.com/alicejohnson43",
  "raw_data": {
    "name": "Alice Johnson",
    "username": "alicejohnson43",
    "bio": "Just a random bio for testing.",
    "location": "San Francisco, CA"
  },
  "timestamp": 1763840506.5563166
}
INFO:__main__:Sending to raw_ingestion: {
  "source_type": "deep_web",
  "dataset": "Collection #1",
  "raw_data": {
    "email": "jane.s@test.org",
    "password_hash": "sha1:748551823836135585",
    "ip_address": "192.168.1.183"
  },
  "timestamp": 1763840506.5564327
}
INFO:__main__:Sending to raw_ingestion: {
  "source_type": "surface_web",
  "url": "https://twitter.com/evabrown31",
  "raw_data": {
    "name": "Eva Brown",
    "username": "evabrown31",
    "bio": "Just a random bio for testing.",
    "location": "San Francisco, CA"
  },
  "timestamp": 1763840509.556573
}
INFO:__main__:Sending to raw_ingestion: {
  "source_type": "deep_web",
  "dataset": "Collection #1",
  "raw_data": {
    "email": "bob.w@provider.com",
    "password_hash": "sha1:8864745499395637033",
    "ip_address": "192.168.1.210"
  },
  "timestamp": 1763840509.5566626
}
INFO:__main__:Sending to raw_ingestion: {
  "source_type": "surface_web",
  "url": "https://instagram.com/evabrown82",
  "raw_data": {
    "name": "Eva Brown",
    "username": "evabrown82",
    "bio": "Just a random bio for testing.",
    "location": "San Francisco, CA"
  },
  "timestamp": 1763840512.556806
}
INFO:__main__:Sending to raw_ingestion: {
  "source_type": "deep_web",
  "dataset": "Collection #1",
  "raw_data": {
    "email": "bob.w@provider.com",
    "password_hash": "sha1:748551823836135585",
    "ip_address": "192.168.1.108"
  },
  "timestamp": 1763840512.5570598
}
INFO:__main__:Sending to raw_ingestion: {
  "source_type": "surface_web",
  "url": "https://linkedin.com/alicejohnson60",
  "raw_data": {
    "name": "Alice Johnson",
    "username": "alicejohnson60",
    "bio": "Just a random bio for testing.",
    "location": "San Francisco, CA"
  },
  "timestamp": 1763840515.55722
}
INFO:__main__:Sending to raw_ingestion: {
  "source_type": "deep_web",
  "dataset": "Collection #1",
  "raw_data": {
    "email": "bob.w@provider.com",
    "password_hash": "sha1:-3878657371579424872",
    "ip_address": "192.168.1.134"
  },
  "timestamp": 1763840515.5573258
}
INFO:__main__:Sending to raw_ingestion: {
  "source_type": "surface_web",
  "url": "https://tiktok.com/alicejohnson2",
  "raw_data": {
    "name": "Alice Johnson",
    "username": "alicejohnson2",
    "bio": "Just a random bio for testing.",
    "location": "San Francisco, CA"
  },
  "timestamp": 1763840518.5574658
}
INFO:__main__:Sending to raw_ingestion: {
  "source_type": "deep_web",
  "dataset": "Collection #1",
  "raw_data": {
    "email": "jdoe@example.com",
    "password_hash": "sha1:8171311151582472029",
    "ip_address": "192.168.1.44"
  },
  "timestamp": 1763840518.557563
}
INFO:__main__:Sending to raw_ingestion: {
  "source_type": "surface_web",
  "url": "https://linkedin.com/alicejohnson14",
  "raw_data": {
    "name": "Alice Johnson",
    "username": "alicejohnson14",
    "bio": "Just a random bio for testing.",
    "location": "San Francisco, CA"
  },
  "timestamp": 1763840521.5577123
}
INFO:__main__:Sending to raw_ingestion: {
  "source_type": "deep_web",
  "dataset": "Collection #1",
  "raw_data": {
    "email": "jane.s@test.org",
    "password_hash": "sha1:748551823836135585",
    "ip_address": "192.168.1.123"
  },
  "timestamp": 1763840521.5579133
}
INFO:__main__:Sending to raw_ingestion: {
  "source_type": "surface_web",
  "url": "https://instagram.com/evabrown87",
  "raw_data": {
    "name": "Eva Brown",
    "username": "evabrown87",
    "bio": "Just a random bio for testing.",
    "location": "San Francisco, CA"
  },
  "timestamp": 1763840524.5580583
}
INFO:__main__:Sending to raw_ingestion: {
  "source_type": "deep_web",
  "dataset": "Collection #1",
  "raw_data": {
    "email": "jdoe@example.com",
    "password_hash": "sha1:-2584735401838496499",
    "ip_address": "192.168.1.142"
  },
  "timestamp": 1763840524.558147
}
INFO:__main__:Sending to raw_ingestion: {
  "source_type": "surface_web",
  "url": "https://twitter.com/janesmith18",
  "raw_data": {
    "name": "Jane Smith",
    "username": "janesmith18",
    "bio": "Just a random bio for testing.",
    "location": "San Francisco, CA"
  },
  "timestamp": 1763840527.558344
}
INFO:__main__:Sending to raw_ingestion: {
  "source_type": "deep_web",
  "dataset": "Collection #1",
  "raw_data": {
    "email": "bob.w@provider.com",
    "password_hash": "sha1:8864745499395637033",
    "ip_address": "192.168.1.161"
  },
  "timestamp": 1763840527.5584478
}
INFO:__main__:Sending to raw_ingestion: {
  "source_type": "surface_web",
  "url": "https://tiktok.com/bobwilliams20",
  "raw_data": {
    "name": "Bob Williams",
    "username": "bobwilliams20",
    "bio": "Just a random bio for testing.",
    "location": "San Francisco, CA"
  },
  "timestamp": 1763840530.5585976
}
INFO:__main__:Sending to raw_ingestion: {
  "source_type": "deep_web",
  "dataset": "Collection #1",
  "raw_data": {
    "email": "alice.j@company.net",
    "password_hash": "sha1:8864745499395637033",
    "ip_address": "192.168.1.189"
  },
  "timestamp": 1763840530.558684
}
INFO:__main__:Sending to raw_ingestion: {
  "source_type": "surface_web",
  "url": "https://linkedin.com/alicejohnson10",
  "raw_data": {
    "name": "Alice Johnson",
    "username": "alicejohnson10",
    "bio": "Just a random bio for testing.",
    "location": "San Francisco, CA"
  },
  "timestamp": 1763840533.558833
}
INFO:__main__:Sending to raw_ingestion: {
  "source_type": "deep_web",
  "dataset": "Collection #1",
  "raw_data": {
    "email": "jdoe@example.com",
    "password_hash": "sha1:748551823836135585",
    "ip_address": "192.168.1.82"
  },
  "timestamp": 1763840533.558921
}
INFO:__main__:Sending to raw_ingestion: {
  "source_type": "surface_web",
  "url": "https://tiktok.com/evabrown22",
  "raw_data": {
    "name": "Eva Brown",
    "username": "evabrown22",
    "bio": "Just a random bio for testing.",
    "location": "San Francisco, CA"
  },
  "timestamp": 1763840536.5590727
}
INFO:__main__:Sending to raw_ingestion: {
  "source_type": "deep_web",
  "dataset": "Collection #1",
  "raw_data": {
    "email": "alice.j@company.net",
    "password_hash": "sha1:748551823836135585",
    "ip_address": "192.168.1.240"
  },
  "timestamp": 1763840536.5591722
}
INFO:__main__:Sending to raw_ingestion: {
  "source_type": "surface_web",
  "url": "https://twitter.com/bobwilliams1",
  "raw_data": {
    "name": "Bob Williams",
    "username": "bobwilliams1",
    "bio": "Just a random bio for testing.",
    "location": "San Francisco, CA"
  },
  "timestamp": 1763840539.5593288
}
INFO:__main__:Sending to raw_ingestion: {
  "source_type": "deep_web",
  "dataset": "Collection #1",
  "raw_data": {
    "email": "jane.s@test.org",
    "password_hash": "sha1:8864745499395637033",
    "ip_address": "192.168.1.56"
  },
  "timestamp": 1763840539.5594215
}
INFO:__main__:Sending to raw_ingestion: {
  "source_type": "surface_web",
  "url": "https://tiktok.com/johndoe50",
  "raw_data": {
    "name": "John Doe",
    "username": "johndoe50",
    "bio": "Just a random bio for testing.",
    "location": "San Francisco, CA"
  },
  "timestamp": 1763840542.5595748
}
INFO:__main__:Sending to raw_ingestion: {
  "source_type": "deep_web",
  "dataset": "Collection #1",
  "raw_data": {
    "email": "jdoe@example.com",
    "password_hash": "sha1:8171311151582472029",
    "ip_address": "192.168.1.23"
  },
  "timestamp": 1763840542.5596726
}
INFO:__main__:Sending to raw_ingestion: {
  "source_type": "surface_web",
  "url": "https://twitter.com/evabrown69",
  "raw_data": {
    "name": "Eva Brown",
    "username": "evabrown69",
    "bio": "Just a random bio for testing.",
    "location": "San Francisco, CA"
  },
  "timestamp": 1763840545.5598216
}
INFO:__main__:Sending to raw_ingestion: {
  "source_type": "deep_web",
  "dataset": "Collection #1",
  "raw_data": {
    "email": "jdoe@example.com",
    "password_hash": "sha1:8864745499395637033",
    "ip_address": "192.168.1.127"
  },
  "timestamp": 1763840545.5599213
}
INFO:__main__:Sending to raw_ingestion: {
  "source_type": "surface_web",
  "url": "https://linkedin.com/johndoe16",
  "raw_data": {
    "name": "John Doe",
    "username": "johndoe16",
    "bio": "Just a random bio for testing.",
    "location": "San Francisco, CA"
  },
  "timestamp": 1763840548.5600774
}
INFO:__main__:Sending to raw_ingestion: {
  "source_type": "deep_web",
  "dataset": "Collection #1",
  "raw_data": {
    "email": "jdoe@example.com",
    "password_hash": "sha1:8171311151582472029",
    "ip_address": "192.168.1.157"
  },
  "timestamp": 1763840548.5601902
}
INFO:__main__:Sending to raw_ingestion: {
  "source_type": "surface_web",
  "url": "https://tiktok.com/johndoe75",
  "raw_data": {
    "name": "John Doe",
    "username": "johndoe75",
    "bio": "Just a random bio for testing.",
    "location": "San Francisco, CA"
  },
  "timestamp": 1763840551.560354
}
INFO:__main__:Sending to raw_ingestion: {
  "source_type": "deep_web",
  "dataset": "Collection #1",
  "raw_data": {
    "email": "alice.j@company.net",
    "password_hash": "sha1:748551823836135585",
    "ip_address": "192.168.1.15"
  },
  "timestamp": 1763840551.5604508
}
INFO:__main__:Sending to raw_ingestion: {
  "source_type": "surface_web",
  "url": "https://twitter.com/johndoe93",
  "raw_data": {
    "name": "John Doe",
    "username": "johndoe93",
    "bio": "Just a random bio for testing.",
    "location": "San Francisco, CA"
  },
  "timestamp": 1763840554.5605986
}
INFO:__main__:Sending to raw_ingestion: {
  "source_type": "deep_web",
  "dataset": "Collection #1",
  "raw_data": {
    "email": "alice.j@company.net",
    "password_hash": "sha1:8864745499395637033",
    "ip_address": "192.168.1.25"
  },
  "timestamp": 1763840554.560694
}
INFO:__main__:Sending to raw_ingestion: {
  "source_type": "surface_web",
  "url": "https://instagram.com/johndoe95",
  "raw_data": {
    "name": "John Doe",
    "username": "johndoe95",
    "bio": "Just a random bio for testing.",
    "location": "San Francisco, CA"
  },
  "timestamp": 1763840557.5608456
}
INFO:__main__:Sending to raw_ingestion: {
  "source_type": "deep_web",
  "dataset": "Collection #1",
  "raw_data": {
    "email": "jane.s@test.org",
    "password_hash": "sha1:-2584735401838496499",
    "ip_address": "192.168.1.179"
  },
  "timestamp": 1763840557.5610201
}
INFO:__main__:Sending to raw_ingestion: {
  "source_type": "surface_web",
  "url": "https://twitter.com/evabrown96",
  "raw_data": {
    "name": "Eva Brown",
    "username": "evabrown96",
    "bio": "Just a random bio for testing.",
    "location": "San Francisco, CA"
  },
  "timestamp": 1763840560.5611718
}
INFO:__main__:Sending to raw_ingestion: {
  "source_type": "deep_web",
  "dataset": "Collection #1",
  "raw_data": {
    "email": "bob.w@provider.com",
    "password_hash": "sha1:-3878657371579424872",
    "ip_address": "192.168.1.75"
  },
  "timestamp": 1763840560.5612705
}
INFO:__main__:Sending to raw_ingestion: {
  "source_type": "surface_web",
  "url": "https://tiktok.com/michaelchen63",
  "raw_data": {
    "name": "Michael Chen",
    "username": "michaelchen63",
    "bio": "Just a random bio for testing.",
    "location": "San Francisco, CA"
  },
  "timestamp": 1763840563.5614226
}
INFO:__main__:Sending to raw_ingestion: {
  "source_type": "deep_web",
  "dataset": "Collection #1",
  "raw_data": {
    "email": "jane.s@test.org",
    "password_hash": "sha1:-3878657371579424872",
    "ip_address": "192.168.1.210"
  },
  "timestamp": 1763840563.5615225
}
INFO:__main__:Sending to raw_ingestion: {
  "source_type": "surface_web",
  "url": "https://twitter.com/alicejohnson99",
  "raw_data": {
    "name": "Alice Johnson",
    "username": "alicejohnson99",
    "bio": "Just a random bio for testing.",
    "location": "San Francisco, CA"
  },
  "timestamp": 1763840566.5616653
}
INFO:__main__:Sending to raw_ingestion: {
  "source_type": "deep_web",
  "dataset": "Collection #1",
  "raw_data": {
    "email": "bob.w@provider.com",
    "password_hash": "sha1:-2584735401838496499",
    "ip_address": "192.168.1.164"
  },
  "timestamp": 1763840566.5617561
}
INFO:__main__:Sending to raw_ingestion: {
  "source_type": "surface_web",
  "url": "https://tiktok.com/alicejohnson23",
  "raw_data": {
    "name": "Alice Johnson",
    "username": "alicejohnson23",
    "bio": "Just a random bio for testing.",
    "location": "San Francisco, CA"
  },
  "timestamp": 1763840569.561902
}
INFO:__main__:Sending to raw_ingestion: {
  "source_type": "deep_web",
  "dataset": "Collection #1",
  "raw_data": {
    "email": "jdoe@example.com",
    "password_hash": "sha1:-3878657371579424872",
    "ip_address": "192.168.1.4"
  },
  "timestamp": 1763840569.5620027
}
INFO:__main__:Sending to raw_ingestion: {
  "source_type": "surface_web",
  "url": "https://twitter.com/evabrown92",
  "raw_data": {
    "name": "Eva Brown",
    "username": "evabrown92",
    "bio": "Just a random bio for testing.",
    "location": "San Francisco, CA"
  },
  "timestamp": 1763840572.5621486
}
INFO:__main__:Sending to raw_ingestion: {
  "source_type": "deep_web",
  "dataset": "Collection #1",
  "raw_data": {
    "email": "bob.w@provider.com",
    "password_hash": "sha1:-2584735401838496499",
    "ip_address": "192.168.1.115"
  },
  "timestamp": 1763840572.5622587
}
INFO:__main__:Sending to raw_ingestion: {
  "source_type": "surface_web",
  "url": "https://instagram.com/michaelchen39",
  "raw_data": {
    "name": "Michael Chen",
    "username": "michaelchen39",
    "bio": "Just a random bio for testing.",
    "location": "San Francisco, CA"
  },
  "timestamp": 1763840575.5624251
}
INFO:__main__:Sending to raw_ingestion: {
  "source_type": "deep_web",
  "dataset": "Collection #1",
  "raw_data": {
    "email": "alice.j@company.net",
    "password_hash": "sha1:-3878657371579424872",
    "ip_address": "192.168.1.16"
  },
  "timestamp": 1763840575.5625124
}
INFO:__main__:Sending to raw_ingestion: {
  "source_type": "surface_web",
  "url": "https://twitter.com/bobwilliams83",
  "raw_data": {
    "name": "Bob Williams",
    "username": "bobwilliams83",
    "bio": "Just a random bio for testing.",
    "location": "San Francisco, CA"
  },
  "timestamp": 1763840578.562663
}
INFO:__main__:Sending to raw_ingestion: {
  "source_type": "deep_web",
  "dataset": "Collection #1",
  "raw_data": {
    "email": "bob.w@provider.com",
    "password_hash": "sha1:-3878657371579424872",
    "ip_address": "192.168.1.79"
  },
  "timestamp": 1763840578.562751
}
INFO:__main__:Sending to raw_ingestion: {
  "source_type": "surface_web",
  "url": "https://twitter.com/johndoe52",
  "raw_data": {
    "name": "John Doe",
    "username": "johndoe52",
    "bio": "Just a random bio for testing.",
    "location": "San Francisco, CA"
  },
  "timestamp": 1763840581.5629213
}
INFO:__main__:Sending to raw_ingestion: {
  "source_type": "deep_web",
  "dataset": "Collection #1",
  "raw_data": {
    "email": "bob.w@provider.com",
    "password_hash": "sha1:8864745499395637033",
    "ip_address": "192.168.1.244"
  },
  "timestamp": 1763840581.563019
}
INFO:__main__:Sending to raw_ingestion: {
  "source_type": "surface_web",
  "url": "https://linkedin.com/johndoe90",
  "raw_data": {
    "name": "John Doe",
    "username": "johndoe90",
    "bio": "Just a random bio for testing.",
    "location": "San Francisco, CA"
  },
  "timestamp": 1763840584.5631745
}
INFO:__main__:Sending to raw_ingestion: {
  "source_type": "deep_web",
  "dataset": "Collection #1",
  "raw_data": {
    "email": "jane.s@test.org",
    "password_hash": "sha1:8864745499395637033",
    "ip_address": "192.168.1.61"
  },
  "timestamp": 1763840584.5632849
}
INFO:__main__:Sending to raw_ingestion: {
  "source_type": "surface_web",
  "url": "https://tiktok.com/bobwilliams4",
  "raw_data": {
    "name": "Bob Williams",
    "username": "bobwilliams4",
    "bio": "Just a random bio for testing.",
    "location": "San Francisco, CA"
  },
  "timestamp": 1763840587.5634432
}
INFO:__main__:Sending to raw_ingestion: {
  "source_type": "deep_web",
  "dataset": "Collection #1",
  "raw_data": {
    "email": "alice.j@company.net",
    "password_hash": "sha1:8864745499395637033",
    "ip_address": "192.168.1.109"
  },
  "timestamp": 1763840587.5635397
}
INFO:__main__:Sending to raw_ingestion: {
  "source_type": "surface_web",
  "url": "https://instagram.com/janesmith76",
  "raw_data": {
    "name": "Jane Smith",
    "username": "janesmith76",
    "bio": "Just a random bio for testing.",
    "location": "San Francisco, CA"
  },
  "timestamp": 1763840590.5636885
}
INFO:__main__:Sending to raw_ingestion: {
  "source_type": "deep_web",
  "dataset": "Collection #1",
  "raw_data": {
    "email": "bob.w@provider.com",
    "password_hash": "sha1:8171311151582472029",
    "ip_address": "192.168.1.31"
  },
  "timestamp": 1763840590.5637896
}
INFO:__main__:Sending to raw_ingestion: {
  "source_type": "surface_web",
  "url": "https://linkedin.com/janesmith21",
  "raw_data": {
    "name": "Jane Smith",
    "username": "janesmith21",
    "bio": "Just a random bio for testing.",
    "location": "San Francisco, CA"
  },
  "timestamp": 1763840593.5639386
}
INFO:__main__:Sending to raw_ingestion: {
  "source_type": "deep_web",
  "dataset": "Collection #1",
  "raw_data": {
    "email": "jdoe@example.com",
    "password_hash": "sha1:748551823836135585",
    "ip_address": "192.168.1.66"
  },
  "timestamp": 1763840593.5641036
}
INFO:__main__:Sending to raw_ingestion: {
  "source_type": "surface_web",
  "url": "https://linkedin.com/michaelchen9",
  "raw_data": {
    "name": "Michael Chen",
    "username": "michaelchen9",
    "bio": "Just a random bio for testing.",
    "location": "San Francisco, CA"
  },
  "timestamp": 1763840596.5642734
}
INFO:__main__:Sending to raw_ingestion: {
  "source_type": "deep_web",
  "dataset": "Collection #1",
  "raw_data": {
    "email": "alice.j@company.net",
    "password_hash": "sha1:748551823836135585",
    "ip_address": "192.168.1.90"
  },
  "timestamp": 1763840596.564371
}
INFO:__main__:Sending to raw_ingestion: {
  "source_type": "surface_web",
  "url": "https://tiktok.com/michaelchen95",
  "raw_data": {
    "name": "Michael Chen",
    "username": "michaelchen95",
    "bio": "Just a random bio for testing.",
    "location": "San Francisco, CA"
  },
  "timestamp": 1763840599.5645185
}
INFO:__main__:Sending to raw_ingestion: {
  "source_type": "deep_web",
  "dataset": "Collection #1",
  "raw_data": {
    "email": "jdoe@example.com",
    "password_hash": "sha1:-3878657371579424872",
    "ip_address": "192.168.1.205"
  },
  "timestamp": 1763840599.5646095
}
INFO:__main__:Sending to raw_ingestion: {
  "source_type": "surface_web",
  "url": "https://instagram.com/johndoe15",
  "raw_data": {
    "name": "John Doe",
    "username": "johndoe15",
    "bio": "Just a random bio for testing.",
    "location": "San Francisco, CA"
  },
  "timestamp": 1763840602.5647655
}
INFO:__main__:Sending to raw_ingestion: {
  "source_type": "deep_web",
  "dataset": "Collection #1",
  "raw_data": {
    "email": "bob.w@provider.com",
    "password_hash": "sha1:8864745499395637033",
    "ip_address": "192.168.1.239"
  },
  "timestamp": 1763840602.564881
}
INFO:__main__:Sending to raw_ingestion: {
  "source_type": "surface_web",
  "url": "https://linkedin.com/evabrown49",
  "raw_data": {
    "name": "Eva Brown",
    "username": "evabrown49",
    "bio": "Just a random bio for testing.",
    "location": "San Francisco, CA"
  },
  "timestamp": 1763840605.565075
}
INFO:__main__:Sending to raw_ingestion: {
  "source_type": "deep_web",
  "dataset": "Collection #1",
  "raw_data": {
    "email": "jane.s@test.org",
    "password_hash": "sha1:748551823836135585",
    "ip_address": "192.168.1.212"
  },
  "timestamp": 1763840605.5653377
}
INFO:__main__:Sending to raw_ingestion: {
  "source_type": "surface_web",
  "url": "https://tiktok.com/bobwilliams11",
  "raw_data": {
    "name": "Bob Williams",
    "username": "bobwilliams11",
    "bio": "Just a random bio for testing.",
    "location": "San Francisco, CA"
  },
  "timestamp": 1763840608.5655305
}
INFO:__main__:Sending to raw_ingestion: {
  "source_type": "deep_web",
  "dataset": "Collection #1",
  "raw_data": {
    "email": "bob.w@provider.com",
    "password_hash": "sha1:-3878657371579424872",
    "ip_address": "192.168.1.160"
  },
  "timestamp": 1763840608.5656736
}
INFO:__main__:Sending to raw_ingestion: {
  "source_type": "surface_web",
  "url": "https://linkedin.com/johndoe57",
  "raw_data": {
    "name": "John Doe",
    "username": "johndoe57",
    "bio": "Just a random bio for testing.",
    "location": "San Francisco, CA"
  },
  "timestamp": 1763840611.5658495
}
INFO:__main__:Sending to raw_ingestion: {
  "source_type": "deep_web",
  "dataset": "Collection #1",
  "raw_data": {
    "email": "jane.s@test.org",
    "password_hash": "sha1:-2584735401838496499",
    "ip_address": "192.168.1.127"
  },
  "timestamp": 1763840611.565968
}
INFO:__main__:Sending to raw_ingestion: {
  "source_type": "surface_web",
  "url": "https://instagram.com/michaelchen33",
  "raw_data": {
    "name": "Michael Chen",
    "username": "michaelchen33",
    "bio": "Just a random bio for testing.",
    "location": "San Francisco, CA"
  },
  "timestamp": 1763840614.5661201
}
INFO:__main__:Sending to raw_ingestion: {
  "source_type": "deep_web",
  "dataset": "Collection #1",
  "raw_data": {
    "email": "bob.w@provider.com",
    "password_hash": "sha1:8171311151582472029",
    "ip_address": "192.168.1.200"
  },
  "timestamp": 1763840614.5662322
}
INFO:__main__:Sending to raw_ingestion: {
  "source_type": "surface_web",
  "url": "https://linkedin.com/janesmith3",
  "raw_data": {
    "name": "Jane Smith",
    "username": "janesmith3",
    "bio": "Just a random bio for testing.",
    "location": "San Francisco, CA"
  },
  "timestamp": 1763840617.5663776
}
INFO:__main__:Sending to raw_ingestion: {
  "source_type": "deep_web",
  "dataset": "Collection #1",
  "raw_data": {
    "email": "bob.w@provider.com",
    "password_hash": "sha1:8864745499395637033",
    "ip_address": "192.168.1.34"
  },
  "timestamp": 1763840617.5664709
}
INFO:__main__:Sending to raw_ingestion: {
  "source_type": "surface_web",
  "url": "https://linkedin.com/michaelchen55",
  "raw_data": {
    "name": "Michael Chen",
    "username": "michaelchen55",
    "bio": "Just a random bio for testing.",
    "location": "San Francisco, CA"
  },
  "timestamp": 1763840620.5666256
}
INFO:__main__:Sending to raw_ingestion: {
  "source_type": "deep_web",
  "dataset": "Collection #1",
  "raw_data": {
    "email": "bob.w@provider.com",
    "password_hash": "sha1:-2584735401838496499",
    "ip_address": "192.168.1.109"
  },
  "timestamp": 1763840620.566717
}
INFO:__main__:Sending to raw_ingestion: {
  "source_type": "surface_web",
  "url": "https://instagram.com/michaelchen48",
  "raw_data": {
    "name": "Michael Chen",
    "username": "michaelchen48",
    "bio": "Just a random bio for testing.",
    "location": "San Francisco, CA"
  },
  "timestamp": 1763840623.5668612
}
INFO:__main__:Sending to raw_ingestion: {
  "source_type": "deep_web",
  "dataset": "Collection #1",
  "raw_data": {
    "email": "bob.w@provider.com",
    "password_hash": "sha1:8171311151582472029",
    "ip_address": "192.168.1.169"
  },
  "timestamp": 1763840623.5669532
}
INFO:__main__:Sending to raw_ingestion: {
  "source_type": "surface_web",
  "url": "https://tiktok.com/evabrown75",
  "raw_data": {
    "name": "Eva Brown",
    "username": "evabrown75",
    "bio": "Just a random bio for testing.",
    "location": "San Francisco, CA"
  },
  "timestamp": 1763840626.5670965
}
INFO:__main__:Sending to raw_ingestion: {
  "source_type": "deep_web",
  "dataset": "Collection #1",
  "raw_data": {
    "email": "jdoe@example.com",
    "password_hash": "sha1:8171311151582472029",
    "ip_address": "192.168.1.100"
  },
  "timestamp": 1763840626.5672083
}
INFO:__main__:Sending to raw_ingestion: {
  "source_type": "surface_web",
  "url": "https://instagram.com/janesmith80",
  "raw_data": {
    "name": "Jane Smith",
    "username": "janesmith80",
    "bio": "Just a random bio for testing.",
    "location": "San Francisco, CA"
  },
  "timestamp": 1763840629.5673645
}
INFO:__main__:Sending to raw_ingestion: {
  "source_type": "deep_web",
  "dataset": "Collection #1",
  "raw_data": {
    "email": "bob.w@provider.com",
    "password_hash": "sha1:8864745499395637033",
    "ip_address": "192.168.1.184"
  },
  "timestamp": 1763840629.567549
}
INFO:__main__:Sending to raw_ingestion: {
  "source_type": "surface_web",
  "url": "https://tiktok.com/johndoe97",
  "raw_data": {
    "name": "John Doe",
    "username": "johndoe97",
    "bio": "Just a random bio for testing.",
    "location": "San Francisco, CA"
  },
  "timestamp": 1763840632.567693
}
INFO:__main__:Sending to raw_ingestion: {
  "source_type": "deep_web",
  "dataset": "Collection #1",
  "raw_data": {
    "email": "jdoe@example.com",
    "password_hash": "sha1:-2584735401838496499",
    "ip_address": "192.168.1.192"
  },
  "timestamp": 1763840632.5677903
}
INFO:__main__:Sending to raw_ingestion: {
  "source_type": "surface_web",
  "url": "https://linkedin.com/johndoe57",
  "raw_data": {
    "name": "John Doe",
    "username": "johndoe57",
    "bio": "Just a random bio for testing.",
    "location": "San Francisco, CA"
  },
  "timestamp": 1763840635.5679295
}
INFO:__main__:Sending to raw_ingestion: {
  "source_type": "deep_web",
  "dataset": "Collection #1",
  "raw_data": {
    "email": "jane.s@test.org",
    "password_hash": "sha1:748551823836135585",
    "ip_address": "192.168.1.20"
  },
  "timestamp": 1763840635.5680187
}
INFO:__main__:Sending to raw_ingestion: {
  "source_type": "surface_web",
  "url": "https://tiktok.com/evabrown87",
  "raw_data": {
    "name": "Eva Brown",
    "username": "evabrown87",
    "bio": "Just a random bio for testing.",
    "location": "San Francisco, CA"
  },
  "timestamp": 1763840638.5681944
}
INFO:__main__:Sending to raw_ingestion: {
  "source_type": "deep_web",
  "dataset": "Collection #1",
  "raw_data": {
    "email": "bob.w@provider.com",
    "password_hash": "sha1:8171311151582472029",
    "ip_address": "192.168.1.187"
  },
  "timestamp": 1763840638.5683076
}
INFO:__main__:Sending to raw_ingestion: {
  "source_type": "surface_web",
  "url": "https://twitter.com/janesmith13",
  "raw_data": {
    "name": "Jane Smith",
    "username": "janesmith13",
    "bio": "Just a random bio for testing.",
    "location": "San Francisco, CA"
  },
  "timestamp": 1763840641.5684462
}
INFO:__main__:Sending to raw_ingestion: {
  "source_type": "deep_web",
  "dataset": "Collection #1",
  "raw_data": {
    "email": "alice.j@company.net",
    "password_hash": "sha1:8171311151582472029",
    "ip_address": "192.168.1.159"
  },
  "timestamp": 1763840641.5685382
}
INFO:__main__:Sending to raw_ingestion: {
  "source_type": "surface_web",
  "url": "https://tiktok.com/alicejohnson62",
  "raw_data": {
    "name": "Alice Johnson",
    "username": "alicejohnson62",
    "bio": "Just a random bio for testing.",
    "location": "San Francisco, CA"
  },
  "timestamp": 1763840644.5687027
}
INFO:__main__:Sending to raw_ingestion: {
  "source_type": "deep_web",
  "dataset": "Collection #1",
  "raw_data": {
    "email": "jane.s@test.org",
    "password_hash": "sha1:-2584735401838496499",
    "ip_address": "192.168.1.9"
  },
  "timestamp": 1763840644.5687902
}
INFO:__main__:Sending to raw_ingestion: {
  "source_type": "surface_web",
  "url": "https://instagram.com/janesmith73",
  "raw_data": {
    "name": "Jane Smith",
    "username": "janesmith73",
    "bio": "Just a random bio for testing.",
    "location": "San Francisco, CA"
  },
  "timestamp": 1763840647.5689304
}
INFO:__main__:Sending to raw_ingestion: {
  "source_type": "deep_web",
  "dataset": "Collection #1",
  "raw_data": {
    "email": "bob.w@provider.com",
    "password_hash": "sha1:8864745499395637033",
    "ip_address": "192.168.1.49"
  },
  "timestamp": 1763840647.5690176
}
INFO:__main__:Sending to raw_ingestion: {
  "source_type": "surface_web",
  "url": "https://instagram.com/alicejohnson23",
  "raw_data": {
    "name": "Alice Johnson",
    "username": "alicejohnson23",
    "bio": "Just a random bio for testing.",
    "location": "San Francisco, CA"
  },
  "timestamp": 1763840650.5691698
}
INFO:__main__:Sending to raw_ingestion: {
  "source_type": "deep_web",
  "dataset": "Collection #1",
  "raw_data": {
    "email": "jane.s@test.org",
    "password_hash": "sha1:748551823836135585",
    "ip_address": "192.168.1.105"
  },
  "timestamp": 1763840650.5692563
}
INFO:__main__:Sending to raw_ingestion: {
  "source_type": "surface_web",
  "url": "https://linkedin.com/bobwilliams90",
  "raw_data": {
    "name": "Bob Williams",
    "username": "bobwilliams90",
    "bio": "Just a random bio for testing.",
    "location": "San Francisco, CA"
  },
  "timestamp": 1763840653.5693936
}
INFO:__main__:Sending to raw_ingestion: {
  "source_type": "deep_web",
  "dataset": "Collection #1",
  "raw_data": {
    "email": "jane.s@test.org",
    "password_hash": "sha1:8864745499395637033",
    "ip_address": "192.168.1.101"
  },
  "timestamp": 1763840653.5694919
}
INFO:__main__:Sending to raw_ingestion: {
  "source_type": "surface_web",
  "url": "https://instagram.com/michaelchen39",
  "raw_data": {
    "name": "Michael Chen",
    "username": "michaelchen39",
    "bio": "Just a random bio for testing.",
    "location": "San Francisco, CA"
  },
  "timestamp": 1763840656.5696301
}
INFO:__main__:Sending to raw_ingestion: {
  "source_type": "deep_web",
  "dataset": "Collection #1",
  "raw_data": {
    "email": "jane.s@test.org",
    "password_hash": "sha1:-3878657371579424872",
    "ip_address": "192.168.1.198"
  },
  "timestamp": 1763840656.5697162
}
INFO:__main__:Sending to raw_ingestion: {
  "source_type": "surface_web",
  "url": "https://twitter.com/evabrown1",
  "raw_data": {
    "name": "Eva Brown",
    "username": "evabrown1",
    "bio": "Just a random bio for testing.",
    "location": "San Francisco, CA"
  },
  "timestamp": 1763840659.5698574
}
INFO:__main__:Sending to raw_ingestion: {
  "source_type": "deep_web",
  "dataset": "Collection #1",
  "raw_data": {
    "email": "bob.w@provider.com",
    "password_hash": "sha1:748551823836135585",
    "ip_address": "192.168.1.77"
  },
  "timestamp": 1763840659.5699444
}
INFO:__main__:Sending to raw_ingestion: {
  "source_type": "surface_web",
  "url": "https://tiktok.com/alicejohnson99",
  "raw_data": {
    "name": "Alice Johnson",
    "username": "alicejohnson99",
    "bio": "Just a random bio for testing.",
    "location": "San Francisco, CA"
  },
  "timestamp": 1763840662.5701087
}
INFO:__main__:Sending to raw_ingestion: {
  "source_type": "deep_web",
  "dataset": "Collection #1",
  "raw_data": {
    "email": "jdoe@example.com",
    "password_hash": "sha1:-3878657371579424872",
    "ip_address": "192.168.1.206"
  },
  "timestamp": 1763840662.5702162
}
INFO:__main__:Sending to raw_ingestion: {
  "source_type": "surface_web",
  "url": "https://tiktok.com/janesmith97",
  "raw_data": {
    "name": "Jane Smith",
    "username": "janesmith97",
    "bio": "Just a random bio for testing.",
    "location": "San Francisco, CA"
  },
  "timestamp": 1763840665.570488
}
INFO:__main__:Sending to raw_ingestion: {
  "source_type": "deep_web",
  "dataset": "Collection #1",
  "raw_data": {
    "email": "bob.w@provider.com",
    "password_hash": "sha1:748551823836135585",
    "ip_address": "192.168.1.168"
  },
  "timestamp": 1763840665.5708585
}
INFO:__main__:Sending to raw_ingestion: {
  "source_type": "surface_web",
  "url": "https://tiktok.com/alicejohnson49",
  "raw_data": {
    "name": "Alice Johnson",
    "username": "alicejohnson49",
    "bio": "Just a random bio for testing.",
    "location": "San Francisco, CA"
  },
  "timestamp": 1763840668.5711403
}
INFO:__main__:Sending to raw_ingestion: {
  "source_type": "deep_web",
  "dataset": "Collection #1",
  "raw_data": {
    "email": "bob.w@provider.com",
    "password_hash": "sha1:8171311151582472029",
    "ip_address": "192.168.1.121"
  },
  "timestamp": 1763840668.5713406
}
INFO:__main__:Sending to raw_ingestion: {
  "source_type": "surface_web",
  "url": "https://twitter.com/janesmith43",
  "raw_data": {
    "name": "Jane Smith",
    "username": "janesmith43",
    "bio": "Just a random bio for testing.",
    "location": "San Francisco, CA"
  },
  "timestamp": 1763840671.571494
}
INFO:__main__:Sending to raw_ingestion: {
  "source_type": "deep_web",
  "dataset": "Collection #1",
  "raw_data": {
    "email": "jdoe@example.com",
    "password_hash": "sha1:8171311151582472029",
    "ip_address": "192.168.1.33"
  },
  "timestamp": 1763840671.5716188
}
INFO:__main__:Sending to raw_ingestion: {
  "source_type": "surface_web",
  "url": "https://tiktok.com/evabrown88",
  "raw_data": {
    "name": "Eva Brown",
    "username": "evabrown88",
    "bio": "Just a random bio for testing.",
    "location": "San Francisco, CA"
  },
  "timestamp": 1763840674.5719013
}
INFO:__main__:Sending to raw_ingestion: {
  "source_type": "deep_web",
  "dataset": "Collection #1",
  "raw_data": {
    "email": "jdoe@example.com",
    "password_hash": "sha1:-2584735401838496499",
    "ip_address": "192.168.1.157"
  },
  "timestamp": 1763840674.5721655
}
INFO:__main__:Sending to raw_ingestion: {
  "source_type": "surface_web",
  "url": "https://twitter.com/michaelchen29",
  "raw_data": {
    "name": "Michael Chen",
    "username": "michaelchen29",
    "bio": "Just a random bio for testing.",
    "location": "San Francisco, CA"
  },
  "timestamp": 1763840677.572367
}
INFO:__main__:Sending to raw_ingestion: {
  "source_type": "deep_web",
  "dataset": "Collection #1",
  "raw_data": {
    "email": "jdoe@example.com",
    "password_hash": "sha1:8864745499395637033",
    "ip_address": "192.168.1.175"
  },
  "timestamp": 1763840677.5726185
}
INFO:__main__:Sending to raw_ingestion: {
  "source_type": "surface_web",
  "url": "https://tiktok.com/michaelchen78",
  "raw_data": {
    "name": "Michael Chen",
    "username": "michaelchen78",
    "bio": "Just a random bio for testing.",
    "location": "San Francisco, CA"
  },
  "timestamp": 1763840680.572956
}
INFO:__main__:Sending to raw_ingestion: {
  "source_type": "deep_web",
  "dataset": "Collection #1",
  "raw_data": {
    "email": "jane.s@test.org",
    "password_hash": "sha1:8171311151582472029",
    "ip_address": "192.168.1.88"
  },
  "timestamp": 1763840680.5732684
}
INFO:__main__:Sending to raw_ingestion: {
  "source_type": "surface_web",
  "url": "https://twitter.com/bobwilliams8",
  "raw_data": {
    "name": "Bob Williams",
    "username": "bobwilliams8",
    "bio": "Just a random bio for testing.",
    "location": "San Francisco, CA"
  },
  "timestamp": 1763840683.573451
}
INFO:__main__:Sending to raw_ingestion: {
  "source_type": "deep_web",
  "dataset": "Collection #1",
  "raw_data": {
    "email": "jane.s@test.org",
    "password_hash": "sha1:8171311151582472029",
    "ip_address": "192.168.1.193"
  },
  "timestamp": 1763840683.5736742
}
INFO:__main__:Sending to raw_ingestion: {
  "source_type": "surface_web",
  "url": "https://linkedin.com/bobwilliams75",
  "raw_data": {
    "name": "Bob Williams",
    "username": "bobwilliams75",
    "bio": "Just a random bio for testing.",
    "location": "San Francisco, CA"
  },
  "timestamp": 1763840686.573886
}
INFO:__main__:Sending to raw_ingestion: {
  "source_type": "deep_web",
  "dataset": "Collection #1",
  "raw_data": {
    "email": "alice.j@company.net",
    "password_hash": "sha1:748551823836135585",
    "ip_address": "192.168.1.8"
  },
  "timestamp": 1763840686.5741534
}
INFO:__main__:Sending to raw_ingestion: {
  "source_type": "surface_web",
  "url": "https://tiktok.com/johndoe99",
  "raw_data": {
    "name": "John Doe",
    "username": "johndoe99",
    "bio": "Just a random bio for testing.",
    "location": "San Francisco, CA"
  },
  "timestamp": 1763840689.5744724
}
INFO:__main__:Sending to raw_ingestion: {
  "source_type": "deep_web",
  "dataset": "Collection #1",
  "raw_data": {
    "email": "jane.s@test.org",
    "password_hash": "sha1:-2584735401838496499",
    "ip_address": "192.168.1.230"
  },
  "timestamp": 1763840689.5747187
}
INFO:__main__:Sending to raw_ingestion: {
  "source_type": "surface_web",
  "url": "https://linkedin.com/alicejohnson38",
  "raw_data": {
    "name": "Alice Johnson",
    "username": "alicejohnson38",
    "bio": "Just a random bio for testing.",
    "location": "San Francisco, CA"
  },
  "timestamp": 1763840692.5750246
}
INFO:__main__:Sending to raw_ingestion: {
  "source_type": "deep_web",
  "dataset": "Collection #1",
  "raw_data": {
    "email": "bob.w@provider.com",
    "password_hash": "sha1:8171311151582472029",
    "ip_address": "192.168.1.175"
  },
  "timestamp": 1763840692.5752077
}
INFO:__main__:Sending to raw_ingestion: {
  "source_type": "surface_web",
  "url": "https://instagram.com/evabrown76",
  "raw_data": {
    "name": "Eva Brown",
    "username": "evabrown76",
    "bio": "Just a random bio for testing.",
    "location": "San Francisco, CA"
  },
  "timestamp": 1763840695.5753827
}
INFO:__main__:Sending to raw_ingestion: {
  "source_type": "deep_web",
  "dataset": "Collection #1",
  "raw_data": {
    "email": "alice.j@company.net",
    "password_hash": "sha1:8864745499395637033",
    "ip_address": "192.168.1.59"
  },
  "timestamp": 1763840695.5754967
}
INFO:__main__:Sending to raw_ingestion: {
  "source_type": "surface_web",
  "url": "https://instagram.com/johndoe67",
  "raw_data": {
    "name": "John Doe",
    "username": "johndoe67",
    "bio": "Just a random bio for testing.",
    "location": "San Francisco, CA"
  },
  "timestamp": 1763840698.575649
}
INFO:__main__:Sending to raw_ingestion: {
  "source_type": "deep_web",
  "dataset": "Collection #1",
  "raw_data": {
    "email": "bob.w@provider.com",
    "password_hash": "sha1:8864745499395637033",
    "ip_address": "192.168.1.89"
  },
  "timestamp": 1763840698.5757754
}
INFO:__main__:Sending to raw_ingestion: {
  "source_type": "surface_web",
  "url": "https://instagram.com/johndoe49",
  "raw_data": {
    "name": "John Doe",
    "username": "johndoe49",
    "bio": "Just a random bio for testing.",
    "location": "San Francisco, CA"
  },
  "timestamp": 1763840701.575936
}
INFO:__main__:Sending to raw_ingestion: {
  "source_type": "deep_web",
  "dataset": "Collection #1",
  "raw_data": {
    "email": "alice.j@company.net",
    "password_hash": "sha1:-3878657371579424872",
    "ip_address": "192.168.1.188"
  },
  "timestamp": 1763840701.5761979
}
INFO:__main__:Sending to raw_ingestion: {
  "source_type": "surface_web",
  "url": "https://instagram.com/bobwilliams35",
  "raw_data": {
    "name": "Bob Williams",
    "username": "bobwilliams35",
    "bio": "Just a random bio for testing.",
    "location": "San Francisco, CA"
  },
  "timestamp": 1763840704.5763717
}
INFO:__main__:Sending to raw_ingestion: {
  "source_type": "deep_web",
  "dataset": "Collection #1",
  "raw_data": {
    "email": "jdoe@example.com",
    "password_hash": "sha1:748551823836135585",
    "ip_address": "192.168.1.49"
  },
  "timestamp": 1763840704.5764825
}
INFO:__main__:Sending to raw_ingestion: {
  "source_type": "surface_web",
  "url": "https://tiktok.com/michaelchen92",
  "raw_data": {
    "name": "Michael Chen",
    "username": "michaelchen92",
    "bio": "Just a random bio for testing.",
    "location": "San Francisco, CA"
  },
  "timestamp": 1763840707.5766466
}
INFO:__main__:Sending to raw_ingestion: {
  "source_type": "deep_web",
  "dataset": "Collection #1",
  "raw_data": {
    "email": "bob.w@provider.com",
    "password_hash": "sha1:8171311151582472029",
    "ip_address": "192.168.1.173"
  },
  "timestamp": 1763840707.5767415
}
INFO:__main__:Sending to raw_ingestion: {
  "source_type": "surface_web",
  "url": "https://twitter.com/bobwilliams34",
  "raw_data": {
    "name": "Bob Williams",
    "username": "bobwilliams34",
    "bio": "Just a random bio for testing.",
    "location": "San Francisco, CA"
  },
  "timestamp": 1763840710.576913
}
INFO:__main__:Sending to raw_ingestion: {
  "source_type": "deep_web",
  "dataset": "Collection #1",
  "raw_data": {
    "email": "jdoe@example.com",
    "password_hash": "sha1:748551823836135585",
    "ip_address": "192.168.1.131"
  },
  "timestamp": 1763840710.5770543
}
INFO:__main__:Sending to raw_ingestion: {
  "source_type": "surface_web",
  "url": "https://tiktok.com/alicejohnson73",
  "raw_data": {
    "name": "Alice Johnson",
    "username": "alicejohnson73",
    "bio": "Just a random bio for testing.",
    "location": "San Francisco, CA"
  },
  "timestamp": 1763840713.577224
}
INFO:__main__:Sending to raw_ingestion: {
  "source_type": "deep_web",
  "dataset": "Collection #1",
  "raw_data": {
    "email": "bob.w@provider.com",
    "password_hash": "sha1:748551823836135585",
    "ip_address": "192.168.1.104"
  },
  "timestamp": 1763840713.5773165
}
INFO:__main__:Sending to raw_ingestion: {
  "source_type": "surface_web",
  "url": "https://linkedin.com/evabrown31",
  "raw_data": {
    "name": "Eva Brown",
    "username": "evabrown31",
    "bio": "Just a random bio for testing.",
    "location": "San Francisco, CA"
  },
  "timestamp": 1763840716.5774639
}
INFO:__main__:Sending to raw_ingestion: {
  "source_type": "deep_web",
  "dataset": "Collection #1",
  "raw_data": {
    "email": "bob.w@provider.com",
    "password_hash": "sha1:748551823836135585",
    "ip_address": "192.168.1.185"
  },
  "timestamp": 1763840716.5775719
}
INFO:__main__:Sending to raw_ingestion: {
  "source_type": "surface_web",
  "url": "https://instagram.com/michaelchen45",
  "raw_data": {
    "name": "Michael Chen",
    "username": "michaelchen45",
    "bio": "Just a random bio for testing.",
    "location": "San Francisco, CA"
  },
  "timestamp": 1763840719.577721
}
INFO:__main__:Sending to raw_ingestion: {
  "source_type": "deep_web",
  "dataset": "Collection #1",
  "raw_data": {
    "email": "bob.w@provider.com",
    "password_hash": "sha1:8171311151582472029",
    "ip_address": "192.168.1.80"
  },
  "timestamp": 1763840719.5778227
}
INFO:__main__:Sending to raw_ingestion: {
  "source_type": "surface_web",
  "url": "https://instagram.com/johndoe26",
  "raw_data": {
    "name": "John Doe",
    "username": "johndoe26",
    "bio": "Just a random bio for testing.",
    "location": "San Francisco, CA"
  },
  "timestamp": 1763840722.5779502
}
INFO:__main__:Sending to raw_ingestion: {
  "source_type": "deep_web",
  "dataset": "Collection #1",
  "raw_data": {
    "email": "jane.s@test.org",
    "password_hash": "sha1:-3878657371579424872",
    "ip_address": "192.168.1.92"
  },
  "timestamp": 1763840722.578134
}
INFO:__main__:Sending to raw_ingestion: {
  "source_type": "surface_web",
  "url": "https://linkedin.com/alicejohnson62",
  "raw_data": {
    "name": "Alice Johnson",
    "username": "alicejohnson62",
    "bio": "Just a random bio for testing.",
    "location": "San Francisco, CA"
  },
  "timestamp": 1763840725.5782673
}
INFO:__main__:Sending to raw_ingestion: {
  "source_type": "deep_web",
  "dataset": "Collection #1",
  "raw_data": {
    "email": "bob.w@provider.com",
    "password_hash": "sha1:8171311151582472029",
    "ip_address": "192.168.1.104"
  },
  "timestamp": 1763840725.5783885
}
INFO:__main__:Sending to raw_ingestion: {
  "source_type": "surface_web",
  "url": "https://instagram.com/janesmith34",
  "raw_data": {
    "name": "Jane Smith",
    "username": "janesmith34",
    "bio": "Just a random bio for testing.",
    "location": "San Francisco, CA"
  },
  "timestamp": 1763840728.578511
}
INFO:__main__:Sending to raw_ingestion: {
  "source_type": "deep_web",
  "dataset": "Collection #1",
  "raw_data": {
    "email": "jane.s@test.org",
    "password_hash": "sha1:-3878657371579424872",
    "ip_address": "192.168.1.178"
  },
  "timestamp": 1763840728.5786097
}
INFO:__main__:Sending to raw_ingestion: {
  "source_type": "surface_web",
  "url": "https://twitter.com/bobwilliams21",
  "raw_data": {
    "name": "Bob Williams",
    "username": "bobwilliams21",
    "bio": "Just a random bio for testing.",
    "location": "San Francisco, CA"
  },
  "timestamp": 1763840731.5787427
}
INFO:__main__:Sending to raw_ingestion: {
  "source_type": "deep_web",
  "dataset": "Collection #1",
  "raw_data": {
    "email": "alice.j@company.net",
    "password_hash": "sha1:8864745499395637033",
    "ip_address": "192.168.1.124"
  },
  "timestamp": 1763840731.5788338
}
INFO:__main__:Sending to raw_ingestion: {
  "source_type": "surface_web",
  "url": "https://tiktok.com/evabrown53",
  "raw_data": {
    "name": "Eva Brown",
    "username": "evabrown53",
    "bio": "Just a random bio for testing.",
    "location": "San Francisco, CA"
  },
  "timestamp": 1763840734.5791152
}
INFO:__main__:Sending to raw_ingestion: {
  "source_type": "deep_web",
  "dataset": "Collection #1",
  "raw_data": {
    "email": "jane.s@test.org",
    "password_hash": "sha1:748551823836135585",
    "ip_address": "192.168.1.29"
  },
  "timestamp": 1763840734.5792754
}
INFO:__main__:Sending to raw_ingestion: {
  "source_type": "surface_web",
  "url": "https://twitter.com/alicejohnson31",
  "raw_data": {
    "name": "Alice Johnson",
    "username": "alicejohnson31",
    "bio": "Just a random bio for testing.",
    "location": "San Francisco, CA"
  },
  "timestamp": 1763840737.5795527
}
INFO:__main__:Sending to raw_ingestion: {
  "source_type": "deep_web",
  "dataset": "Collection #1",
  "raw_data": {
    "email": "alice.j@company.net",
    "password_hash": "sha1:8171311151582472029",
    "ip_address": "192.168.1.220"
  },
  "timestamp": 1763840737.5799077
}
INFO:__main__:Sending to raw_ingestion: {
  "source_type": "surface_web",
  "url": "https://twitter.com/alicejohnson55",
  "raw_data": {
    "name": "Alice Johnson",
    "username": "alicejohnson55",
    "bio": "Just a random bio for testing.",
    "location": "San Francisco, CA"
  },
  "timestamp": 1763840740.5800414
}
INFO:__main__:Sending to raw_ingestion: {
  "source_type": "deep_web",
  "dataset": "Collection #1",
  "raw_data": {
    "email": "bob.w@provider.com",
    "password_hash": "sha1:-3878657371579424872",
    "ip_address": "192.168.1.179"
  },
  "timestamp": 1763840740.5802128
}
INFO:__main__:Sending to raw_ingestion: {
  "source_type": "surface_web",
  "url": "https://linkedin.com/bobwilliams88",
  "raw_data": {
    "name": "Bob Williams",
    "username": "bobwilliams88",
    "bio": "Just a random bio for testing.",
    "location": "San Francisco, CA"
  },
  "timestamp": 1763840743.5805683
}
INFO:__main__:Sending to raw_ingestion: {
  "source_type": "deep_web",
  "dataset": "Collection #1",
  "raw_data": {
    "email": "jdoe@example.com",
    "password_hash": "sha1:8864745499395637033",
    "ip_address": "192.168.1.47"
  },
  "timestamp": 1763840743.5807662
}
INFO:__main__:Sending to raw_ingestion: {
  "source_type": "surface_web",
  "url": "https://twitter.com/janesmith24",
  "raw_data": {
    "name": "Jane Smith",
    "username": "janesmith24",
    "bio": "Just a random bio for testing.",
    "location": "San Francisco, CA"
  },
  "timestamp": 1763840746.5809252
}
INFO:__main__:Sending to raw_ingestion: {
  "source_type": "deep_web",
  "dataset": "Collection #1",
  "raw_data": {
    "email": "alice.j@company.net",
    "password_hash": "sha1:8171311151582472029",
    "ip_address": "192.168.1.222"
  },
  "timestamp": 1763840746.5810745
}
INFO:__main__:Sending to raw_ingestion: {
  "source_type": "surface_web",
  "url": "https://tiktok.com/johndoe84",
  "raw_data": {
    "name": "John Doe",
    "username": "johndoe84",
    "bio": "Just a random bio for testing.",
    "location": "San Francisco, CA"
  },
  "timestamp": 1763840749.5812182
}
INFO:__main__:Sending to raw_ingestion: {
  "source_type": "deep_web",
  "dataset": "Collection #1",
  "raw_data": {
    "email": "jane.s@test.org",
    "password_hash": "sha1:-3878657371579424872",
    "ip_address": "192.168.1.216"
  },
  "timestamp": 1763840749.5813937
}
INFO:__main__:Sending to raw_ingestion: {
  "source_type": "surface_web",
  "url": "https://instagram.com/michaelchen56",
  "raw_data": {
    "name": "Michael Chen",
    "username": "michaelchen56",
    "bio": "Just a random bio for testing.",
    "location": "San Francisco, CA"
  },
  "timestamp": 1763840752.581569
}
INFO:__main__:Sending to raw_ingestion: {
  "source_type": "deep_web",
  "dataset": "Collection #1",
  "raw_data": {
    "email": "bob.w@provider.com",
    "password_hash": "sha1:8864745499395637033",
    "ip_address": "192.168.1.246"
  },
  "timestamp": 1763840752.5817945
}
INFO:__main__:Sending to raw_ingestion: {
  "source_type": "surface_web",
  "url": "https://tiktok.com/janesmith2",
  "raw_data": {
    "name": "Jane Smith",
    "username": "janesmith2",
    "bio": "Just a random bio for testing.",
    "location": "San Francisco, CA"
  },
  "timestamp": 1763840755.5820065
}
INFO:__main__:Sending to raw_ingestion: {
  "source_type": "deep_web",
  "dataset": "Collection #1",
  "raw_data": {
    "email": "jdoe@example.com",
    "password_hash": "sha1:748551823836135585",
    "ip_address": "192.168.1.254"
  },
  "timestamp": 1763840755.582259
}
INFO:__main__:Sending to raw_ingestion: {
  "source_type": "surface_web",
  "url": "https://linkedin.com/michaelchen72",
  "raw_data": {
    "name": "Michael Chen",
    "username": "michaelchen72",
    "bio": "Just a random bio for testing.",
    "location": "San Francisco, CA"
  },
  "timestamp": 1763840758.58245
}
INFO:__main__:Sending to raw_ingestion: {
  "source_type": "deep_web",
  "dataset": "Collection #1",
  "raw_data": {
    "email": "jdoe@example.com",
    "password_hash": "sha1:-3878657371579424872",
    "ip_address": "192.168.1.87"
  },
  "timestamp": 1763840758.5826519
}
INFO:__main__:Sending to raw_ingestion: {
  "source_type": "surface_web",
  "url": "https://linkedin.com/alicejohnson12",
  "raw_data": {
    "name": "Alice Johnson",
    "username": "alicejohnson12",
    "bio": "Just a random bio for testing.",
    "location": "San Francisco, CA"
  },
  "timestamp": 1763840761.5828714
}
INFO:__main__:Sending to raw_ingestion: {
  "source_type": "deep_web",
  "dataset": "Collection #1",
  "raw_data": {
    "email": "jane.s@test.org",
    "password_hash": "sha1:748551823836135585",
    "ip_address": "192.168.1.149"
  },
  "timestamp": 1763840761.583084
}
INFO:__main__:Sending to raw_ingestion: {
  "source_type": "surface_web",
  "url": "https://twitter.com/michaelchen92",
  "raw_data": {
    "name": "Michael Chen",
    "username": "michaelchen92",
    "bio": "Just a random bio for testing.",
    "location": "San Francisco, CA"
  },
  "timestamp": 1763840764.5832634
}
INFO:__main__:Sending to raw_ingestion: {
  "source_type": "deep_web",
  "dataset": "Collection #1",
  "raw_data": {
    "email": "alice.j@company.net",
    "password_hash": "sha1:8171311151582472029",
    "ip_address": "192.168.1.167"
  },
  "timestamp": 1763840764.5834482
}
INFO:__main__:Sending to raw_ingestion: {
  "source_type": "surface_web",
  "url": "https://twitter.com/johndoe33",
  "raw_data": {
    "name": "John Doe",
    "username": "johndoe33",
    "bio": "Just a random bio for testing.",
    "location": "San Francisco, CA"
  },
  "timestamp": 1763840767.5836258
}
INFO:__main__:Sending to raw_ingestion: {
  "source_type": "deep_web",
  "dataset": "Collection #1",
  "raw_data": {
    "email": "alice.j@company.net",
    "password_hash": "sha1:-2584735401838496499",
    "ip_address": "192.168.1.104"
  },
  "timestamp": 1763840767.583807
}
INFO:__main__:Sending to raw_ingestion: {
  "source_type": "surface_web",
  "url": "https://linkedin.com/evabrown19",
  "raw_data": {
    "name": "Eva Brown",
    "username": "evabrown19",
    "bio": "Just a random bio for testing.",
    "location": "San Francisco, CA"
  },
  "timestamp": 1763840770.5839727
}
INFO:__main__:Sending to raw_ingestion: {
  "source_type": "deep_web",
  "dataset": "Collection #1",
  "raw_data": {
    "email": "bob.w@provider.com",
    "password_hash": "sha1:8864745499395637033",
    "ip_address": "192.168.1.84"
  },
  "timestamp": 1763840770.5841715
}
INFO:__main__:Sending to raw_ingestion: {
  "source_type": "surface_web",
  "url": "https://instagram.com/bobwilliams33",
  "raw_data": {
    "name": "Bob Williams",
    "username": "bobwilliams33",
    "bio": "Just a random bio for testing.",
    "location": "San Francisco, CA"
  },
  "timestamp": 1763840773.5843482
}
INFO:__main__:Sending to raw_ingestion: {
  "source_type": "deep_web",
  "dataset": "Collection #1",
  "raw_data": {
    "email": "jdoe@example.com",
    "password_hash": "sha1:-2584735401838496499",
    "ip_address": "192.168.1.124"
  },
  "timestamp": 1763840773.5846324
}
INFO:__main__:Sending to raw_ingestion: {
  "source_type": "surface_web",
  "url": "https://twitter.com/evabrown68",
  "raw_data": {
    "name": "Eva Brown",
    "username": "evabrown68",
    "bio": "Just a random bio for testing.",
    "location": "San Francisco, CA"
  },
  "timestamp": 1763840776.5848005
}
INFO:__main__:Sending to raw_ingestion: {
  "source_type": "deep_web",
  "dataset": "Collection #1",
  "raw_data": {
    "email": "jane.s@test.org",
    "password_hash": "sha1:-3878657371579424872",
    "ip_address": "192.168.1.242"
  },
  "timestamp": 1763840776.5850155
}
INFO:__main__:Sending to raw_ingestion: {
  "source_type": "surface_web",
  "url": "https://tiktok.com/evabrown56",
  "raw_data": {
    "name": "Eva Brown",
    "username": "evabrown56",
    "bio": "Just a random bio for testing.",
    "location": "San Francisco, CA"
  },
  "timestamp": 1763840779.5852838
}
INFO:__main__:Sending to raw_ingestion: {
  "source_type": "deep_web",
  "dataset": "Collection #1",
  "raw_data": {
    "email": "bob.w@provider.com",
    "password_hash": "sha1:748551823836135585",
    "ip_address": "192.168.1.56"
  },
  "timestamp": 1763840779.5855055
}
INFO:__main__:Sending to raw_ingestion: {
  "source_type": "surface_web",
  "url": "https://linkedin.com/johndoe64",
  "raw_data": {
    "name": "John Doe",
    "username": "johndoe64",
    "bio": "Just a random bio for testing.",
    "location": "San Francisco, CA"
  },
  "timestamp": 1763840782.5856771
}
INFO:__main__:Sending to raw_ingestion: {
  "source_type": "deep_web",
  "dataset": "Collection #1",
  "raw_data": {
    "email": "jane.s@test.org",
    "password_hash": "sha1:8864745499395637033",
    "ip_address": "192.168.1.19"
  },
  "timestamp": 1763840782.585842
}
INFO:__main__:Sending to raw_ingestion: {
  "source_type": "surface_web",
  "url": "https://tiktok.com/johndoe20",
  "raw_data": {
    "name": "John Doe",
    "username": "johndoe20",
    "bio": "Just a random bio for testing.",
    "location": "San Francisco, CA"
  },
  "timestamp": 1763840785.586074
}
INFO:__main__:Sending to raw_ingestion: {
  "source_type": "deep_web",
  "dataset": "Collection #1",
  "raw_data": {
    "email": "alice.j@company.net",
    "password_hash": "sha1:-3878657371579424872",
    "ip_address": "192.168.1.25"
  },
  "timestamp": 1763840785.586216
}
INFO:__main__:Sending to raw_ingestion: {
  "source_type": "surface_web",
  "url": "https://tiktok.com/michaelchen76",
  "raw_data": {
    "name": "Michael Chen",
    "username": "michaelchen76",
    "bio": "Just a random bio for testing.",
    "location": "San Francisco, CA"
  },
  "timestamp": 1763840788.5864239
}
INFO:__main__:Sending to raw_ingestion: {
  "source_type": "deep_web",
  "dataset": "Collection #1",
  "raw_data": {
    "email": "alice.j@company.net",
    "password_hash": "sha1:-3878657371579424872",
    "ip_address": "192.168.1.67"
  },
  "timestamp": 1763840788.5865836
}
INFO:__main__:Sending to raw_ingestion: {
  "source_type": "surface_web",
  "url": "https://instagram.com/johndoe49",
  "raw_data": {
    "name": "John Doe",
    "username": "johndoe49",
    "bio": "Just a random bio for testing.",
    "location": "San Francisco, CA"
  },
  "timestamp": 1763840791.5867581
}
INFO:__main__:Sending to raw_ingestion: {
  "source_type": "deep_web",
  "dataset": "Collection #1",
  "raw_data": {
    "email": "alice.j@company.net",
    "password_hash": "sha1:-3878657371579424872",
    "ip_address": "192.168.1.149"
  },
  "timestamp": 1763840791.5869524
}
INFO:__main__:Sending to raw_ingestion: {
  "source_type": "surface_web",
  "url": "https://twitter.com/evabrown72",
  "raw_data": {
    "name": "Eva Brown",
    "username": "evabrown72",
    "bio": "Just a random bio for testing.",
    "location": "San Francisco, CA"
  },
  "timestamp": 1763840794.5872636
}
INFO:__main__:Sending to raw_ingestion: {
  "source_type": "deep_web",
  "dataset": "Collection #1",
  "raw_data": {
    "email": "alice.j@company.net",
    "password_hash": "sha1:8171311151582472029",
    "ip_address": "192.168.1.84"
  },
  "timestamp": 1763840794.5874038
}
INFO:__main__:Sending to raw_ingestion: {
  "source_type": "surface_web",
  "url": "https://instagram.com/johndoe82",
  "raw_data": {
    "name": "John Doe",
    "username": "johndoe82",
    "bio": "Just a random bio for testing.",
    "location": "San Francisco, CA"
  },
  "timestamp": 1763840797.587642
}
INFO:__main__:Sending to raw_ingestion: {
  "source_type": "deep_web",
  "dataset": "Collection #1",
  "raw_data": {
    "email": "alice.j@company.net",
    "password_hash": "sha1:8171311151582472029",
    "ip_address": "192.168.1.138"
  },
  "timestamp": 1763840797.5877876
}
INFO:__main__:Sending to raw_ingestion: {
  "source_type": "surface_web",
  "url": "https://linkedin.com/johndoe44",
  "raw_data": {
    "name": "John Doe",
    "username": "johndoe44",
    "bio": "Just a random bio for testing.",
    "location": "San Francisco, CA"
  },
  "timestamp": 1763840800.5879252
}
INFO:__main__:Sending to raw_ingestion: {
  "source_type": "deep_web",
  "dataset": "Collection #1",
  "raw_data": {
    "email": "bob.w@provider.com",
    "password_hash": "sha1:-2584735401838496499",
    "ip_address": "192.168.1.189"
  },
  "timestamp": 1763840800.5880458
}
INFO:__main__:Sending to raw_ingestion: {
  "source_type": "surface_web",
  "url": "https://linkedin.com/johndoe30",
  "raw_data": {
    "name": "John Doe",
    "username": "johndoe30",
    "bio": "Just a random bio for testing.",
    "location": "San Francisco, CA"
  },
  "timestamp": 1763840803.5882936
}
INFO:__main__:Sending to raw_ingestion: {
  "source_type": "deep_web",
  "dataset": "Collection #1",
  "raw_data": {
    "email": "jdoe@example.com",
    "password_hash": "sha1:-2584735401838496499",
    "ip_address": "192.168.1.186"
  },
  "timestamp": 1763840803.5884597
}
INFO:__main__:Sending to raw_ingestion: {
  "source_type": "surface_web",
  "url": "https://twitter.com/evabrown95",
  "raw_data": {
    "name": "Eva Brown",
    "username": "evabrown95",
    "bio": "Just a random bio for testing.",
    "location": "San Francisco, CA"
  },
  "timestamp": 1763840806.5886946
}
INFO:__main__:Sending to raw_ingestion: {
  "source_type": "deep_web",
  "dataset": "Collection #1",
  "raw_data": {
    "email": "bob.w@provider.com",
    "password_hash": "sha1:8171311151582472029",
    "ip_address": "192.168.1.148"
  },
  "timestamp": 1763840806.5888367
}
INFO:__main__:Sending to raw_ingestion: {
  "source_type": "surface_web",
  "url": "https://instagram.com/alicejohnson15",
  "raw_data": {
    "name": "Alice Johnson",
    "username": "alicejohnson15",
    "bio": "Just a random bio for testing.",
    "location": "San Francisco, CA"
  },
  "timestamp": 1763840809.588962
}
INFO:__main__:Sending to raw_ingestion: {
  "source_type": "deep_web",
  "dataset": "Collection #1",
  "raw_data": {
    "email": "bob.w@provider.com",
    "password_hash": "sha1:-2584735401838496499",
    "ip_address": "192.168.1.72"
  },
  "timestamp": 1763840809.589234
}
INFO:__main__:Sending to raw_ingestion: {
  "source_type": "surface_web",
  "url": "https://linkedin.com/alicejohnson8",
  "raw_data": {
    "name": "Alice Johnson",
    "username": "alicejohnson8",
    "bio": "Just a random bio for testing.",
    "location": "San Francisco, CA"
  },
  "timestamp": 1763840812.5894792
}
INFO:__main__:Sending to raw_ingestion: {
  "source_type": "deep_web",
  "dataset": "Collection #1",
  "raw_data": {
    "email": "bob.w@provider.com",
    "password_hash": "sha1:-2584735401838496499",
    "ip_address": "192.168.1.176"
  },
  "timestamp": 1763840812.5896568
}
INFO:__main__:Sending to raw_ingestion: {
  "source_type": "surface_web",
  "url": "https://tiktok.com/johndoe73",
  "raw_data": {
    "name": "John Doe",
    "username": "johndoe73",
    "bio": "Just a random bio for testing.",
    "location": "San Francisco, CA"
  },
  "timestamp": 1763840815.5898247
}
INFO:__main__:Sending to raw_ingestion: {
  "source_type": "deep_web",
  "dataset": "Collection #1",
  "raw_data": {
    "email": "jdoe@example.com",
    "password_hash": "sha1:8864745499395637033",
    "ip_address": "192.168.1.123"
  },
  "timestamp": 1763840815.5900638
}
INFO:__main__:Sending to raw_ingestion: {
  "source_type": "surface_web",
  "url": "https://tiktok.com/janesmith61",
  "raw_data": {
    "name": "Jane Smith",
    "username": "janesmith61",
    "bio": "Just a random bio for testing.",
    "location": "San Francisco, CA"
  },
  "timestamp": 1763840818.5902467
}
INFO:__main__:Sending to raw_ingestion: {
  "source_type": "deep_web",
  "dataset": "Collection #1",
  "raw_data": {
    "email": "alice.j@company.net",
    "password_hash": "sha1:8864745499395637033",
    "ip_address": "192.168.1.187"
  },
  "timestamp": 1763840818.5904481
}
INFO:__main__:Sending to raw_ingestion: {
  "source_type": "surface_web",
  "url": "https://tiktok.com/bobwilliams99",
  "raw_data": {
    "name": "Bob Williams",
    "username": "bobwilliams99",
    "bio": "Just a random bio for testing.",
    "location": "San Francisco, CA"
  },
  "timestamp": 1763840821.5906527
}
INFO:__main__:Sending to raw_ingestion: {
  "source_type": "deep_web",
  "dataset": "Collection #1",
  "raw_data": {
    "email": "alice.j@company.net",
    "password_hash": "sha1:8864745499395637033",
    "ip_address": "192.168.1.220"
  },
  "timestamp": 1763840821.5908854
}
INFO:__main__:Sending to raw_ingestion: {
  "source_type": "surface_web",
  "url": "https://twitter.com/michaelchen94",
  "raw_data": {
    "name": "Michael Chen",
    "username": "michaelchen94",
    "bio": "Just a random bio for testing.",
    "location": "San Francisco, CA"
  },
  "timestamp": 1763840824.5910835
}
INFO:__main__:Sending to raw_ingestion: {
  "source_type": "deep_web",
  "dataset": "Collection #1",
  "raw_data": {
    "email": "jane.s@test.org",
    "password_hash": "sha1:-3878657371579424872",
    "ip_address": "192.168.1.140"
  },
  "timestamp": 1763840824.5912352
}
INFO:__main__:Sending to raw_ingestion: {
  "source_type": "surface_web",
  "url": "https://linkedin.com/michaelchen73",
  "raw_data": {
    "name": "Michael Chen",
    "username": "michaelchen73",
    "bio": "Just a random bio for testing.",
    "location": "San Francisco, CA"
  },
  "timestamp": 1763840827.59141
}
INFO:__main__:Sending to raw_ingestion: {
  "source_type": "deep_web",
  "dataset": "Collection #1",
  "raw_data": {
    "email": "jane.s@test.org",
    "password_hash": "sha1:748551823836135585",
    "ip_address": "192.168.1.243"
  },
  "timestamp": 1763840827.5916102
}
INFO:__main__:Sending to raw_ingestion: {
  "source_type": "surface_web",
  "url": "https://twitter.com/evabrown3",
  "raw_data": {
    "name": "Eva Brown",
    "username": "evabrown3",
    "bio": "Just a random bio for testing.",
    "location": "San Francisco, CA"
  },
  "timestamp": 1763840830.591771
}
INFO:__main__:Sending to raw_ingestion: {
  "source_type": "deep_web",
  "dataset": "Collection #1",
  "raw_data": {
    "email": "jane.s@test.org",
    "password_hash": "sha1:-3878657371579424872",
    "ip_address": "192.168.1.208"
  },
  "timestamp": 1763840830.5919285
}
INFO:__main__:Sending to raw_ingestion: {
  "source_type": "surface_web",
  "url": "https://instagram.com/michaelchen80",
  "raw_data": {
    "name": "Michael Chen",
    "username": "michaelchen80",
    "bio": "Just a random bio for testing.",
    "location": "San Francisco, CA"
  },
  "timestamp": 1763840833.592096
}
INFO:__main__:Sending to raw_ingestion: {
  "source_type": "deep_web",
  "dataset": "Collection #1",
  "raw_data": {
    "email": "jdoe@example.com",
    "password_hash": "sha1:-3878657371579424872",
    "ip_address": "192.168.1.58"
  },
  "timestamp": 1763840833.5922914
}
INFO:__main__:Sending to raw_ingestion: {
  "source_type": "surface_web",
  "url": "https://twitter.com/bobwilliams58",
  "raw_data": {
    "name": "Bob Williams",
    "username": "bobwilliams58",
    "bio": "Just a random bio for testing.",
    "location": "San Francisco, CA"
  },
  "timestamp": 1763840836.5924451
}
INFO:__main__:Sending to raw_ingestion: {
  "source_type": "deep_web",
  "dataset": "Collection #1",
  "raw_data": {
    "email": "jdoe@example.com",
    "password_hash": "sha1:8864745499395637033",
    "ip_address": "192.168.1.187"
  },
  "timestamp": 1763840836.592549
}
INFO:__main__:Sending to raw_ingestion: {
  "source_type": "surface_web",
  "url": "https://tiktok.com/bobwilliams52",
  "raw_data": {
    "name": "Bob Williams",
    "username": "bobwilliams52",
    "bio": "Just a random bio for testing.",
    "location": "San Francisco, CA"
  },
  "timestamp": 1763840839.592743
}
INFO:__main__:Sending to raw_ingestion: {
  "source_type": "deep_web",
  "dataset": "Collection #1",
  "raw_data": {
    "email": "alice.j@company.net",
    "password_hash": "sha1:748551823836135585",
    "ip_address": "192.168.1.116"
  },
  "timestamp": 1763840839.5929742
}
INFO:__main__:Sending to raw_ingestion: {
  "source_type": "surface_web",
  "url": "https://instagram.com/michaelchen1",
  "raw_data": {
    "name": "Michael Chen",
    "username": "michaelchen1",
    "bio": "Just a random bio for testing.",
    "location": "San Francisco, CA"
  },
  "timestamp": 1763840842.593202
}
INFO:__main__:Sending to raw_ingestion: {
  "source_type": "deep_web",
  "dataset": "Collection #1",
  "raw_data": {
    "email": "jane.s@test.org",
    "password_hash": "sha1:748551823836135585",
    "ip_address": "192.168.1.255"
  },
  "timestamp": 1763840842.5933344
}
INFO:__main__:Sending to raw_ingestion: {
  "source_type": "surface_web",
  "url": "https://twitter.com/michaelchen81",
  "raw_data": {
    "name": "Michael Chen",
    "username": "michaelchen81",
    "bio": "Just a random bio for testing.",
    "location": "San Francisco, CA"
  },
  "timestamp": 1763840845.5936017
}
INFO:__main__:Sending to raw_ingestion: {
  "source_type": "deep_web",
  "dataset": "Collection #1",
  "raw_data": {
    "email": "jdoe@example.com",
    "password_hash": "sha1:8864745499395637033",
    "ip_address": "192.168.1.7"
  },
  "timestamp": 1763840845.5938337
}
INFO:__main__:Sending to raw_ingestion: {
  "source_type": "surface_web",
  "url": "https://twitter.com/bobwilliams78",
  "raw_data": {
    "name": "Bob Williams",
    "username": "bobwilliams78",
    "bio": "Just a random bio for testing.",
    "location": "San Francisco, CA"
  },
  "timestamp": 1763840848.5941288
}
INFO:__main__:Sending to raw_ingestion: {
  "source_type": "deep_web",
  "dataset": "Collection #1",
  "raw_data": {
    "email": "jdoe@example.com",
    "password_hash": "sha1:8171311151582472029",
    "ip_address": "192.168.1.252"
  },
  "timestamp": 1763840848.5943527
}
INFO:__main__:Sending to raw_ingestion: {
  "source_type": "surface_web",
  "url": "https://linkedin.com/alicejohnson58",
  "raw_data": {
    "name": "Alice Johnson",
    "username": "alicejohnson58",
    "bio": "Just a random bio for testing.",
    "location": "San Francisco, CA"
  },
  "timestamp": 1763840851.594677
}
INFO:__main__:Sending to raw_ingestion: {
  "source_type": "deep_web",
  "dataset": "Collection #1",
  "raw_data": {
    "email": "jane.s@test.org",
    "password_hash": "sha1:-2584735401838496499",
    "ip_address": "192.168.1.158"
  },
  "timestamp": 1763840851.594864
}
INFO:__main__:Sending to raw_ingestion: {
  "source_type": "surface_web",
  "url": "https://twitter.com/michaelchen7",
  "raw_data": {
    "name": "Michael Chen",
    "username": "michaelchen7",
    "bio": "Just a random bio for testing.",
    "location": "San Francisco, CA"
  },
  "timestamp": 1763840854.595212
}
INFO:__main__:Sending to raw_ingestion: {
  "source_type": "deep_web",
  "dataset": "Collection #1",
  "raw_data": {
    "email": "alice.j@company.net",
    "password_hash": "sha1:-3878657371579424872",
    "ip_address": "192.168.1.107"
  },
  "timestamp": 1763840854.595435
}
INFO:__main__:Sending to raw_ingestion: {
  "source_type": "surface_web",
  "url": "https://twitter.com/janesmith61",
  "raw_data": {
    "name": "Jane Smith",
    "username": "janesmith61",
    "bio": "Just a random bio for testing.",
    "location": "San Francisco, CA"
  },
  "timestamp": 1763840857.5956461
}
INFO:__main__:Sending to raw_ingestion: {
  "source_type": "deep_web",
  "dataset": "Collection #1",
  "raw_data": {
    "email": "jane.s@test.org",
    "password_hash": "sha1:-3878657371579424872",
    "ip_address": "192.168.1.234"
  },
  "timestamp": 1763840857.5958095
}
INFO:__main__:Sending to raw_ingestion: {
  "source_type": "surface_web",
  "url": "https://tiktok.com/johndoe10",
  "raw_data": {
    "name": "John Doe",
    "username": "johndoe10",
    "bio": "Just a random bio for testing.",
    "location": "San Francisco, CA"
  },
  "timestamp": 1763840860.5959914
}
INFO:__main__:Sending to raw_ingestion: {
  "source_type": "deep_web",
  "dataset": "Collection #1",
  "raw_data": {
    "email": "jane.s@test.org",
    "password_hash": "sha1:-2584735401838496499",
    "ip_address": "192.168.1.123"
  },
  "timestamp": 1763840860.5961668
}
INFO:__main__:Sending to raw_ingestion: {
  "source_type": "surface_web",
  "url": "https://tiktok.com/alicejohnson2",
  "raw_data": {
    "name": "Alice Johnson",
    "username": "alicejohnson2",
    "bio": "Just a random bio for testing.",
    "location": "San Francisco, CA"
  },
  "timestamp": 1763840863.596353
}
INFO:__main__:Sending to raw_ingestion: {
  "source_type": "deep_web",
  "dataset": "Collection #1",
  "raw_data": {
    "email": "alice.j@company.net",
    "password_hash": "sha1:8864745499395637033",
    "ip_address": "192.168.1.60"
  },
  "timestamp": 1763840863.5965648
}
INFO:__main__:Sending to raw_ingestion: {
  "source_type": "surface_web",
  "url": "https://instagram.com/bobwilliams17",
  "raw_data": {
    "name": "Bob Williams",
    "username": "bobwilliams17",
    "bio": "Just a random bio for testing.",
    "location": "San Francisco, CA"
  },
  "timestamp": 1763840866.5967178
}
INFO:__main__:Sending to raw_ingestion: {
  "source_type": "deep_web",
  "dataset": "Collection #1",
  "raw_data": {
    "email": "alice.j@company.net",
    "password_hash": "sha1:748551823836135585",
    "ip_address": "192.168.1.98"
  },
  "timestamp": 1763840866.5969236
}
INFO:__main__:Sending to raw_ingestion: {
  "source_type": "surface_web",
  "url": "https://tiktok.com/johndoe66",
  "raw_data": {
    "name": "John Doe",
    "username": "johndoe66",
    "bio": "Just a random bio for testing.",
    "location": "San Francisco, CA"
  },
  "timestamp": 1763840869.5970874
}
INFO:__main__:Sending to raw_ingestion: {
  "source_type": "deep_web",
  "dataset": "Collection #1",
  "raw_data": {
    "email": "jane.s@test.org",
    "password_hash": "sha1:748551823836135585",
    "ip_address": "192.168.1.3"
  },
  "timestamp": 1763840869.5972948
}
INFO:__main__:Sending to raw_ingestion: {
  "source_type": "surface_web",
  "url": "https://instagram.com/johndoe41",
  "raw_data": {
    "name": "John Doe",
    "username": "johndoe41",
    "bio": "Just a random bio for testing.",
    "location": "San Francisco, CA"
  },
  "timestamp": 1763840872.597527
}
INFO:__main__:Sending to raw_ingestion: {
  "source_type": "deep_web",
  "dataset": "Collection #1",
  "raw_data": {
    "email": "bob.w@provider.com",
    "password_hash": "sha1:8171311151582472029",
    "ip_address": "192.168.1.103"
  },
  "timestamp": 1763840872.5976925
}
INFO:__main__:Sending to raw_ingestion: {
  "source_type": "surface_web",
  "url": "https://twitter.com/johndoe22",
  "raw_data": {
    "name": "John Doe",
    "username": "johndoe22",
    "bio": "Just a random bio for testing.",
    "location": "San Francisco, CA"
  },
  "timestamp": 1763840875.5978463
}
INFO:__main__:Sending to raw_ingestion: {
  "source_type": "deep_web",
  "dataset": "Collection #1",
  "raw_data": {
    "email": "alice.j@company.net",
    "password_hash": "sha1:8171311151582472029",
    "ip_address": "192.168.1.164"
  },
  "timestamp": 1763840875.5980017
}
INFO:__main__:Sending to raw_ingestion: {
  "source_type": "surface_web",
  "url": "https://tiktok.com/janesmith51",
  "raw_data": {
    "name": "Jane Smith",
    "username": "janesmith51",
    "bio": "Just a random bio for testing.",
    "location": "San Francisco, CA"
  },
  "timestamp": 1763840878.5981414
}
INFO:__main__:Sending to raw_ingestion: {
  "source_type": "deep_web",
  "dataset": "Collection #1",
  "raw_data": {
    "email": "jdoe@example.com",
    "password_hash": "sha1:-3878657371579424872",
    "ip_address": "192.168.1.212"
  },
  "timestamp": 1763840878.5983493
}
INFO:__main__:Sending to raw_ingestion: {
  "source_type": "surface_web",
  "url": "https://instagram.com/michaelchen33",
  "raw_data": {
    "name": "Michael Chen",
    "username": "michaelchen33",
    "bio": "Just a random bio for testing.",
    "location": "San Francisco, CA"
  },
  "timestamp": 1763840881.598494
}
INFO:__main__:Sending to raw_ingestion: {
  "source_type": "deep_web",
  "dataset": "Collection #1",
  "raw_data": {
    "email": "jdoe@example.com",
    "password_hash": "sha1:748551823836135585",
    "ip_address": "192.168.1.173"
  },
  "timestamp": 1763840881.5987685
}
INFO:__main__:Sending to raw_ingestion: {
  "source_type": "surface_web",
  "url": "https://tiktok.com/evabrown3",
  "raw_data": {
    "name": "Eva Brown",
    "username": "evabrown3",
    "bio": "Just a random bio for testing.",
    "location": "San Francisco, CA"
  },
  "timestamp": 1763840884.599035
}
INFO:__main__:Sending to raw_ingestion: {
  "source_type": "deep_web",
  "dataset": "Collection #1",
  "raw_data": {
    "email": "jdoe@example.com",
    "password_hash": "sha1:-3878657371579424872",
    "ip_address": "192.168.1.104"
  },
  "timestamp": 1763840884.5992246
}
INFO:__main__:Sending to raw_ingestion: {
  "source_type": "surface_web",
  "url": "https://twitter.com/johndoe71",
  "raw_data": {
    "name": "John Doe",
    "username": "johndoe71",
    "bio": "Just a random bio for testing.",
    "location": "San Francisco, CA"
  },
  "timestamp": 1763840887.5994925
}
INFO:__main__:Sending to raw_ingestion: {
  "source_type": "deep_web",
  "dataset": "Collection #1",
  "raw_data": {
    "email": "bob.w@provider.com",
    "password_hash": "sha1:748551823836135585",
    "ip_address": "192.168.1.44"
  },
  "timestamp": 1763840887.59967
}
INFO:__main__:Sending to raw_ingestion: {
  "source_type": "surface_web",
  "url": "https://linkedin.com/johndoe7",
  "raw_data": {
    "name": "John Doe",
    "username": "johndoe7",
    "bio": "Just a random bio for testing.",
    "location": "San Francisco, CA"
  },
  "timestamp": 1763840890.5998366
}
INFO:__main__:Sending to raw_ingestion: {
  "source_type": "deep_web",
  "dataset": "Collection #1",
  "raw_data": {
    "email": "alice.j@company.net",
    "password_hash": "sha1:8171311151582472029",
    "ip_address": "192.168.1.25"
  },
  "timestamp": 1763840890.599985
}
INFO:__main__:Sending to raw_ingestion: {
  "source_type": "surface_web",
  "url": "https://tiktok.com/evabrown16",
  "raw_data": {
    "name": "Eva Brown",
    "username": "evabrown16",
    "bio": "Just a random bio for testing.",
    "location": "San Francisco, CA"
  },
  "timestamp": 1763840893.6003983
}
INFO:__main__:Sending to raw_ingestion: {
  "source_type": "deep_web",
  "dataset": "Collection #1",
  "raw_data": {
    "email": "jane.s@test.org",
    "password_hash": "sha1:-3878657371579424872",
    "ip_address": "192.168.1.234"
  },
  "timestamp": 1763840893.6005602
}
INFO:__main__:Sending to raw_ingestion: {
  "source_type": "surface_web",
  "url": "https://linkedin.com/johndoe73",
  "raw_data": {
    "name": "John Doe",
    "username": "johndoe73",
    "bio": "Just a random bio for testing.",
    "location": "San Francisco, CA"
  },
  "timestamp": 1763840896.600732
}
INFO:__main__:Sending to raw_ingestion: {
  "source_type": "deep_web",
  "dataset": "Collection #1",
  "raw_data": {
    "email": "alice.j@company.net",
    "password_hash": "sha1:8864745499395637033",
    "ip_address": "192.168.1.129"
  },
  "timestamp": 1763840896.6009576
}
INFO:__main__:Sending to raw_ingestion: {
  "source_type": "surface_web",
  "url": "https://instagram.com/bobwilliams14",
  "raw_data": {
    "name": "Bob Williams",
    "username": "bobwilliams14",
    "bio": "Just a random bio for testing.",
    "location": "San Francisco, CA"
  },
  "timestamp": 1763840899.6012375
}
INFO:__main__:Sending to raw_ingestion: {
  "source_type": "deep_web",
  "dataset": "Collection #1",
  "raw_data": {
    "email": "alice.j@company.net",
    "password_hash": "sha1:8171311151582472029",
    "ip_address": "192.168.1.180"
  },
  "timestamp": 1763840899.6014214
}
INFO:__main__:Sending to raw_ingestion: {
  "source_type": "surface_web",
  "url": "https://instagram.com/alicejohnson50",
  "raw_data": {
    "name": "Alice Johnson",
    "username": "alicejohnson50",
    "bio": "Just a random bio for testing.",
    "location": "San Francisco, CA"
  },
  "timestamp": 1763840902.6015847
}
INFO:__main__:Sending to raw_ingestion: {
  "source_type": "deep_web",
  "dataset": "Collection #1",
  "raw_data": {
    "email": "jdoe@example.com",
    "password_hash": "sha1:748551823836135585",
    "ip_address": "192.168.1.6"
  },
  "timestamp": 1763840902.6018057
}
INFO:__main__:Sending to raw_ingestion: {
  "source_type": "surface_web",
  "url": "https://twitter.com/evabrown12",
  "raw_data": {
    "name": "Eva Brown",
    "username": "evabrown12",
    "bio": "Just a random bio for testing.",
    "location": "San Francisco, CA"
  },
  "timestamp": 1763840905.6020675
}
INFO:__main__:Sending to raw_ingestion: {
  "source_type": "deep_web",
  "dataset": "Collection #1",
  "raw_data": {
    "email": "bob.w@provider.com",
    "password_hash": "sha1:-2584735401838496499",
    "ip_address": "192.168.1.78"
  },
  "timestamp": 1763840905.6022053
}
INFO:__main__:Sending to raw_ingestion: {
  "source_type": "surface_web",
  "url": "https://instagram.com/evabrown73",
  "raw_data": {
    "name": "Eva Brown",
    "username": "evabrown73",
    "bio": "Just a random bio for testing.",
    "location": "San Francisco, CA"
  },
  "timestamp": 1763840908.6024067
}
INFO:__main__:Sending to raw_ingestion: {
  "source_type": "deep_web",
  "dataset": "Collection #1",
  "raw_data": {
    "email": "jdoe@example.com",
    "password_hash": "sha1:748551823836135585",
    "ip_address": "192.168.1.154"
  },
  "timestamp": 1763840908.6026173
}
INFO:__main__:Sending to raw_ingestion: {
  "source_type": "surface_web",
  "url": "https://twitter.com/alicejohnson29",
  "raw_data": {
    "name": "Alice Johnson",
    "username": "alicejohnson29",
    "bio": "Just a random bio for testing.",
    "location": "San Francisco, CA"
  },
  "timestamp": 1763840911.6028156
}
INFO:__main__:Sending to raw_ingestion: {
  "source_type": "deep_web",
  "dataset": "Collection #1",
  "raw_data": {
    "email": "alice.j@company.net",
    "password_hash": "sha1:8864745499395637033",
    "ip_address": "192.168.1.253"
  },
  "timestamp": 1763840911.6030393
}
INFO:__main__:Sending to raw_ingestion: {
  "source_type": "surface_web",
  "url": "https://instagram.com/johndoe94",
  "raw_data": {
    "name": "John Doe",
    "username": "johndoe94",
    "bio": "Just a random bio for testing.",
    "location": "San Francisco, CA"
  },
  "timestamp": 1763840914.6033275
}
INFO:__main__:Sending to raw_ingestion: {
  "source_type": "deep_web",
  "dataset": "Collection #1",
  "raw_data": {
    "email": "bob.w@provider.com",
    "password_hash": "sha1:748551823836135585",
    "ip_address": "192.168.1.112"
  },
  "timestamp": 1763840914.603488
}
INFO:__main__:Sending to raw_ingestion: {
  "source_type": "surface_web",
  "url": "https://twitter.com/bobwilliams98",
  "raw_data": {
    "name": "Bob Williams",
    "username": "bobwilliams98",
    "bio": "Just a random bio for testing.",
    "location": "San Francisco, CA"
  },
  "timestamp": 1763840917.6036947
}
INFO:__main__:Sending to raw_ingestion: {
  "source_type": "deep_web",
  "dataset": "Collection #1",
  "raw_data": {
    "email": "bob.w@provider.com",
    "password_hash": "sha1:-2584735401838496499",
    "ip_address": "192.168.1.17"
  },
  "timestamp": 1763840917.604133
}
INFO:__main__:Sending to raw_ingestion: {
  "source_type": "surface_web",
  "url": "https://tiktok.com/alicejohnson34",
  "raw_data": {
    "name": "Alice Johnson",
    "username": "alicejohnson34",
    "bio": "Just a random bio for testing.",
    "location": "San Francisco, CA"
  },
  "timestamp": 1763840920.6042984
}
INFO:__main__:Sending to raw_ingestion: {
  "source_type": "deep_web",
  "dataset": "Collection #1",
  "raw_data": {
    "email": "jdoe@example.com",
    "password_hash": "sha1:-3878657371579424872",
    "ip_address": "192.168.1.87"
  },
  "timestamp": 1763840920.604521
}
INFO:__main__:Sending to raw_ingestion: {
  "source_type": "surface_web",
  "url": "https://linkedin.com/bobwilliams22",
  "raw_data": {
    "name": "Bob Williams",
    "username": "bobwilliams22",
    "bio": "Just a random bio for testing.",
    "location": "San Francisco, CA"
  },
  "timestamp": 1763840923.6048422
}
INFO:__main__:Sending to raw_ingestion: {
  "source_type": "deep_web",
  "dataset": "Collection #1",
  "raw_data": {
    "email": "jdoe@example.com",
    "password_hash": "sha1:-3878657371579424872",
    "ip_address": "192.168.1.95"
  },
  "timestamp": 1763840923.6050632
}
INFO:__main__:Sending to raw_ingestion: {
  "source_type": "surface_web",
  "url": "https://tiktok.com/bobwilliams55",
  "raw_data": {
    "name": "Bob Williams",
    "username": "bobwilliams55",
    "bio": "Just a random bio for testing.",
    "location": "San Francisco, CA"
  },
  "timestamp": 1763840926.6052275
}
INFO:__main__:Sending to raw_ingestion: {
  "source_type": "deep_web",
  "dataset": "Collection #1",
  "raw_data": {
    "email": "alice.j@company.net",
    "password_hash": "sha1:-2584735401838496499",
    "ip_address": "192.168.1.190"
  },
  "timestamp": 1763840926.6055133
}
INFO:__main__:Sending to raw_ingestion: {
  "source_type": "surface_web",
  "url": "https://twitter.com/michaelchen74",
  "raw_data": {
    "name": "Michael Chen",
    "username": "michaelchen74",
    "bio": "Just a random bio for testing.",
    "location": "San Francisco, CA"
  },
  "timestamp": 1763840929.6056492
}
INFO:__main__:Sending to raw_ingestion: {
  "source_type": "deep_web",
  "dataset": "Collection #1",
  "raw_data": {
    "email": "bob.w@provider.com",
    "password_hash": "sha1:8171311151582472029",
    "ip_address": "192.168.1.195"
  },
  "timestamp": 1763840929.60579
}
INFO:__main__:Sending to raw_ingestion: {
  "source_type": "surface_web",
  "url": "https://twitter.com/bobwilliams74",
  "raw_data": {
    "name": "Bob Williams",
    "username": "bobwilliams74",
    "bio": "Just a random bio for testing.",
    "location": "San Francisco, CA"
  },
  "timestamp": 1763840932.605978
}
INFO:__main__:Sending to raw_ingestion: {
  "source_type": "deep_web",
  "dataset": "Collection #1",
  "raw_data": {
    "email": "jane.s@test.org",
    "password_hash": "sha1:-3878657371579424872",
    "ip_address": "192.168.1.139"
  },
  "timestamp": 1763840932.6061263
}
INFO:__main__:Sending to raw_ingestion: {
  "source_type": "surface_web",
  "url": "https://twitter.com/evabrown80",
  "raw_data": {
    "name": "Eva Brown",
    "username": "evabrown80",
    "bio": "Just a random bio for testing.",
    "location": "San Francisco, CA"
  },
  "timestamp": 1763840935.6062775
}
INFO:__main__:Sending to raw_ingestion: {
  "source_type": "deep_web",
  "dataset": "Collection #1",
  "raw_data": {
    "email": "jdoe@example.com",
    "password_hash": "sha1:748551823836135585",
    "ip_address": "192.168.1.143"
  },
  "timestamp": 1763840935.606396
}
INFO:__main__:Sending to raw_ingestion: {
  "source_type": "surface_web",
  "url": "https://linkedin.com/alicejohnson24",
  "raw_data": {
    "name": "Alice Johnson",
    "username": "alicejohnson24",
    "bio": "Just a random bio for testing.",
    "location": "San Francisco, CA"
  },
  "timestamp": 1763840938.606556
}
INFO:__main__:Sending to raw_ingestion: {
  "source_type": "deep_web",
  "dataset": "Collection #1",
  "raw_data": {
    "email": "bob.w@provider.com",
    "password_hash": "sha1:8864745499395637033",
    "ip_address": "192.168.1.218"
  },
  "timestamp": 1763840938.6066637
}
INFO:__main__:Sending to raw_ingestion: {
  "source_type": "surface_web",
  "url": "https://twitter.com/evabrown32",
  "raw_data": {
    "name": "Eva Brown",
    "username": "evabrown32",
    "bio": "Just a random bio for testing.",
    "location": "San Francisco, CA"
  },
  "timestamp": 1763840941.606817
}
INFO:__main__:Sending to raw_ingestion: {
  "source_type": "deep_web",
  "dataset": "Collection #1",
  "raw_data": {
    "email": "bob.w@provider.com",
    "password_hash": "sha1:8171311151582472029",
    "ip_address": "192.168.1.230"
  },
  "timestamp": 1763840941.6069427
}
INFO:__main__:Sending to raw_ingestion: {
  "source_type": "surface_web",
  "url": "https://linkedin.com/evabrown44",
  "raw_data": {
    "name": "Eva Brown",
    "username": "evabrown44",
    "bio": "Just a random bio for testing.",
    "location": "San Francisco, CA"
  },
  "timestamp": 1763840944.6070914
}
INFO:__main__:Sending to raw_ingestion: {
  "source_type": "deep_web",
  "dataset": "Collection #1",
  "raw_data": {
    "email": "alice.j@company.net",
    "password_hash": "sha1:-2584735401838496499",
    "ip_address": "192.168.1.102"
  },
  "timestamp": 1763840944.6072369
}
INFO:__main__:Sending to raw_ingestion: {
  "source_type": "surface_web",
  "url": "https://instagram.com/janesmith21",
  "raw_data": {
    "name": "Jane Smith",
    "username": "janesmith21",
    "bio": "Just a random bio for testing.",
    "location": "San Francisco, CA"
  },
  "timestamp": 1763840947.607398
}
INFO:__main__:Sending to raw_ingestion: {
  "source_type": "deep_web",
  "dataset": "Collection #1",
  "raw_data": {
    "email": "jdoe@example.com",
    "password_hash": "sha1:748551823836135585",
    "ip_address": "192.168.1.224"
  },
  "timestamp": 1763840947.6075003
}
INFO:__main__:Sending to raw_ingestion: {
  "source_type": "surface_web",
  "url": "https://linkedin.com/janesmith59",
  "raw_data": {
    "name": "Jane Smith",
    "username": "janesmith59",
    "bio": "Just a random bio for testing.",
    "location": "San Francisco, CA"
  },
  "timestamp": 1763840950.6076548
}
INFO:__main__:Sending to raw_ingestion: {
  "source_type": "deep_web",
  "dataset": "Collection #1",
  "raw_data": {
    "email": "jdoe@example.com",
    "password_hash": "sha1:8864745499395637033",
    "ip_address": "192.168.1.217"
  },
  "timestamp": 1763840950.60776
}
INFO:__main__:Sending to raw_ingestion: {
  "source_type": "surface_web",
  "url": "https://linkedin.com/evabrown10",
  "raw_data": {
    "name": "Eva Brown",
    "username": "evabrown10",
    "bio": "Just a random bio for testing.",
    "location": "San Francisco, CA"
  },
  "timestamp": 1763840953.6079223
}
INFO:__main__:Sending to raw_ingestion: {
  "source_type": "deep_web",
  "dataset": "Collection #1",
  "raw_data": {
    "email": "jdoe@example.com",
    "password_hash": "sha1:-3878657371579424872",
    "ip_address": "192.168.1.117"
  },
  "timestamp": 1763840953.6081324
}
INFO:__main__:Sending to raw_ingestion: {
  "source_type": "surface_web",
  "url": "https://tiktok.com/bobwilliams6",
  "raw_data": {
    "name": "Bob Williams",
    "username": "bobwilliams6",
    "bio": "Just a random bio for testing.",
    "location": "San Francisco, CA"
  },
  "timestamp": 1763840956.608272
}
INFO:__main__:Sending to raw_ingestion: {
  "source_type": "deep_web",
  "dataset": "Collection #1",
  "raw_data": {
    "email": "jane.s@test.org",
    "password_hash": "sha1:8171311151582472029",
    "ip_address": "192.168.1.69"
  },
  "timestamp": 1763840956.608374
}
INFO:__main__:Sending to raw_ingestion: {
  "source_type": "surface_web",
  "url": "https://linkedin.com/evabrown13",
  "raw_data": {
    "name": "Eva Brown",
    "username": "evabrown13",
    "bio": "Just a random bio for testing.",
    "location": "San Francisco, CA"
  },
  "timestamp": 1763840959.6085749
}
INFO:__main__:Sending to raw_ingestion: {
  "source_type": "deep_web",
  "dataset": "Collection #1",
  "raw_data": {
    "email": "jane.s@test.org",
    "password_hash": "sha1:8864745499395637033",
    "ip_address": "192.168.1.121"
  },
  "timestamp": 1763840959.6086693
}
INFO:__main__:Sending to raw_ingestion: {
  "source_type": "surface_web",
  "url": "https://twitter.com/bobwilliams29",
  "raw_data": {
    "name": "Bob Williams",
    "username": "bobwilliams29",
    "bio": "Just a random bio for testing.",
    "location": "San Francisco, CA"
  },
  "timestamp": 1763840962.608807
}
INFO:__main__:Sending to raw_ingestion: {
  "source_type": "deep_web",
  "dataset": "Collection #1",
  "raw_data": {
    "email": "bob.w@provider.com",
    "password_hash": "sha1:8171311151582472029",
    "ip_address": "192.168.1.162"
  },
  "timestamp": 1763840962.6089342
}
INFO:__main__:Sending to raw_ingestion: {
  "source_type": "surface_web",
  "url": "https://instagram.com/alicejohnson2",
  "raw_data": {
    "name": "Alice Johnson",
    "username": "alicejohnson2",
    "bio": "Just a random bio for testing.",
    "location": "San Francisco, CA"
  },
  "timestamp": 1763840965.6090808
}
INFO:__main__:Sending to raw_ingestion: {
  "source_type": "deep_web",
  "dataset": "Collection #1",
  "raw_data": {
    "email": "jdoe@example.com",
    "password_hash": "sha1:-2584735401838496499",
    "ip_address": "192.168.1.124"
  },
  "timestamp": 1763840965.6092072
}
INFO:__main__:Sending to raw_ingestion: {
  "source_type": "surface_web",
  "url": "https://twitter.com/johndoe27",
  "raw_data": {
    "name": "John Doe",
    "username": "johndoe27",
    "bio": "Just a random bio for testing.",
    "location": "San Francisco, CA"
  },
  "timestamp": 1763840968.6093524
}
INFO:__main__:Sending to raw_ingestion: {
  "source_type": "deep_web",
  "dataset": "Collection #1",
  "raw_data": {
    "email": "alice.j@company.net",
    "password_hash": "sha1:-2584735401838496499",
    "ip_address": "192.168.1.36"
  },
  "timestamp": 1763840968.6094525
}
INFO:__main__:Sending to raw_ingestion: {
  "source_type": "surface_web",
  "url": "https://tiktok.com/johndoe21",
  "raw_data": {
    "name": "John Doe",
    "username": "johndoe21",
    "bio": "Just a random bio for testing.",
    "location": "San Francisco, CA"
  },
  "timestamp": 1763840971.6095934
}
INFO:__main__:Sending to raw_ingestion: {
  "source_type": "deep_web",
  "dataset": "Collection #1",
  "raw_data": {
    "email": "jane.s@test.org",
    "password_hash": "sha1:8864745499395637033",
    "ip_address": "192.168.1.5"
  },
  "timestamp": 1763840971.6096926
}
INFO:__main__:Sending to raw_ingestion: {
  "source_type": "surface_web",
  "url": "https://tiktok.com/bobwilliams84",
  "raw_data": {
    "name": "Bob Williams",
    "username": "bobwilliams84",
    "bio": "Just a random bio for testing.",
    "location": "San Francisco, CA"
  },
  "timestamp": 1763840974.6098957
}
INFO:__main__:Sending to raw_ingestion: {
  "source_type": "deep_web",
  "dataset": "Collection #1",
  "raw_data": {
    "email": "jdoe@example.com",
    "password_hash": "sha1:-3878657371579424872",
    "ip_address": "192.168.1.97"
  },
  "timestamp": 1763840974.610068
}
INFO:__main__:Sending to raw_ingestion: {
  "source_type": "surface_web",
  "url": "https://twitter.com/michaelchen34",
  "raw_data": {
    "name": "Michael Chen",
    "username": "michaelchen34",
    "bio": "Just a random bio for testing.",
    "location": "San Francisco, CA"
  },
  "timestamp": 1763840977.6102118
}
INFO:__main__:Sending to raw_ingestion: {
  "source_type": "deep_web",
  "dataset": "Collection #1",
  "raw_data": {
    "email": "jdoe@example.com",
    "password_hash": "sha1:8864745499395637033",
    "ip_address": "192.168.1.149"
  },
  "timestamp": 1763840977.6103795
}
INFO:__main__:Sending to raw_ingestion: {
  "source_type": "surface_web",
  "url": "https://tiktok.com/johndoe36",
  "raw_data": {
    "name": "John Doe",
    "username": "johndoe36",
    "bio": "Just a random bio for testing.",
    "location": "San Francisco, CA"
  },
  "timestamp": 1763840980.610531
}
INFO:__main__:Sending to raw_ingestion: {
  "source_type": "deep_web",
  "dataset": "Collection #1",
  "raw_data": {
    "email": "bob.w@provider.com",
    "password_hash": "sha1:8171311151582472029",
    "ip_address": "192.168.1.17"
  },
  "timestamp": 1763840980.6106513
}
INFO:__main__:Sending to raw_ingestion: {
  "source_type": "surface_web",
  "url": "https://tiktok.com/evabrown26",
  "raw_data": {
    "name": "Eva Brown",
    "username": "evabrown26",
    "bio": "Just a random bio for testing.",
    "location": "San Francisco, CA"
  },
  "timestamp": 1763840983.6108027
}
INFO:__main__:Sending to raw_ingestion: {
  "source_type": "deep_web",
  "dataset": "Collection #1",
  "raw_data": {
    "email": "bob.w@provider.com",
    "password_hash": "sha1:8171311151582472029",
    "ip_address": "192.168.1.57"
  },
  "timestamp": 1763840983.6109536
}
INFO:__main__:Sending to raw_ingestion: {
  "source_type": "surface_web",
  "url": "https://tiktok.com/alicejohnson69",
  "raw_data": {
    "name": "Alice Johnson",
    "username": "alicejohnson69",
    "bio": "Just a random bio for testing.",
    "location": "San Francisco, CA"
  },
  "timestamp": 1763840986.611365
}
INFO:__main__:Sending to raw_ingestion: {
  "source_type": "deep_web",
  "dataset": "Collection #1",
  "raw_data": {
    "email": "jane.s@test.org",
    "password_hash": "sha1:8171311151582472029",
    "ip_address": "192.168.1.146"
  },
  "timestamp": 1763840986.6114836
}
INFO:__main__:Sending to raw_ingestion: {
  "source_type": "surface_web",
  "url": "https://tiktok.com/janesmith99",
  "raw_data": {
    "name": "Jane Smith",
    "username": "janesmith99",
    "bio": "Just a random bio for testing.",
    "location": "San Francisco, CA"
  },
  "timestamp": 1763840989.611625
}
INFO:__main__:Sending to raw_ingestion: {
  "source_type": "deep_web",
  "dataset": "Collection #1",
  "raw_data": {
    "email": "jdoe@example.com",
    "password_hash": "sha1:8864745499395637033",
    "ip_address": "192.168.1.34"
  },
  "timestamp": 1763840989.6119118
}
INFO:__main__:Sending to raw_ingestion: {
  "source_type": "surface_web",
  "url": "https://tiktok.com/janesmith31",
  "raw_data": {
    "name": "Jane Smith",
    "username": "janesmith31",
    "bio": "Just a random bio for testing.",
    "location": "San Francisco, CA"
  },
  "timestamp": 1763840992.6120682
}
INFO:__main__:Sending to raw_ingestion: {
  "source_type": "deep_web",
  "dataset": "Collection #1",
  "raw_data": {
    "email": "alice.j@company.net",
    "password_hash": "sha1:8171311151582472029",
    "ip_address": "192.168.1.121"
  },
  "timestamp": 1763840992.6122522
}
INFO:__main__:Sending to raw_ingestion: {
  "source_type": "surface_web",
  "url": "https://tiktok.com/johndoe65",
  "raw_data": {
    "name": "John Doe",
    "username": "johndoe65",
    "bio": "Just a random bio for testing.",
    "location": "San Francisco, CA"
  },
  "timestamp": 1763840995.6124797
}
INFO:__main__:Sending to raw_ingestion: {
  "source_type": "deep_web",
  "dataset": "Collection #1",
  "raw_data": {
    "email": "jane.s@test.org",
    "password_hash": "sha1:8171311151582472029",
    "ip_address": "192.168.1.252"
  },
  "timestamp": 1763840995.6127512
}
INFO:__main__:Sending to raw_ingestion: {
  "source_type": "surface_web",
  "url": "https://instagram.com/evabrown51",
  "raw_data": {
    "name": "Eva Brown",
    "username": "evabrown51",
    "bio": "Just a random bio for testing.",
    "location": "San Francisco, CA"
  },
  "timestamp": 1763840998.6129584
}
INFO:__main__:Sending to raw_ingestion: {
  "source_type": "deep_web",
  "dataset": "Collection #1",
  "raw_data": {
    "email": "jane.s@test.org",
    "password_hash": "sha1:8864745499395637033",
    "ip_address": "192.168.1.1"
  },
  "timestamp": 1763840998.6131418
}
INFO:__main__:Sending to raw_ingestion: {
  "source_type": "surface_web",
  "url": "https://twitter.com/evabrown37",
  "raw_data": {
    "name": "Eva Brown",
    "username": "evabrown37",
    "bio": "Just a random bio for testing.",
    "location": "San Francisco, CA"
  },
  "timestamp": 1763841001.6133018
}
INFO:__main__:Sending to raw_ingestion: {
  "source_type": "deep_web",
  "dataset": "Collection #1",
  "raw_data": {
    "email": "alice.j@company.net",
    "password_hash": "sha1:8171311151582472029",
    "ip_address": "192.168.1.185"
  },
  "timestamp": 1763841001.61346
}
INFO:__main__:Sending to raw_ingestion: {
  "source_type": "surface_web",
  "url": "https://tiktok.com/alicejohnson54",
  "raw_data": {
    "name": "Alice Johnson",
    "username": "alicejohnson54",
    "bio": "Just a random bio for testing.",
    "location": "San Francisco, CA"
  },
  "timestamp": 1763841004.6138685
}
INFO:__main__:Sending to raw_ingestion: {
  "source_type": "deep_web",
  "dataset": "Collection #1",
  "raw_data": {
    "email": "jane.s@test.org",
    "password_hash": "sha1:-3878657371579424872",
    "ip_address": "192.168.1.240"
  },
  "timestamp": 1763841004.6143768
}
INFO:__main__:Sending to raw_ingestion: {
  "source_type": "surface_web",
  "url": "https://tiktok.com/johndoe97",
  "raw_data": {
    "name": "John Doe",
    "username": "johndoe97",
    "bio": "Just a random bio for testing.",
    "location": "San Francisco, CA"
  },
  "timestamp": 1763841007.6146872
}
INFO:__main__:Sending to raw_ingestion: {
  "source_type": "deep_web",
  "dataset": "Collection #1",
  "raw_data": {
    "email": "jdoe@example.com",
    "password_hash": "sha1:8171311151582472029",
    "ip_address": "192.168.1.46"
  },
  "timestamp": 1763841007.6150043
}
INFO:__main__:Sending to raw_ingestion: {
  "source_type": "surface_web",
  "url": "https://tiktok.com/michaelchen10",
  "raw_data": {
    "name": "Michael Chen",
    "username": "michaelchen10",
    "bio": "Just a random bio for testing.",
    "location": "San Francisco, CA"
  },
  "timestamp": 1763841010.6154525
}
INFO:__main__:Sending to raw_ingestion: {
  "source_type": "deep_web",
  "dataset": "Collection #1",
  "raw_data": {
    "email": "bob.w@provider.com",
    "password_hash": "sha1:8171311151582472029",
    "ip_address": "192.168.1.238"
  },
  "timestamp": 1763841010.6159375
}
INFO:__main__:Sending to raw_ingestion: {
  "source_type": "surface_web",
  "url": "https://linkedin.com/johndoe31",
  "raw_data": {
    "name": "John Doe",
    "username": "johndoe31",
    "bio": "Just a random bio for testing.",
    "location": "San Francisco, CA"
  },
  "timestamp": 1763841013.616269
}
INFO:__main__:Sending to raw_ingestion: {
  "source_type": "deep_web",
  "dataset": "Collection #1",
  "raw_data": {
    "email": "jane.s@test.org",
    "password_hash": "sha1:8864745499395637033",
    "ip_address": "192.168.1.156"
  },
  "timestamp": 1763841013.6169374
}
INFO:__main__:Sending to raw_ingestion: {
  "source_type": "surface_web",
  "url": "https://tiktok.com/johndoe95",
  "raw_data": {
    "name": "John Doe",
    "username": "johndoe95",
    "bio": "Just a random bio for testing.",
    "location": "San Francisco, CA"
  },
  "timestamp": 1763841016.61713
}
INFO:__main__:Sending to raw_ingestion: {
  "source_type": "deep_web",
  "dataset": "Collection #1",
  "raw_data": {
    "email": "bob.w@provider.com",
    "password_hash": "sha1:8171311151582472029",
    "ip_address": "192.168.1.149"
  },
  "timestamp": 1763841016.6173613
}
INFO:__main__:Sending to raw_ingestion: {
  "source_type": "surface_web",
  "url": "https://instagram.com/alicejohnson80",
  "raw_data": {
    "name": "Alice Johnson",
    "username": "alicejohnson80",
    "bio": "Just a random bio for testing.",
    "location": "San Francisco, CA"
  },
  "timestamp": 1763841019.6176445
}
INFO:__main__:Sending to raw_ingestion: {
  "source_type": "deep_web",
  "dataset": "Collection #1",
  "raw_data": {
    "email": "jdoe@example.com",
    "password_hash": "sha1:-2584735401838496499",
    "ip_address": "192.168.1.4"
  },
  "timestamp": 1763841019.6182075
}
INFO:__main__:Sending to raw_ingestion: {
  "source_type": "surface_web",
  "url": "https://twitter.com/janesmith81",
  "raw_data": {
    "name": "Jane Smith",
    "username": "janesmith81",
    "bio": "Just a random bio for testing.",
    "location": "San Francisco, CA"
  },
  "timestamp": 1763841022.618465
}
INFO:__main__:Sending to raw_ingestion: {
  "source_type": "deep_web",
  "dataset": "Collection #1",
  "raw_data": {
    "email": "alice.j@company.net",
    "password_hash": "sha1:8171311151582472029",
    "ip_address": "192.168.1.105"
  },
  "timestamp": 1763841022.618663
}
INFO:__main__:Sending to raw_ingestion: {
  "source_type": "surface_web",
  "url": "https://tiktok.com/alicejohnson4",
  "raw_data": {
    "name": "Alice Johnson",
    "username": "alicejohnson4",
    "bio": "Just a random bio for testing.",
    "location": "San Francisco, CA"
  },
  "timestamp": 1763841025.618846
}
INFO:__main__:Sending to raw_ingestion: {
  "source_type": "deep_web",
  "dataset": "Collection #1",
  "raw_data": {
    "email": "bob.w@provider.com",
    "password_hash": "sha1:8171311151582472029",
    "ip_address": "192.168.1.242"
  },
  "timestamp": 1763841025.6191769
}
INFO:__main__:Sending to raw_ingestion: {
  "source_type": "surface_web",
  "url": "https://instagram.com/michaelchen38",
  "raw_data": {
    "name": "Michael Chen",
    "username": "michaelchen38",
    "bio": "Just a random bio for testing.",
    "location": "San Francisco, CA"
  },
  "timestamp": 1763841028.6194382
}
INFO:__main__:Sending to raw_ingestion: {
  "source_type": "deep_web",
  "dataset": "Collection #1",
  "raw_data": {
    "email": "jane.s@test.org",
    "password_hash": "sha1:8864745499395637033",
    "ip_address": "192.168.1.191"
  },
  "timestamp": 1763841028.6196716
}
INFO:__main__:Sending to raw_ingestion: {
  "source_type": "surface_web",
  "url": "https://twitter.com/alicejohnson46",
  "raw_data": {
    "name": "Alice Johnson",
    "username": "alicejohnson46",
    "bio": "Just a random bio for testing.",
    "location": "San Francisco, CA"
  },
  "timestamp": 1763841031.6198704
}
INFO:__main__:Sending to raw_ingestion: {
  "source_type": "deep_web",
  "dataset": "Collection #1",
  "raw_data": {
    "email": "bob.w@provider.com",
    "password_hash": "sha1:-2584735401838496499",
    "ip_address": "192.168.1.3"
  },
  "timestamp": 1763841031.6200798
}
INFO:__main__:Sending to raw_ingestion: {
  "source_type": "surface_web",
  "url": "https://twitter.com/bobwilliams26",
  "raw_data": {
    "name": "Bob Williams",
    "username": "bobwilliams26",
    "bio": "Just a random bio for testing.",
    "location": "San Francisco, CA"
  },
  "timestamp": 1763841034.6203184
}
INFO:__main__:Sending to raw_ingestion: {
  "source_type": "deep_web",
  "dataset": "Collection #1",
  "raw_data": {
    "email": "bob.w@provider.com",
    "password_hash": "sha1:-3878657371579424872",
    "ip_address": "192.168.1.90"
  },
  "timestamp": 1763841034.620446
}
INFO:__main__:Sending to raw_ingestion: {
  "source_type": "surface_web",
  "url": "https://tiktok.com/evabrown17",
  "raw_data": {
    "name": "Eva Brown",
    "username": "evabrown17",
    "bio": "Just a random bio for testing.",
    "location": "San Francisco, CA"
  },
  "timestamp": 1763841037.6206017
}
INFO:__main__:Sending to raw_ingestion: {
  "source_type": "deep_web",
  "dataset": "Collection #1",
  "raw_data": {
    "email": "jdoe@example.com",
    "password_hash": "sha1:8864745499395637033",
    "ip_address": "192.168.1.20"
  },
  "timestamp": 1763841037.6207836
}
INFO:__main__:Sending to raw_ingestion: {
  "source_type": "surface_web",
  "url": "https://instagram.com/alicejohnson91",
  "raw_data": {
    "name": "Alice Johnson",
    "username": "alicejohnson91",
    "bio": "Just a random bio for testing.",
    "location": "San Francisco, CA"
  },
  "timestamp": 1763841040.6209364
}
INFO:__main__:Sending to raw_ingestion: {
  "source_type": "deep_web",
  "dataset": "Collection #1",
  "raw_data": {
    "email": "jane.s@test.org",
    "password_hash": "sha1:8171311151582472029",
    "ip_address": "192.168.1.194"
  },
  "timestamp": 1763841040.621066
}
INFO:__main__:Sending to raw_ingestion: {
  "source_type": "surface_web",
  "url": "https://linkedin.com/alicejohnson76",
  "raw_data": {
    "name": "Alice Johnson",
    "username": "alicejohnson76",
    "bio": "Just a random bio for testing.",
    "location": "San Francisco, CA"
  },
  "timestamp": 1763841043.6212182
}
INFO:__main__:Sending to raw_ingestion: {
  "source_type": "deep_web",
  "dataset": "Collection #1",
  "raw_data": {
    "email": "bob.w@provider.com",
    "password_hash": "sha1:8171311151582472029",
    "ip_address": "192.168.1.217"
  },
  "timestamp": 1763841043.6213567
}
INFO:__main__:Sending to raw_ingestion: {
  "source_type": "surface_web",
  "url": "https://twitter.com/alicejohnson36",
  "raw_data": {
    "name": "Alice Johnson",
    "username": "alicejohnson36",
    "bio": "Just a random bio for testing.",
    "location": "San Francisco, CA"
  },
  "timestamp": 1763841046.621605
}
INFO:__main__:Sending to raw_ingestion: {
  "source_type": "deep_web",
  "dataset": "Collection #1",
  "raw_data": {
    "email": "alice.j@company.net",
    "password_hash": "sha1:8864745499395637033",
    "ip_address": "192.168.1.238"
  },
  "timestamp": 1763841046.6217556
}
INFO:__main__:Sending to raw_ingestion: {
  "source_type": "surface_web",
  "url": "https://instagram.com/michaelchen17",
  "raw_data": {
    "name": "Michael Chen",
    "username": "michaelchen17",
    "bio": "Just a random bio for testing.",
    "location": "San Francisco, CA"
  },
  "timestamp": 1763841049.6220963
}
INFO:__main__:Sending to raw_ingestion: {
  "source_type": "deep_web",
  "dataset": "Collection #1",
  "raw_data": {
    "email": "jdoe@example.com",
    "password_hash": "sha1:8864745499395637033",
    "ip_address": "192.168.1.247"
  },
  "timestamp": 1763841049.6223326
}
INFO:__main__:Sending to raw_ingestion: {
  "source_type": "surface_web",
  "url": "https://twitter.com/janesmith61",
  "raw_data": {
    "name": "Jane Smith",
    "username": "janesmith61",
    "bio": "Just a random bio for testing.",
    "location": "San Francisco, CA"
  },
  "timestamp": 1763841052.6225214
}
INFO:__main__:Sending to raw_ingestion: {
  "source_type": "deep_web",
  "dataset": "Collection #1",
  "raw_data": {
    "email": "alice.j@company.net",
    "password_hash": "sha1:-2584735401838496499",
    "ip_address": "192.168.1.252"
  },
  "timestamp": 1763841052.622748
}
INFO:__main__:Sending to raw_ingestion: {
  "source_type": "surface_web",
  "url": "https://instagram.com/michaelchen83",
  "raw_data": {
    "name": "Michael Chen",
    "username": "michaelchen83",
    "bio": "Just a random bio for testing.",
    "location": "San Francisco, CA"
  },
  "timestamp": 1763841055.6229703
}
INFO:__main__:Sending to raw_ingestion: {
  "source_type": "deep_web",
  "dataset": "Collection #1",
  "raw_data": {
    "email": "bob.w@provider.com",
    "password_hash": "sha1:8864745499395637033",
    "ip_address": "192.168.1.136"
  },
  "timestamp": 1763841055.6232815
}
INFO:__main__:Sending to raw_ingestion: {
  "source_type": "surface_web",
  "url": "https://twitter.com/michaelchen92",
  "raw_data": {
    "name": "Michael Chen",
    "username": "michaelchen92",
    "bio": "Just a random bio for testing.",
    "location": "San Francisco, CA"
  },
  "timestamp": 1763841058.6234765
}
INFO:__main__:Sending to raw_ingestion: {
  "source_type": "deep_web",
  "dataset": "Collection #1",
  "raw_data": {
    "email": "bob.w@provider.com",
    "password_hash": "sha1:748551823836135585",
    "ip_address": "192.168.1.168"
  },
  "timestamp": 1763841058.6236951
}
INFO:__main__:Sending to raw_ingestion: {
  "source_type": "surface_web",
  "url": "https://twitter.com/michaelchen96",
  "raw_data": {
    "name": "Michael Chen",
    "username": "michaelchen96",
    "bio": "Just a random bio for testing.",
    "location": "San Francisco, CA"
  },
  "timestamp": 1763841061.6238549
}
INFO:__main__:Sending to raw_ingestion: {
  "source_type": "deep_web",
  "dataset": "Collection #1",
  "raw_data": {
    "email": "jdoe@example.com",
    "password_hash": "sha1:-2584735401838496499",
    "ip_address": "192.168.1.195"
  },
  "timestamp": 1763841061.6241665
}
INFO:__main__:Sending to raw_ingestion: {
  "source_type": "surface_web",
  "url": "https://twitter.com/evabrown71",
  "raw_data": {
    "name": "Eva Brown",
    "username": "evabrown71",
    "bio": "Just a random bio for testing.",
    "location": "San Francisco, CA"
  },
  "timestamp": 1763841064.624316
}
INFO:__main__:Sending to raw_ingestion: {
  "source_type": "deep_web",
  "dataset": "Collection #1",
  "raw_data": {
    "email": "jdoe@example.com",
    "password_hash": "sha1:748551823836135585",
    "ip_address": "192.168.1.147"
  },
  "timestamp": 1763841064.6244574
}
INFO:__main__:Sending to raw_ingestion: {
  "source_type": "surface_web",
  "url": "https://linkedin.com/alicejohnson50",
  "raw_data": {
    "name": "Alice Johnson",
    "username": "alicejohnson50",
    "bio": "Just a random bio for testing.",
    "location": "San Francisco, CA"
  },
  "timestamp": 1763841067.624625
}
INFO:__main__:Sending to raw_ingestion: {
  "source_type": "deep_web",
  "dataset": "Collection #1",
  "raw_data": {
    "email": "jane.s@test.org",
    "password_hash": "sha1:748551823836135585",
    "ip_address": "192.168.1.85"
  },
  "timestamp": 1763841067.6247861
}
INFO:__main__:Sending to raw_ingestion: {
  "source_type": "surface_web",
  "url": "https://twitter.com/alicejohnson34",
  "raw_data": {
    "name": "Alice Johnson",
    "username": "alicejohnson34",
    "bio": "Just a random bio for testing.",
    "location": "San Francisco, CA"
  },
  "timestamp": 1763841070.6249578
}
INFO:__main__:Sending to raw_ingestion: {
  "source_type": "deep_web",
  "dataset": "Collection #1",
  "raw_data": {
    "email": "alice.j@company.net",
    "password_hash": "sha1:748551823836135585",
    "ip_address": "192.168.1.74"
  },
  "timestamp": 1763841070.62517
}
INFO:__main__:Sending to raw_ingestion: {
  "source_type": "surface_web",
  "url": "https://tiktok.com/janesmith92",
  "raw_data": {
    "name": "Jane Smith",
    "username": "janesmith92",
    "bio": "Just a random bio for testing.",
    "location": "San Francisco, CA"
  },
  "timestamp": 1763841073.6253312
}
INFO:__main__:Sending to raw_ingestion: {
  "source_type": "deep_web",
  "dataset": "Collection #1",
  "raw_data": {
    "email": "jdoe@example.com",
    "password_hash": "sha1:748551823836135585",
    "ip_address": "192.168.1.53"
  },
  "timestamp": 1763841073.6254709
}
INFO:__main__:Sending to raw_ingestion: {
  "source_type": "surface_web",
  "url": "https://linkedin.com/michaelchen69",
  "raw_data": {
    "name": "Michael Chen",
    "username": "michaelchen69",
    "bio": "Just a random bio for testing.",
    "location": "San Francisco, CA"
  },
  "timestamp": 1763841076.6256244
}
INFO:__main__:Sending to raw_ingestion: {
  "source_type": "deep_web",
  "dataset": "Collection #1",
  "raw_data": {
    "email": "bob.w@provider.com",
    "password_hash": "sha1:-3878657371579424872",
    "ip_address": "192.168.1.60"
  },
  "timestamp": 1763841076.6257436
}
INFO:__main__:Sending to raw_ingestion: {
  "source_type": "surface_web",
  "url": "https://linkedin.com/alicejohnson73",
  "raw_data": {
    "name": "Alice Johnson",
    "username": "alicejohnson73",
    "bio": "Just a random bio for testing.",
    "location": "San Francisco, CA"
  },
  "timestamp": 1763841079.6258793
}
INFO:__main__:Sending to raw_ingestion: {
  "source_type": "deep_web",
  "dataset": "Collection #1",
  "raw_data": {
    "email": "alice.j@company.net",
    "password_hash": "sha1:748551823836135585",
    "ip_address": "192.168.1.241"
  },
  "timestamp": 1763841079.6260035
}
INFO:__main__:Sending to raw_ingestion: {
  "source_type": "surface_web",
  "url": "https://twitter.com/michaelchen72",
  "raw_data": {
    "name": "Michael Chen",
    "username": "michaelchen72",
    "bio": "Just a random bio for testing.",
    "location": "San Francisco, CA"
  },
  "timestamp": 1763841082.6262364
}
INFO:__main__:Sending to raw_ingestion: {
  "source_type": "deep_web",
  "dataset": "Collection #1",
  "raw_data": {
    "email": "jdoe@example.com",
    "password_hash": "sha1:-2584735401838496499",
    "ip_address": "192.168.1.86"
  },
  "timestamp": 1763841082.6264348
}
INFO:__main__:Sending to raw_ingestion: {
  "source_type": "surface_web",
  "url": "https://tiktok.com/evabrown73",
  "raw_data": {
    "name": "Eva Brown",
    "username": "evabrown73",
    "bio": "Just a random bio for testing.",
    "location": "San Francisco, CA"
  },
  "timestamp": 1763841085.6266823
}
INFO:__main__:Sending to raw_ingestion: {
  "source_type": "deep_web",
  "dataset": "Collection #1",
  "raw_data": {
    "email": "alice.j@company.net",
    "password_hash": "sha1:-3878657371579424872",
    "ip_address": "192.168.1.68"
  },
  "timestamp": 1763841085.6268303
}
INFO:__main__:Sending to raw_ingestion: {
  "source_type": "surface_web",
  "url": "https://linkedin.com/michaelchen80",
  "raw_data": {
    "name": "Michael Chen",
    "username": "michaelchen80",
    "bio": "Just a random bio for testing.",
    "location": "San Francisco, CA"
  },
  "timestamp": 1763841088.6270394
}
INFO:__main__:Sending to raw_ingestion: {
  "source_type": "deep_web",
  "dataset": "Collection #1",
  "raw_data": {
    "email": "jdoe@example.com",
    "password_hash": "sha1:-2584735401838496499",
    "ip_address": "192.168.1.104"
  },
  "timestamp": 1763841088.6271694
}
INFO:__main__:Sending to raw_ingestion: {
  "source_type": "surface_web",
  "url": "https://tiktok.com/bobwilliams63",
  "raw_data": {
    "name": "Bob Williams",
    "username": "bobwilliams63",
    "bio": "Just a random bio for testing.",
    "location": "San Francisco, CA"
  },
  "timestamp": 1763841091.627474
}
INFO:__main__:Sending to raw_ingestion: {
  "source_type": "deep_web",
  "dataset": "Collection #1",
  "raw_data": {
    "email": "jdoe@example.com",
    "password_hash": "sha1:8171311151582472029",
    "ip_address": "192.168.1.60"
  },
  "timestamp": 1763841091.627687
}
INFO:__main__:Sending to raw_ingestion: {
  "source_type": "surface_web",
  "url": "https://instagram.com/bobwilliams24",
  "raw_data": {
    "name": "Bob Williams",
    "username": "bobwilliams24",
    "bio": "Just a random bio for testing.",
    "location": "San Francisco, CA"
  },
  "timestamp": 1763841094.628069
}
INFO:__main__:Sending to raw_ingestion: {
  "source_type": "deep_web",
  "dataset": "Collection #1",
  "raw_data": {
    "email": "jdoe@example.com",
    "password_hash": "sha1:748551823836135585",
    "ip_address": "192.168.1.74"
  },
  "timestamp": 1763841094.6284578
}
INFO:__main__:Sending to raw_ingestion: {
  "source_type": "surface_web",
  "url": "https://linkedin.com/alicejohnson65",
  "raw_data": {
    "name": "Alice Johnson",
    "username": "alicejohnson65",
    "bio": "Just a random bio for testing.",
    "location": "San Francisco, CA"
  },
  "timestamp": 1763841097.628657
}
INFO:__main__:Sending to raw_ingestion: {
  "source_type": "deep_web",
  "dataset": "Collection #1",
  "raw_data": {
    "email": "alice.j@company.net",
    "password_hash": "sha1:-3878657371579424872",
    "ip_address": "192.168.1.136"
  },
  "timestamp": 1763841097.6291595
}
INFO:__main__:Sending to raw_ingestion: {
  "source_type": "surface_web",
  "url": "https://linkedin.com/evabrown72",
  "raw_data": {
    "name": "Eva Brown",
    "username": "evabrown72",
    "bio": "Just a random bio for testing.",
    "location": "San Francisco, CA"
  },
  "timestamp": 1763841100.6293771
}
INFO:__main__:Sending to raw_ingestion: {
  "source_type": "deep_web",
  "dataset": "Collection #1",
  "raw_data": {
    "email": "jdoe@example.com",
    "password_hash": "sha1:8864745499395637033",
    "ip_address": "192.168.1.86"
  },
  "timestamp": 1763841100.629609
}
INFO:__main__:Sending to raw_ingestion: {
  "source_type": "surface_web",
  "url": "https://tiktok.com/evabrown21",
  "raw_data": {
    "name": "Eva Brown",
    "username": "evabrown21",
    "bio": "Just a random bio for testing.",
    "location": "San Francisco, CA"
  },
  "timestamp": 1763841103.6298313
}
INFO:__main__:Sending to raw_ingestion: {
  "source_type": "deep_web",
  "dataset": "Collection #1",
  "raw_data": {
    "email": "jdoe@example.com",
    "password_hash": "sha1:8864745499395637033",
    "ip_address": "192.168.1.248"
  },
  "timestamp": 1763841103.6302326
}
INFO:__main__:Sending to raw_ingestion: {
  "source_type": "surface_web",
  "url": "https://twitter.com/evabrown80",
  "raw_data": {
    "name": "Eva Brown",
    "username": "evabrown80",
    "bio": "Just a random bio for testing.",
    "location": "San Francisco, CA"
  },
  "timestamp": 1763841106.6304126
}
INFO:__main__:Sending to raw_ingestion: {
  "source_type": "deep_web",
  "dataset": "Collection #1",
  "raw_data": {
    "email": "bob.w@provider.com",
    "password_hash": "sha1:8864745499395637033",
    "ip_address": "192.168.1.130"
  },
  "timestamp": 1763841106.6306534
}
INFO:__main__:Sending to raw_ingestion: {
  "source_type": "surface_web",
  "url": "https://tiktok.com/johndoe20",
  "raw_data": {
    "name": "John Doe",
    "username": "johndoe20",
    "bio": "Just a random bio for testing.",
    "location": "San Francisco, CA"
  },
  "timestamp": 1763841109.6309168
}
INFO:__main__:Sending to raw_ingestion: {
  "source_type": "deep_web",
  "dataset": "Collection #1",
  "raw_data": {
    "email": "bob.w@provider.com",
    "password_hash": "sha1:-2584735401838496499",
    "ip_address": "192.168.1.162"
  },
  "timestamp": 1763841109.6313102
}
INFO:__main__:Sending to raw_ingestion: {
  "source_type": "surface_web",
  "url": "https://linkedin.com/michaelchen56",
  "raw_data": {
    "name": "Michael Chen",
    "username": "michaelchen56",
    "bio": "Just a random bio for testing.",
    "location": "San Francisco, CA"
  },
  "timestamp": 1763841112.6314929
}
INFO:__main__:Sending to raw_ingestion: {
  "source_type": "deep_web",
  "dataset": "Collection #1",
  "raw_data": {
    "email": "jdoe@example.com",
    "password_hash": "sha1:-2584735401838496499",
    "ip_address": "192.168.1.143"
  },
  "timestamp": 1763841112.6316743
}
INFO:__main__:Sending to raw_ingestion: {
  "source_type": "surface_web",
  "url": "https://tiktok.com/johndoe48",
  "raw_data": {
    "name": "John Doe",
    "username": "johndoe48",
    "bio": "Just a random bio for testing.",
    "location": "San Francisco, CA"
  },
  "timestamp": 1763841115.631957
}
INFO:__main__:Sending to raw_ingestion: {
  "source_type": "deep_web",
  "dataset": "Collection #1",
  "raw_data": {
    "email": "bob.w@provider.com",
    "password_hash": "sha1:748551823836135585",
    "ip_address": "192.168.1.155"
  },
  "timestamp": 1763841115.6321497
}
INFO:__main__:Sending to raw_ingestion: {
  "source_type": "surface_web",
  "url": "https://twitter.com/evabrown53",
  "raw_data": {
    "name": "Eva Brown",
    "username": "evabrown53",
    "bio": "Just a random bio for testing.",
    "location": "San Francisco, CA"
  },
  "timestamp": 1763841118.6324263
}
INFO:__main__:Sending to raw_ingestion: {
  "source_type": "deep_web",
  "dataset": "Collection #1",
  "raw_data": {
    "email": "jdoe@example.com",
    "password_hash": "sha1:-2584735401838496499",
    "ip_address": "192.168.1.43"
  },
  "timestamp": 1763841118.6326067
}
INFO:__main__:Sending to raw_ingestion: {
  "source_type": "surface_web",
  "url": "https://tiktok.com/alicejohnson99",
  "raw_data": {
    "name": "Alice Johnson",
    "username": "alicejohnson99",
    "bio": "Just a random bio for testing.",
    "location": "San Francisco, CA"
  },
  "timestamp": 1763841121.6327658
}
INFO:__main__:Sending to raw_ingestion: {
  "source_type": "deep_web",
  "dataset": "Collection #1",
  "raw_data": {
    "email": "jdoe@example.com",
    "password_hash": "sha1:-2584735401838496499",
    "ip_address": "192.168.1.49"
  },
  "timestamp": 1763841121.6329777
}
INFO:__main__:Sending to raw_ingestion: {
  "source_type": "surface_web",
  "url": "https://tiktok.com/bobwilliams4",
  "raw_data": {
    "name": "Bob Williams",
    "username": "bobwilliams4",
    "bio": "Just a random bio for testing.",
    "location": "San Francisco, CA"
  },
  "timestamp": 1763841124.6332264
}
INFO:__main__:Sending to raw_ingestion: {
  "source_type": "deep_web",
  "dataset": "Collection #1",
  "raw_data": {
    "email": "jane.s@test.org",
    "password_hash": "sha1:748551823836135585",
    "ip_address": "192.168.1.223"
  },
  "timestamp": 1763841124.6334183
}
INFO:__main__:Sending to raw_ingestion: {
  "source_type": "surface_web",
  "url": "https://instagram.com/johndoe16",
  "raw_data": {
    "name": "John Doe",
    "username": "johndoe16",
    "bio": "Just a random bio for testing.",
    "location": "San Francisco, CA"
  },
  "timestamp": 1763841127.6336567
}
INFO:__main__:Sending to raw_ingestion: {
  "source_type": "deep_web",
  "dataset": "Collection #1",
  "raw_data": {
    "email": "jane.s@test.org",
    "password_hash": "sha1:8171311151582472029",
    "ip_address": "192.168.1.109"
  },
  "timestamp": 1763841127.6337547
}
INFO:__main__:Sending to raw_ingestion: {
  "source_type": "surface_web",
  "url": "https://instagram.com/bobwilliams89",
  "raw_data": {
    "name": "Bob Williams",
    "username": "bobwilliams89",
    "bio": "Just a random bio for testing.",
    "location": "San Francisco, CA"
  },
  "timestamp": 1763841130.6340256
}
INFO:__main__:Sending to raw_ingestion: {
  "source_type": "deep_web",
  "dataset": "Collection #1",
  "raw_data": {
    "email": "jane.s@test.org",
    "password_hash": "sha1:-3878657371579424872",
    "ip_address": "192.168.1.17"
  },
  "timestamp": 1763841130.6342366
}
INFO:__main__:Sending to raw_ingestion: {
  "source_type": "surface_web",
  "url": "https://instagram.com/johndoe34",
  "raw_data": {
    "name": "John Doe",
    "username": "johndoe34",
    "bio": "Just a random bio for testing.",
    "location": "San Francisco, CA"
  },
  "timestamp": 1763841133.634367
}
INFO:__main__:Sending to raw_ingestion: {
  "source_type": "deep_web",
  "dataset": "Collection #1",
  "raw_data": {
    "email": "alice.j@company.net",
    "password_hash": "sha1:8864745499395637033",
    "ip_address": "192.168.1.32"
  },
  "timestamp": 1763841133.6346092
}
INFO:__main__:Sending to raw_ingestion: {
  "source_type": "surface_web",
  "url": "https://tiktok.com/bobwilliams72",
  "raw_data": {
    "name": "Bob Williams",
    "username": "bobwilliams72",
    "bio": "Just a random bio for testing.",
    "location": "San Francisco, CA"
  },
  "timestamp": 1763841136.6347837
}
INFO:__main__:Sending to raw_ingestion: {
  "source_type": "deep_web",
  "dataset": "Collection #1",
  "raw_data": {
    "email": "alice.j@company.net",
    "password_hash": "sha1:-3878657371579424872",
    "ip_address": "192.168.1.81"
  },
  "timestamp": 1763841136.634971
}
INFO:__main__:Sending to raw_ingestion: {
  "source_type": "surface_web",
  "url": "https://instagram.com/bobwilliams84",
  "raw_data": {
    "name": "Bob Williams",
    "username": "bobwilliams84",
    "bio": "Just a random bio for testing.",
    "location": "San Francisco, CA"
  },
  "timestamp": 1763841139.635221
}
INFO:__main__:Sending to raw_ingestion: {
  "source_type": "deep_web",
  "dataset": "Collection #1",
  "raw_data": {
    "email": "bob.w@provider.com",
    "password_hash": "sha1:748551823836135585",
    "ip_address": "192.168.1.46"
  },
  "timestamp": 1763841139.6353319
}
INFO:__main__:Sending to raw_ingestion: {
  "source_type": "surface_web",
  "url": "https://twitter.com/janesmith71",
  "raw_data": {
    "name": "Jane Smith",
    "username": "janesmith71",
    "bio": "Just a random bio for testing.",
    "location": "San Francisco, CA"
  },
  "timestamp": 1763841142.635562
}
INFO:__main__:Sending to raw_ingestion: {
  "source_type": "deep_web",
  "dataset": "Collection #1",
  "raw_data": {
    "email": "jdoe@example.com",
    "password_hash": "sha1:8171311151582472029",
    "ip_address": "192.168.1.127"
  },
  "timestamp": 1763841142.635748
}
INFO:__main__:Sending to raw_ingestion: {
  "source_type": "surface_web",
  "url": "https://linkedin.com/alicejohnson4",
  "raw_data": {
    "name": "Alice Johnson",
    "username": "alicejohnson4",
    "bio": "Just a random bio for testing.",
    "location": "San Francisco, CA"
  },
  "timestamp": 1763841145.6359427
}
INFO:__main__:Sending to raw_ingestion: {
  "source_type": "deep_web",
  "dataset": "Collection #1",
  "raw_data": {
    "email": "alice.j@company.net",
    "password_hash": "sha1:-2584735401838496499",
    "ip_address": "192.168.1.222"
  },
  "timestamp": 1763841145.636093
}
INFO:__main__:Sending to raw_ingestion: {
  "source_type": "surface_web",
  "url": "https://tiktok.com/evabrown56",
  "raw_data": {
    "name": "Eva Brown",
    "username": "evabrown56",
    "bio": "Just a random bio for testing.",
    "location": "San Francisco, CA"
  },
  "timestamp": 1763841148.6363344
}
INFO:__main__:Sending to raw_ingestion: {
  "source_type": "deep_web",
  "dataset": "Collection #1",
  "raw_data": {
    "email": "alice.j@company.net",
    "password_hash": "sha1:-3878657371579424872",
    "ip_address": "192.168.1.214"
  },
  "timestamp": 1763841148.6364598
}
INFO:__main__:Sending to raw_ingestion: {
  "source_type": "surface_web",
  "url": "https://linkedin.com/johndoe93",
  "raw_data": {
    "name": "John Doe",
    "username": "johndoe93",
    "bio": "Just a random bio for testing.",
    "location": "San Francisco, CA"
  },
  "timestamp": 1763841151.636581
}
INFO:__main__:Sending to raw_ingestion: {
  "source_type": "deep_web",
  "dataset": "Collection #1",
  "raw_data": {
    "email": "jane.s@test.org",
    "password_hash": "sha1:-3878657371579424872",
    "ip_address": "192.168.1.207"
  },
  "timestamp": 1763841151.636684
}
INFO:__main__:Sending to raw_ingestion: {
  "source_type": "surface_web",
  "url": "https://twitter.com/bobwilliams37",
  "raw_data": {
    "name": "Bob Williams",
    "username": "bobwilliams37",
    "bio": "Just a random bio for testing.",
    "location": "San Francisco, CA"
  },
  "timestamp": 1763841154.636824
}
INFO:__main__:Sending to raw_ingestion: {
  "source_type": "deep_web",
  "dataset": "Collection #1",
  "raw_data": {
    "email": "bob.w@provider.com",
    "password_hash": "sha1:-2584735401838496499",
    "ip_address": "192.168.1.188"
  },
  "timestamp": 1763841154.6370013
}
INFO:__main__:Sending to raw_ingestion: {
  "source_type": "surface_web",
  "url": "https://twitter.com/evabrown75",
  "raw_data": {
    "name": "Eva Brown",
    "username": "evabrown75",
    "bio": "Just a random bio for testing.",
    "location": "San Francisco, CA"
  },
  "timestamp": 1763841157.637128
}
INFO:__main__:Sending to raw_ingestion: {
  "source_type": "deep_web",
  "dataset": "Collection #1",
  "raw_data": {
    "email": "alice.j@company.net",
    "password_hash": "sha1:-2584735401838496499",
    "ip_address": "192.168.1.72"
  },
  "timestamp": 1763841157.637269
}
INFO:__main__:Sending to raw_ingestion: {
  "source_type": "surface_web",
  "url": "https://instagram.com/michaelchen56",
  "raw_data": {
    "name": "Michael Chen",
    "username": "michaelchen56",
    "bio": "Just a random bio for testing.",
    "location": "San Francisco, CA"
  },
  "timestamp": 1763841160.6374283
}
INFO:__main__:Sending to raw_ingestion: {
  "source_type": "deep_web",
  "dataset": "Collection #1",
  "raw_data": {
    "email": "jdoe@example.com",
    "password_hash": "sha1:748551823836135585",
    "ip_address": "192.168.1.158"
  },
  "timestamp": 1763841160.6376102
}
INFO:__main__:Sending to raw_ingestion: {
  "source_type": "surface_web",
  "url": "https://twitter.com/evabrown32",
  "raw_data": {
    "name": "Eva Brown",
    "username": "evabrown32",
    "bio": "Just a random bio for testing.",
    "location": "San Francisco, CA"
  },
  "timestamp": 1763841163.6377656
}
INFO:__main__:Sending to raw_ingestion: {
  "source_type": "deep_web",
  "dataset": "Collection #1",
  "raw_data": {
    "email": "jdoe@example.com",
    "password_hash": "sha1:8864745499395637033",
    "ip_address": "192.168.1.127"
  },
  "timestamp": 1763841163.6379526
}
INFO:__main__:Sending to raw_ingestion: {
  "source_type": "surface_web",
  "url": "https://instagram.com/alicejohnson73",
  "raw_data": {
    "name": "Alice Johnson",
    "username": "alicejohnson73",
    "bio": "Just a random bio for testing.",
    "location": "San Francisco, CA"
  },
  "timestamp": 1763841166.6381094
}
INFO:__main__:Sending to raw_ingestion: {
  "source_type": "deep_web",
  "dataset": "Collection #1",
  "raw_data": {
    "email": "jane.s@test.org",
    "password_hash": "sha1:-2584735401838496499",
    "ip_address": "192.168.1.124"
  },
  "timestamp": 1763841166.6382422
}
INFO:__main__:Sending to raw_ingestion: {
  "source_type": "surface_web",
  "url": "https://tiktok.com/michaelchen28",
  "raw_data": {
    "name": "Michael Chen",
    "username": "michaelchen28",
    "bio": "Just a random bio for testing.",
    "location": "San Francisco, CA"
  },
  "timestamp": 1763841169.6384275
}
INFO:__main__:Sending to raw_ingestion: {
  "source_type": "deep_web",
  "dataset": "Collection #1",
  "raw_data": {
    "email": "jdoe@example.com",
    "password_hash": "sha1:8171311151582472029",
    "ip_address": "192.168.1.130"
  },
  "timestamp": 1763841169.6387436
}
INFO:__main__:Sending to raw_ingestion: {
  "source_type": "surface_web",
  "url": "https://tiktok.com/janesmith23",
  "raw_data": {
    "name": "Jane Smith",
    "username": "janesmith23",
    "bio": "Just a random bio for testing.",
    "location": "San Francisco, CA"
  },
  "timestamp": 1763841172.6390028
}
INFO:__main__:Sending to raw_ingestion: {
  "source_type": "deep_web",
  "dataset": "Collection #1",
  "raw_data": {
    "email": "jdoe@example.com",
    "password_hash": "sha1:8864745499395637033",
    "ip_address": "192.168.1.143"
  },
  "timestamp": 1763841172.6391823
}
INFO:__main__:Sending to raw_ingestion: {
  "source_type": "surface_web",
  "url": "https://linkedin.com/michaelchen88",
  "raw_data": {
    "name": "Michael Chen",
    "username": "michaelchen88",
    "bio": "Just a random bio for testing.",
    "location": "San Francisco, CA"
  },
  "timestamp": 1763841175.6394424
}
INFO:__main__:Sending to raw_ingestion: {
  "source_type": "deep_web",
  "dataset": "Collection #1",
  "raw_data": {
    "email": "jdoe@example.com",
    "password_hash": "sha1:748551823836135585",
    "ip_address": "192.168.1.85"
  },
  "timestamp": 1763841175.6396637
}
INFO:__main__:Sending to raw_ingestion: {
  "source_type": "surface_web",
  "url": "https://twitter.com/bobwilliams79",
  "raw_data": {
    "name": "Bob Williams",
    "username": "bobwilliams79",
    "bio": "Just a random bio for testing.",
    "location": "San Francisco, CA"
  },
  "timestamp": 1763841178.639921
}
INFO:__main__:Sending to raw_ingestion: {
  "source_type": "deep_web",
  "dataset": "Collection #1",
  "raw_data": {
    "email": "alice.j@company.net",
    "password_hash": "sha1:-2584735401838496499",
    "ip_address": "192.168.1.255"
  },
  "timestamp": 1763841178.6401122
}
INFO:__main__:Sending to raw_ingestion: {
  "source_type": "surface_web",
  "url": "https://instagram.com/johndoe37",
  "raw_data": {
    "name": "John Doe",
    "username": "johndoe37",
    "bio": "Just a random bio for testing.",
    "location": "San Francisco, CA"
  },
  "timestamp": 1763841181.6403222
}
INFO:__main__:Sending to raw_ingestion: {
  "source_type": "deep_web",
  "dataset": "Collection #1",
  "raw_data": {
    "email": "jane.s@test.org",
    "password_hash": "sha1:-2584735401838496499",
    "ip_address": "192.168.1.145"
  },
  "timestamp": 1763841181.6405592
}
INFO:__main__:Sending to raw_ingestion: {
  "source_type": "surface_web",
  "url": "https://linkedin.com/johndoe13",
  "raw_data": {
    "name": "John Doe",
    "username": "johndoe13",
    "bio": "Just a random bio for testing.",
    "location": "San Francisco, CA"
  },
  "timestamp": 1763841184.6410565
}
INFO:__main__:Sending to raw_ingestion: {
  "source_type": "deep_web",
  "dataset": "Collection #1",
  "raw_data": {
    "email": "jdoe@example.com",
    "password_hash": "sha1:-2584735401838496499",
    "ip_address": "192.168.1.124"
  },
  "timestamp": 1763841184.6416059
}
INFO:__main__:Sending to raw_ingestion: {
  "source_type": "surface_web",
  "url": "https://tiktok.com/bobwilliams86",
  "raw_data": {
    "name": "Bob Williams",
    "username": "bobwilliams86",
    "bio": "Just a random bio for testing.",
    "location": "San Francisco, CA"
  },
  "timestamp": 1763841187.641789
}
INFO:__main__:Sending to raw_ingestion: {
  "source_type": "deep_web",
  "dataset": "Collection #1",
  "raw_data": {
    "email": "jane.s@test.org",
    "password_hash": "sha1:-2584735401838496499",
    "ip_address": "192.168.1.78"
  },
  "timestamp": 1763841187.6420443
}
INFO:__main__:Sending to raw_ingestion: {
  "source_type": "surface_web",
  "url": "https://linkedin.com/evabrown1",
  "raw_data": {
    "name": "Eva Brown",
    "username": "evabrown1",
    "bio": "Just a random bio for testing.",
    "location": "San Francisco, CA"
  },
  "timestamp": 1763841190.6422515
}
INFO:__main__:Sending to raw_ingestion: {
  "source_type": "deep_web",
  "dataset": "Collection #1",
  "raw_data": {
    "email": "bob.w@provider.com",
    "password_hash": "sha1:748551823836135585",
    "ip_address": "192.168.1.153"
  },
  "timestamp": 1763841190.642454
}
INFO:__main__:Sending to raw_ingestion: {
  "source_type": "surface_web",
  "url": "https://tiktok.com/michaelchen33",
  "raw_data": {
    "name": "Michael Chen",
    "username": "michaelchen33",
    "bio": "Just a random bio for testing.",
    "location": "San Francisco, CA"
  },
  "timestamp": 1763841193.6427677
}
INFO:__main__:Sending to raw_ingestion: {
  "source_type": "deep_web",
  "dataset": "Collection #1",
  "raw_data": {
    "email": "jdoe@example.com",
    "password_hash": "sha1:748551823836135585",
    "ip_address": "192.168.1.236"
  },
  "timestamp": 1763841193.6431634
}
INFO:__main__:Sending to raw_ingestion: {
  "source_type": "surface_web",
  "url": "https://instagram.com/michaelchen23",
  "raw_data": {
    "name": "Michael Chen",
    "username": "michaelchen23",
    "bio": "Just a random bio for testing.",
    "location": "San Francisco, CA"
  },
  "timestamp": 1763841196.64337
}
INFO:__main__:Sending to raw_ingestion: {
  "source_type": "deep_web",
  "dataset": "Collection #1",
  "raw_data": {
    "email": "bob.w@provider.com",
    "password_hash": "sha1:-2584735401838496499",
    "ip_address": "192.168.1.149"
  },
  "timestamp": 1763841196.643595
}
INFO:__main__:Sending to raw_ingestion: {
  "source_type": "surface_web",
  "url": "https://twitter.com/janesmith71",
  "raw_data": {
    "name": "Jane Smith",
    "username": "janesmith71",
    "bio": "Just a random bio for testing.",
    "location": "San Francisco, CA"
  },
  "timestamp": 1763841199.643769
}
INFO:__main__:Sending to raw_ingestion: {
  "source_type": "deep_web",
  "dataset": "Collection #1",
  "raw_data": {
    "email": "bob.w@provider.com",
    "password_hash": "sha1:8864745499395637033",
    "ip_address": "192.168.1.207"
  },
  "timestamp": 1763841199.6439743
}
INFO:__main__:Sending to raw_ingestion: {
  "source_type": "surface_web",
  "url": "https://tiktok.com/janesmith95",
  "raw_data": {
    "name": "Jane Smith",
    "username": "janesmith95",
    "bio": "Just a random bio for testing.",
    "location": "San Francisco, CA"
  },
  "timestamp": 1763841202.6441722
}
INFO:__main__:Sending to raw_ingestion: {
  "source_type": "deep_web",
  "dataset": "Collection #1",
  "raw_data": {
    "email": "alice.j@company.net",
    "password_hash": "sha1:-2584735401838496499",
    "ip_address": "192.168.1.249"
  },
  "timestamp": 1763841202.6443973
}
INFO:__main__:Sending to raw_ingestion: {
  "source_type": "surface_web",
  "url": "https://instagram.com/johndoe70",
  "raw_data": {
    "name": "John Doe",
    "username": "johndoe70",
    "bio": "Just a random bio for testing.",
    "location": "San Francisco, CA"
  },
  "timestamp": 1763841205.6447074
}
INFO:__main__:Sending to raw_ingestion: {
  "source_type": "deep_web",
  "dataset": "Collection #1",
  "raw_data": {
    "email": "jdoe@example.com",
    "password_hash": "sha1:8171311151582472029",
    "ip_address": "192.168.1.189"
  },
  "timestamp": 1763841205.6451304
}
INFO:__main__:Sending to raw_ingestion: {
  "source_type": "surface_web",
  "url": "https://instagram.com/alicejohnson83",
  "raw_data": {
    "name": "Alice Johnson",
    "username": "alicejohnson83",
    "bio": "Just a random bio for testing.",
    "location": "San Francisco, CA"
  },
  "timestamp": 1763841208.6453688
}
INFO:__main__:Sending to raw_ingestion: {
  "source_type": "deep_web",
  "dataset": "Collection #1",
  "raw_data": {
    "email": "alice.j@company.net",
    "password_hash": "sha1:748551823836135585",
    "ip_address": "192.168.1.152"
  },
  "timestamp": 1763841208.6458154
}
INFO:__main__:Sending to raw_ingestion: {
  "source_type": "surface_web",
  "url": "https://instagram.com/michaelchen27",
  "raw_data": {
    "name": "Michael Chen",
    "username": "michaelchen27",
    "bio": "Just a random bio for testing.",
    "location": "San Francisco, CA"
  },
  "timestamp": 1763841211.6461024
}
INFO:__main__:Sending to raw_ingestion: {
  "source_type": "deep_web",
  "dataset": "Collection #1",
  "raw_data": {
    "email": "alice.j@company.net",
    "password_hash": "sha1:8864745499395637033",
    "ip_address": "192.168.1.239"
  },
  "timestamp": 1763841211.6468801
}
INFO:__main__:Sending to raw_ingestion: {
  "source_type": "surface_web",
  "url": "https://twitter.com/evabrown5",
  "raw_data": {
    "name": "Eva Brown",
    "username": "evabrown5",
    "bio": "Just a random bio for testing.",
    "location": "San Francisco, CA"
  },
  "timestamp": 1763841214.6475205
}
INFO:__main__:Sending to raw_ingestion: {
  "source_type": "deep_web",
  "dataset": "Collection #1",
  "raw_data": {
    "email": "alice.j@company.net",
    "password_hash": "sha1:748551823836135585",
    "ip_address": "192.168.1.24"
  },
  "timestamp": 1763841214.64819
}
INFO:__main__:Sending to raw_ingestion: {
  "source_type": "surface_web",
  "url": "https://instagram.com/johndoe34",
  "raw_data": {
    "name": "John Doe",
    "username": "johndoe34",
    "bio": "Just a random bio for testing.",
    "location": "San Francisco, CA"
  },
  "timestamp": 1763841217.6483655
}
INFO:__main__:Sending to raw_ingestion: {
  "source_type": "deep_web",
  "dataset": "Collection #1",
  "raw_data": {
    "email": "alice.j@company.net",
    "password_hash": "sha1:-3878657371579424872",
    "ip_address": "192.168.1.123"
  },
  "timestamp": 1763841217.648539
}
INFO:__main__:Sending to raw_ingestion: {
  "source_type": "surface_web",
  "url": "https://instagram.com/johndoe65",
  "raw_data": {
    "name": "John Doe",
    "username": "johndoe65",
    "bio": "Just a random bio for testing.",
    "location": "San Francisco, CA"
  },
  "timestamp": 1763841220.6486797
}
INFO:__main__:Sending to raw_ingestion: {
  "source_type": "deep_web",
  "dataset": "Collection #1",
  "raw_data": {
    "email": "jdoe@example.com",
    "password_hash": "sha1:-3878657371579424872",
    "ip_address": "192.168.1.185"
  },
  "timestamp": 1763841220.6488225
}
INFO:__main__:Sending to raw_ingestion: {
  "source_type": "surface_web",
  "url": "https://linkedin.com/bobwilliams85",
  "raw_data": {
    "name": "Bob Williams",
    "username": "bobwilliams85",
    "bio": "Just a random bio for testing.",
    "location": "San Francisco, CA"
  },
  "timestamp": 1763841223.6490047
}
INFO:__main__:Sending to raw_ingestion: {
  "source_type": "deep_web",
  "dataset": "Collection #1",
  "raw_data": {
    "email": "alice.j@company.net",
    "password_hash": "sha1:8864745499395637033",
    "ip_address": "192.168.1.74"
  },
  "timestamp": 1763841223.64917
}
INFO:__main__:Sending to raw_ingestion: {
  "source_type": "surface_web",
  "url": "https://twitter.com/evabrown77",
  "raw_data": {
    "name": "Eva Brown",
    "username": "evabrown77",
    "bio": "Just a random bio for testing.",
    "location": "San Francisco, CA"
  },
  "timestamp": 1763841226.6493237
}
INFO:__main__:Sending to raw_ingestion: {
  "source_type": "deep_web",
  "dataset": "Collection #1",
  "raw_data": {
    "email": "alice.j@company.net",
    "password_hash": "sha1:8864745499395637033",
    "ip_address": "192.168.1.29"
  },
  "timestamp": 1763841226.649474
}
INFO:__main__:Sending to raw_ingestion: {
  "source_type": "surface_web",
  "url": "https://instagram.com/janesmith75",
  "raw_data": {
    "name": "Jane Smith",
    "username": "janesmith75",
    "bio": "Just a random bio for testing.",
    "location": "San Francisco, CA"
  },
  "timestamp": 1763841229.6496315
}
INFO:__main__:Sending to raw_ingestion: {
  "source_type": "deep_web",
  "dataset": "Collection #1",
  "raw_data": {
    "email": "bob.w@provider.com",
    "password_hash": "sha1:-2584735401838496499",
    "ip_address": "192.168.1.163"
  },
  "timestamp": 1763841229.6498685
}
INFO:__main__:Sending to raw_ingestion: {
  "source_type": "surface_web",
  "url": "https://twitter.com/alicejohnson77",
  "raw_data": {
    "name": "Alice Johnson",
    "username": "alicejohnson77",
    "bio": "Just a random bio for testing.",
    "location": "San Francisco, CA"
  },
  "timestamp": 1763841232.650037
}
INFO:__main__:Sending to raw_ingestion: {
  "source_type": "deep_web",
  "dataset": "Collection #1",
  "raw_data": {
    "email": "bob.w@provider.com",
    "password_hash": "sha1:8171311151582472029",
    "ip_address": "192.168.1.15"
  },
  "timestamp": 1763841232.6502056
}
INFO:__main__:Sending to raw_ingestion: {
  "source_type": "surface_web",
  "url": "https://instagram.com/michaelchen51",
  "raw_data": {
    "name": "Michael Chen",
    "username": "michaelchen51",
    "bio": "Just a random bio for testing.",
    "location": "San Francisco, CA"
  },
  "timestamp": 1763841235.6503577
}
INFO:__main__:Sending to raw_ingestion: {
  "source_type": "deep_web",
  "dataset": "Collection #1",
  "raw_data": {
    "email": "jdoe@example.com",
    "password_hash": "sha1:8864745499395637033",
    "ip_address": "192.168.1.214"
  },
  "timestamp": 1763841235.6504762
}
INFO:__main__:Sending to raw_ingestion: {
  "source_type": "surface_web",
  "url": "https://tiktok.com/johndoe13",
  "raw_data": {
    "name": "John Doe",
    "username": "johndoe13",
    "bio": "Just a random bio for testing.",
    "location": "San Francisco, CA"
  },
  "timestamp": 1763841238.6506562
}
INFO:__main__:Sending to raw_ingestion: {
  "source_type": "deep_web",
  "dataset": "Collection #1",
  "raw_data": {
    "email": "jane.s@test.org",
    "password_hash": "sha1:-2584735401838496499",
    "ip_address": "192.168.1.231"
  },
  "timestamp": 1763841238.6507764
}
INFO:__main__:Sending to raw_ingestion: {
  "source_type": "surface_web",
  "url": "https://instagram.com/bobwilliams94",
  "raw_data": {
    "name": "Bob Williams",
    "username": "bobwilliams94",
    "bio": "Just a random bio for testing.",
    "location": "San Francisco, CA"
  },
  "timestamp": 1763841241.6509738
}
INFO:__main__:Sending to raw_ingestion: {
  "source_type": "deep_web",
  "dataset": "Collection #1",
  "raw_data": {
    "email": "bob.w@provider.com",
    "password_hash": "sha1:8864745499395637033",
    "ip_address": "192.168.1.66"
  },
  "timestamp": 1763841241.6512995
}
INFO:__main__:Sending to raw_ingestion: {
  "source_type": "surface_web",
  "url": "https://twitter.com/bobwilliams42",
  "raw_data": {
    "name": "Bob Williams",
    "username": "bobwilliams42",
    "bio": "Just a random bio for testing.",
    "location": "San Francisco, CA"
  },
  "timestamp": 1763841244.6514635
}
INFO:__main__:Sending to raw_ingestion: {
  "source_type": "deep_web",
  "dataset": "Collection #1",
  "raw_data": {
    "email": "jdoe@example.com",
    "password_hash": "sha1:748551823836135585",
    "ip_address": "192.168.1.181"
  },
  "timestamp": 1763841244.6516325
}
INFO:__main__:Sending to raw_ingestion: {
  "source_type": "surface_web",
  "url": "https://linkedin.com/alicejohnson29",
  "raw_data": {
    "name": "Alice Johnson",
    "username": "alicejohnson29",
    "bio": "Just a random bio for testing.",
    "location": "San Francisco, CA"
  },
  "timestamp": 1763841247.6517868
}
INFO:__main__:Sending to raw_ingestion: {
  "source_type": "deep_web",
  "dataset": "Collection #1",
  "raw_data": {
    "email": "alice.j@company.net",
    "password_hash": "sha1:8171311151582472029",
    "ip_address": "192.168.1.127"
  },
  "timestamp": 1763841247.651952
}
INFO:__main__:Sending to raw_ingestion: {
  "source_type": "surface_web",
  "url": "https://instagram.com/michaelchen85",
  "raw_data": {
    "name": "Michael Chen",
    "username": "michaelchen85",
    "bio": "Just a random bio for testing.",
    "location": "San Francisco, CA"
  },
  "timestamp": 1763841250.6522393
}
INFO:__main__:Sending to raw_ingestion: {
  "source_type": "deep_web",
  "dataset": "Collection #1",
  "raw_data": {
    "email": "jane.s@test.org",
    "password_hash": "sha1:8171311151582472029",
    "ip_address": "192.168.1.206"
  },
  "timestamp": 1763841250.652399
}
INFO:__main__:Sending to raw_ingestion: {
  "source_type": "surface_web",
  "url": "https://instagram.com/evabrown37",
  "raw_data": {
    "name": "Eva Brown",
    "username": "evabrown37",
    "bio": "Just a random bio for testing.",
    "location": "San Francisco, CA"
  },
  "timestamp": 1763841253.652753
}
INFO:__main__:Sending to raw_ingestion: {
  "source_type": "deep_web",
  "dataset": "Collection #1",
  "raw_data": {
    "email": "jane.s@test.org",
    "password_hash": "sha1:-3878657371579424872",
    "ip_address": "192.168.1.184"
  },
  "timestamp": 1763841253.6529622
}
INFO:__main__:Sending to raw_ingestion: {
  "source_type": "surface_web",
  "url": "https://instagram.com/evabrown61",
  "raw_data": {
    "name": "Eva Brown",
    "username": "evabrown61",
    "bio": "Just a random bio for testing.",
    "location": "San Francisco, CA"
  },
  "timestamp": 1763841256.6531324
}
INFO:__main__:Sending to raw_ingestion: {
  "source_type": "deep_web",
  "dataset": "Collection #1",
  "raw_data": {
    "email": "jane.s@test.org",
    "password_hash": "sha1:748551823836135585",
    "ip_address": "192.168.1.212"
  },
  "timestamp": 1763841256.653309
}
INFO:__main__:Sending to raw_ingestion: {
  "source_type": "surface_web",
  "url": "https://instagram.com/janesmith59",
  "raw_data": {
    "name": "Jane Smith",
    "username": "janesmith59",
    "bio": "Just a random bio for testing.",
    "location": "San Francisco, CA"
  },
  "timestamp": 1763841259.6536329
}
INFO:__main__:Sending to raw_ingestion: {
  "source_type": "deep_web",
  "dataset": "Collection #1",
  "raw_data": {
    "email": "jdoe@example.com",
    "password_hash": "sha1:-2584735401838496499",
    "ip_address": "192.168.1.240"
  },
  "timestamp": 1763841259.6538725
}
INFO:__main__:Sending to raw_ingestion: {
  "source_type": "surface_web",
  "url": "https://instagram.com/bobwilliams97",
  "raw_data": {
    "name": "Bob Williams",
    "username": "bobwilliams97",
    "bio": "Just a random bio for testing.",
    "location": "San Francisco, CA"
  },
  "timestamp": 1763841262.6540308
}
INFO:__main__:Sending to raw_ingestion: {
  "source_type": "deep_web",
  "dataset": "Collection #1",
  "raw_data": {
    "email": "jane.s@test.org",
    "password_hash": "sha1:8864745499395637033",
    "ip_address": "192.168.1.200"
  },
  "timestamp": 1763841262.6542144
}
INFO:__main__:Sending to raw_ingestion: {
  "source_type": "surface_web",
  "url": "https://tiktok.com/evabrown59",
  "raw_data": {
    "name": "Eva Brown",
    "username": "evabrown59",
    "bio": "Just a random bio for testing.",
    "location": "San Francisco, CA"
  },
  "timestamp": 1763841265.6544392
}
INFO:__main__:Sending to raw_ingestion: {
  "source_type": "deep_web",
  "dataset": "Collection #1",
  "raw_data": {
    "email": "bob.w@provider.com",
    "password_hash": "sha1:8864745499395637033",
    "ip_address": "192.168.1.109"
  },
  "timestamp": 1763841265.6547933
}
INFO:__main__:Sending to raw_ingestion: {
  "source_type": "surface_web",
  "url": "https://linkedin.com/michaelchen28",
  "raw_data": {
    "name": "Michael Chen",
    "username": "michaelchen28",
    "bio": "Just a random bio for testing.",
    "location": "San Francisco, CA"
  },
  "timestamp": 1763841268.6551707
}
INFO:__main__:Sending to raw_ingestion: {
  "source_type": "deep_web",
  "dataset": "Collection #1",
  "raw_data": {
    "email": "jdoe@example.com",
    "password_hash": "sha1:-2584735401838496499",
    "ip_address": "192.168.1.43"
  },
  "timestamp": 1763841268.6554883
}
INFO:__main__:Sending to raw_ingestion: {
  "source_type": "surface_web",
  "url": "https://linkedin.com/bobwilliams7",
  "raw_data": {
    "name": "Bob Williams",
    "username": "bobwilliams7",
    "bio": "Just a random bio for testing.",
    "location": "San Francisco, CA"
  },
  "timestamp": 1763841271.655843
}
INFO:__main__:Sending to raw_ingestion: {
  "source_type": "deep_web",
  "dataset": "Collection #1",
  "raw_data": {
    "email": "jdoe@example.com",
    "password_hash": "sha1:-3878657371579424872",
    "ip_address": "192.168.1.142"
  },
  "timestamp": 1763841271.6562157
}
INFO:__main__:Sending to raw_ingestion: {
  "source_type": "surface_web",
  "url": "https://tiktok.com/evabrown18",
  "raw_data": {
    "name": "Eva Brown",
    "username": "evabrown18",
    "bio": "Just a random bio for testing.",
    "location": "San Francisco, CA"
  },
  "timestamp": 1763841274.6564012
}
INFO:__main__:Sending to raw_ingestion: {
  "source_type": "deep_web",
  "dataset": "Collection #1",
  "raw_data": {
    "email": "jane.s@test.org",
    "password_hash": "sha1:8171311151582472029",
    "ip_address": "192.168.1.34"
  },
  "timestamp": 1763841274.6565783
}
INFO:__main__:Sending to raw_ingestion: {
  "source_type": "surface_web",
  "url": "https://linkedin.com/evabrown33",
  "raw_data": {
    "name": "Eva Brown",
    "username": "evabrown33",
    "bio": "Just a random bio for testing.",
    "location": "San Francisco, CA"
  },
  "timestamp": 1763841277.6568408
}
INFO:__main__:Sending to raw_ingestion: {
  "source_type": "deep_web",
  "dataset": "Collection #1",
  "raw_data": {
    "email": "bob.w@provider.com",
    "password_hash": "sha1:8864745499395637033",
    "ip_address": "192.168.1.255"
  },
  "timestamp": 1763841277.657168
}
INFO:__main__:Sending to raw_ingestion: {
  "source_type": "surface_web",
  "url": "https://instagram.com/bobwilliams36",
  "raw_data": {
    "name": "Bob Williams",
    "username": "bobwilliams36",
    "bio": "Just a random bio for testing.",
    "location": "San Francisco, CA"
  },
  "timestamp": 1763841280.6573336
}
INFO:__main__:Sending to raw_ingestion: {
  "source_type": "deep_web",
  "dataset": "Collection #1",
  "raw_data": {
    "email": "jane.s@test.org",
    "password_hash": "sha1:8864745499395637033",
    "ip_address": "192.168.1.48"
  },
  "timestamp": 1763841280.6574788
}
INFO:__main__:Sending to raw_ingestion: {
  "source_type": "surface_web",
  "url": "https://instagram.com/johndoe65",
  "raw_data": {
    "name": "John Doe",
    "username": "johndoe65",
    "bio": "Just a random bio for testing.",
    "location": "San Francisco, CA"
  },
  "timestamp": 1763841283.6576262
}
INFO:__main__:Sending to raw_ingestion: {
  "source_type": "deep_web",
  "dataset": "Collection #1",
  "raw_data": {
    "email": "jdoe@example.com",
    "password_hash": "sha1:-3878657371579424872",
    "ip_address": "192.168.1.140"
  },
  "timestamp": 1763841283.6577876
}
INFO:__main__:Sending to raw_ingestion: {
  "source_type": "surface_web",
  "url": "https://tiktok.com/johndoe17",
  "raw_data": {
    "name": "John Doe",
    "username": "johndoe17",
    "bio": "Just a random bio for testing.",
    "location": "San Francisco, CA"
  },
  "timestamp": 1763841286.6579735
}
INFO:__main__:Sending to raw_ingestion: {
  "source_type": "deep_web",
  "dataset": "Collection #1",
  "raw_data": {
    "email": "jane.s@test.org",
    "password_hash": "sha1:8864745499395637033",
    "ip_address": "192.168.1.196"
  },
  "timestamp": 1763841286.6582253
}
INFO:__main__:Sending to raw_ingestion: {
  "source_type": "surface_web",
  "url": "https://twitter.com/alicejohnson63",
  "raw_data": {
    "name": "Alice Johnson",
    "username": "alicejohnson63",
    "bio": "Just a random bio for testing.",
    "location": "San Francisco, CA"
  },
  "timestamp": 1763841289.658423
}
INFO:__main__:Sending to raw_ingestion: {
  "source_type": "deep_web",
  "dataset": "Collection #1",
  "raw_data": {
    "email": "jane.s@test.org",
    "password_hash": "sha1:-2584735401838496499",
    "ip_address": "192.168.1.103"
  },
  "timestamp": 1763841289.6586292
}
INFO:__main__:Sending to raw_ingestion: {
  "source_type": "surface_web",
  "url": "https://linkedin.com/evabrown38",
  "raw_data": {
    "name": "Eva Brown",
    "username": "evabrown38",
    "bio": "Just a random bio for testing.",
    "location": "San Francisco, CA"
  },
  "timestamp": 1763841292.6588998
}
INFO:__main__:Sending to raw_ingestion: {
  "source_type": "deep_web",
  "dataset": "Collection #1",
  "raw_data": {
    "email": "bob.w@provider.com",
    "password_hash": "sha1:8171311151582472029",
    "ip_address": "192.168.1.55"
  },
  "timestamp": 1763841292.6592526
}
INFO:__main__:Sending to raw_ingestion: {
  "source_type": "surface_web",
  "url": "https://linkedin.com/bobwilliams54",
  "raw_data": {
    "name": "Bob Williams",
    "username": "bobwilliams54",
    "bio": "Just a random bio for testing.",
    "location": "San Francisco, CA"
  },
  "timestamp": 1763841295.6596153
}
INFO:__main__:Sending to raw_ingestion: {
  "source_type": "deep_web",
  "dataset": "Collection #1",
  "raw_data": {
    "email": "jane.s@test.org",
    "password_hash": "sha1:8171311151582472029",
    "ip_address": "192.168.1.33"
  },
  "timestamp": 1763841295.6599407
}
INFO:__main__:Sending to raw_ingestion: {
  "source_type": "surface_web",
  "url": "https://linkedin.com/janesmith23",
  "raw_data": {
    "name": "Jane Smith",
    "username": "janesmith23",
    "bio": "Just a random bio for testing.",
    "location": "San Francisco, CA"
  },
  "timestamp": 1763841298.6601286
}
INFO:__main__:Sending to raw_ingestion: {
  "source_type": "deep_web",
  "dataset": "Collection #1",
  "raw_data": {
    "email": "jane.s@test.org",
    "password_hash": "sha1:8864745499395637033",
    "ip_address": "192.168.1.50"
  },
  "timestamp": 1763841298.6603632
}
INFO:__main__:Sending to raw_ingestion: {
  "source_type": "surface_web",
  "url": "https://twitter.com/michaelchen75",
  "raw_data": {
    "name": "Michael Chen",
    "username": "michaelchen75",
    "bio": "Just a random bio for testing.",
    "location": "San Francisco, CA"
  },
  "timestamp": 1763841301.6607168
}
INFO:__main__:Sending to raw_ingestion: {
  "source_type": "deep_web",
  "dataset": "Collection #1",
  "raw_data": {
    "email": "jdoe@example.com",
    "password_hash": "sha1:-3878657371579424872",
    "ip_address": "192.168.1.209"
  },
  "timestamp": 1763841301.6610365
}
INFO:__main__:Sending to raw_ingestion: {
  "source_type": "surface_web",
  "url": "https://linkedin.com/bobwilliams40",
  "raw_data": {
    "name": "Bob Williams",
    "username": "bobwilliams40",
    "bio": "Just a random bio for testing.",
    "location": "San Francisco, CA"
  },
  "timestamp": 1763841304.6612277
}
INFO:__main__:Sending to raw_ingestion: {
  "source_type": "deep_web",
  "dataset": "Collection #1",
  "raw_data": {
    "email": "jdoe@example.com",
    "password_hash": "sha1:748551823836135585",
    "ip_address": "192.168.1.90"
  },
  "timestamp": 1763841304.6614268
}
INFO:__main__:Sending to raw_ingestion: {
  "source_type": "surface_web",
  "url": "https://tiktok.com/bobwilliams38",
  "raw_data": {
    "name": "Bob Williams",
    "username": "bobwilliams38",
    "bio": "Just a random bio for testing.",
    "location": "San Francisco, CA"
  },
  "timestamp": 1763841307.6616077
}
INFO:__main__:Sending to raw_ingestion: {
  "source_type": "deep_web",
  "dataset": "Collection #1",
  "raw_data": {
    "email": "bob.w@provider.com",
    "password_hash": "sha1:8864745499395637033",
    "ip_address": "192.168.1.106"
  },
  "timestamp": 1763841307.6617942
}
INFO:__main__:Sending to raw_ingestion: {
  "source_type": "surface_web",
  "url": "https://instagram.com/michaelchen34",
  "raw_data": {
    "name": "Michael Chen",
    "username": "michaelchen34",
    "bio": "Just a random bio for testing.",
    "location": "San Francisco, CA"
  },
  "timestamp": 1763841310.661955
}
INFO:__main__:Sending to raw_ingestion: {
  "source_type": "deep_web",
  "dataset": "Collection #1",
  "raw_data": {
    "email": "jdoe@example.com",
    "password_hash": "sha1:-2584735401838496499",
    "ip_address": "192.168.1.23"
  },
  "timestamp": 1763841310.6621273
}
INFO:__main__:Sending to raw_ingestion: {
  "source_type": "surface_web",
  "url": "https://twitter.com/alicejohnson98",
  "raw_data": {
    "name": "Alice Johnson",
    "username": "alicejohnson98",
    "bio": "Just a random bio for testing.",
    "location": "San Francisco, CA"
  },
  "timestamp": 1763841313.6623
}
INFO:__main__:Sending to raw_ingestion: {
  "source_type": "deep_web",
  "dataset": "Collection #1",
  "raw_data": {
    "email": "jane.s@test.org",
    "password_hash": "sha1:8171311151582472029",
    "ip_address": "192.168.1.49"
  },
  "timestamp": 1763841313.6626637
}
INFO:__main__:Sending to raw_ingestion: {
  "source_type": "surface_web",
  "url": "https://linkedin.com/michaelchen3",
  "raw_data": {
    "name": "Michael Chen",
    "username": "michaelchen3",
    "bio": "Just a random bio for testing.",
    "location": "San Francisco, CA"
  },
  "timestamp": 1763841316.6629543
}
INFO:__main__:Sending to raw_ingestion: {
  "source_type": "deep_web",
  "dataset": "Collection #1",
  "raw_data": {
    "email": "jane.s@test.org",
    "password_hash": "sha1:-3878657371579424872",
    "ip_address": "192.168.1.130"
  },
  "timestamp": 1763841316.6631637
}
INFO:__main__:Sending to raw_ingestion: {
  "source_type": "surface_web",
  "url": "https://twitter.com/bobwilliams69",
  "raw_data": {
    "name": "Bob Williams",
    "username": "bobwilliams69",
    "bio": "Just a random bio for testing.",
    "location": "San Francisco, CA"
  },
  "timestamp": 1763841319.663372
}
INFO:__main__:Sending to raw_ingestion: {
  "source_type": "deep_web",
  "dataset": "Collection #1",
  "raw_data": {
    "email": "jane.s@test.org",
    "password_hash": "sha1:-2584735401838496499",
    "ip_address": "192.168.1.118"
  },
  "timestamp": 1763841319.6635606
}
INFO:__main__:Sending to raw_ingestion: {
  "source_type": "surface_web",
  "url": "https://tiktok.com/alicejohnson93",
  "raw_data": {
    "name": "Alice Johnson",
    "username": "alicejohnson93",
    "bio": "Just a random bio for testing.",
    "location": "San Francisco, CA"
  },
  "timestamp": 1763841322.663768
}
INFO:__main__:Sending to raw_ingestion: {
  "source_type": "deep_web",
  "dataset": "Collection #1",
  "raw_data": {
    "email": "jane.s@test.org",
    "password_hash": "sha1:-2584735401838496499",
    "ip_address": "192.168.1.46"
  },
  "timestamp": 1763841322.6639512
}
INFO:__main__:Sending to raw_ingestion: {
  "source_type": "surface_web",
  "url": "https://linkedin.com/michaelchen10",
  "raw_data": {
    "name": "Michael Chen",
    "username": "michaelchen10",
    "bio": "Just a random bio for testing.",
    "location": "San Francisco, CA"
  },
  "timestamp": 1763841325.664222
}
INFO:__main__:Sending to raw_ingestion: {
  "source_type": "deep_web",
  "dataset": "Collection #1",
  "raw_data": {
    "email": "jdoe@example.com",
    "password_hash": "sha1:8171311151582472029",
    "ip_address": "192.168.1.99"
  },
  "timestamp": 1763841325.6643903
}
INFO:__main__:Sending to raw_ingestion: {
  "source_type": "surface_web",
  "url": "https://linkedin.com/evabrown99",
  "raw_data": {
    "name": "Eva Brown",
    "username": "evabrown99",
    "bio": "Just a random bio for testing.",
    "location": "San Francisco, CA"
  },
  "timestamp": 1763841328.6645548
}
INFO:__main__:Sending to raw_ingestion: {
  "source_type": "deep_web",
  "dataset": "Collection #1",
  "raw_data": {
    "email": "alice.j@company.net",
    "password_hash": "sha1:8864745499395637033",
    "ip_address": "192.168.1.82"
  },
  "timestamp": 1763841328.664726
}
INFO:__main__:Sending to raw_ingestion: {
  "source_type": "surface_web",
  "url": "https://tiktok.com/johndoe65",
  "raw_data": {
    "name": "John Doe",
    "username": "johndoe65",
    "bio": "Just a random bio for testing.",
    "location": "San Francisco, CA"
  },
  "timestamp": 1763841331.6649446
}
INFO:__main__:Sending to raw_ingestion: {
  "source_type": "deep_web",
  "dataset": "Collection #1",
  "raw_data": {
    "email": "bob.w@provider.com",
    "password_hash": "sha1:8171311151582472029",
    "ip_address": "192.168.1.80"
  },
  "timestamp": 1763841331.665104
}
INFO:__main__:Sending to raw_ingestion: {
  "source_type": "surface_web",
  "url": "https://tiktok.com/janesmith5",
  "raw_data": {
    "name": "Jane Smith",
    "username": "janesmith5",
    "bio": "Just a random bio for testing.",
    "location": "San Francisco, CA"
  },
  "timestamp": 1763841334.6652627
}
INFO:__main__:Sending to raw_ingestion: {
  "source_type": "deep_web",
  "dataset": "Collection #1",
  "raw_data": {
    "email": "alice.j@company.net",
    "password_hash": "sha1:-3878657371579424872",
    "ip_address": "192.168.1.235"
  },
  "timestamp": 1763841334.6654088
}
INFO:__main__:Sending to raw_ingestion: {
  "source_type": "surface_web",
  "url": "https://instagram.com/evabrown52",
  "raw_data": {
    "name": "Eva Brown",
    "username": "evabrown52",
    "bio": "Just a random bio for testing.",
    "location": "San Francisco, CA"
  },
  "timestamp": 1763841337.665588
}
INFO:__main__:Sending to raw_ingestion: {
  "source_type": "deep_web",
  "dataset": "Collection #1",
  "raw_data": {
    "email": "alice.j@company.net",
    "password_hash": "sha1:8171311151582472029",
    "ip_address": "192.168.1.124"
  },
  "timestamp": 1763841337.6657503
}
INFO:__main__:Sending to raw_ingestion: {
  "source_type": "surface_web",
  "url": "https://tiktok.com/bobwilliams90",
  "raw_data": {
    "name": "Bob Williams",
    "username": "bobwilliams90",
    "bio": "Just a random bio for testing.",
    "location": "San Francisco, CA"
  },
  "timestamp": 1763841340.6659212
}
INFO:__main__:Sending to raw_ingestion: {
  "source_type": "deep_web",
  "dataset": "Collection #1",
  "raw_data": {
    "email": "jane.s@test.org",
    "password_hash": "sha1:-3878657371579424872",
    "ip_address": "192.168.1.114"
  },
  "timestamp": 1763841340.666105
}
INFO:__main__:Sending to raw_ingestion: {
  "source_type": "surface_web",
  "url": "https://twitter.com/janesmith53",
  "raw_data": {
    "name": "Jane Smith",
    "username": "janesmith53",
    "bio": "Just a random bio for testing.",
    "location": "San Francisco, CA"
  },
  "timestamp": 1763841343.6673832
}
INFO:__main__:Sending to raw_ingestion: {
  "source_type": "deep_web",
  "dataset": "Collection #1",
  "raw_data": {
    "email": "jdoe@example.com",
    "password_hash": "sha1:8864745499395637033",
    "ip_address": "192.168.1.10"
  },
  "timestamp": 1763841343.667555
}
INFO:__main__:Sending to raw_ingestion: {
  "source_type": "surface_web",
  "url": "https://linkedin.com/evabrown38",
  "raw_data": {
    "name": "Eva Brown",
    "username": "evabrown38",
    "bio": "Just a random bio for testing.",
    "location": "San Francisco, CA"
  },
  "timestamp": 1763841346.6677275
}
INFO:__main__:Sending to raw_ingestion: {
  "source_type": "deep_web",
  "dataset": "Collection #1",
  "raw_data": {
    "email": "jane.s@test.org",
    "password_hash": "sha1:-3878657371579424872",
    "ip_address": "192.168.1.151"
  },
  "timestamp": 1763841346.6679194
}
INFO:__main__:Sending to raw_ingestion: {
  "source_type": "surface_web",
  "url": "https://twitter.com/johndoe76",
  "raw_data": {
    "name": "John Doe",
    "username": "johndoe76",
    "bio": "Just a random bio for testing.",
    "location": "San Francisco, CA"
  },
  "timestamp": 1763841349.6680791
}
INFO:__main__:Sending to raw_ingestion: {
  "source_type": "deep_web",
  "dataset": "Collection #1",
  "raw_data": {
    "email": "bob.w@provider.com",
    "password_hash": "sha1:8864745499395637033",
    "ip_address": "192.168.1.224"
  },
  "timestamp": 1763841349.6683319
}
INFO:__main__:Sending to raw_ingestion: {
  "source_type": "surface_web",
  "url": "https://linkedin.com/johndoe42",
  "raw_data": {
    "name": "John Doe",
    "username": "johndoe42",
    "bio": "Just a random bio for testing.",
    "location": "San Francisco, CA"
  },
  "timestamp": 1763841352.6686
}
INFO:__main__:Sending to raw_ingestion: {
  "source_type": "deep_web",
  "dataset": "Collection #1",
  "raw_data": {
    "email": "alice.j@company.net",
    "password_hash": "sha1:-3878657371579424872",
    "ip_address": "192.168.1.212"
  },
  "timestamp": 1763841352.668834
}
INFO:__main__:Sending to raw_ingestion: {
  "source_type": "surface_web",
  "url": "https://instagram.com/janesmith74",
  "raw_data": {
    "name": "Jane Smith",
    "username": "janesmith74",
    "bio": "Just a random bio for testing.",
    "location": "San Francisco, CA"
  },
  "timestamp": 1763841355.6690004
}
INFO:__main__:Sending to raw_ingestion: {
  "source_type": "deep_web",
  "dataset": "Collection #1",
  "raw_data": {
    "email": "jane.s@test.org",
    "password_hash": "sha1:8171311151582472029",
    "ip_address": "192.168.1.150"
  },
  "timestamp": 1763841355.6691976
}
INFO:__main__:Sending to raw_ingestion: {
  "source_type": "surface_web",
  "url": "https://linkedin.com/bobwilliams73",
  "raw_data": {
    "name": "Bob Williams",
    "username": "bobwilliams73",
    "bio": "Just a random bio for testing.",
    "location": "San Francisco, CA"
  },
  "timestamp": 1763841358.6693373
}
INFO:__main__:Sending to raw_ingestion: {
  "source_type": "deep_web",
  "dataset": "Collection #1",
  "raw_data": {
    "email": "jdoe@example.com",
    "password_hash": "sha1:8864745499395637033",
    "ip_address": "192.168.1.71"
  },
  "timestamp": 1763841358.66954
}
INFO:__main__:Sending to raw_ingestion: {
  "source_type": "surface_web",
  "url": "https://twitter.com/alicejohnson58",
  "raw_data": {
    "name": "Alice Johnson",
    "username": "alicejohnson58",
    "bio": "Just a random bio for testing.",
    "location": "San Francisco, CA"
  },
  "timestamp": 1763841361.6697385
}
INFO:__main__:Sending to raw_ingestion: {
  "source_type": "deep_web",
  "dataset": "Collection #1",
  "raw_data": {
    "email": "alice.j@company.net",
    "password_hash": "sha1:8864745499395637033",
    "ip_address": "192.168.1.134"
  },
  "timestamp": 1763841361.670068
}
INFO:__main__:Sending to raw_ingestion: {
  "source_type": "surface_web",
  "url": "https://instagram.com/janesmith21",
  "raw_data": {
    "name": "Jane Smith",
    "username": "janesmith21",
    "bio": "Just a random bio for testing.",
    "location": "San Francisco, CA"
  },
  "timestamp": 1763841364.6704092
}
INFO:__main__:Sending to raw_ingestion: {
  "source_type": "deep_web",
  "dataset": "Collection #1",
  "raw_data": {
    "email": "jane.s@test.org",
    "password_hash": "sha1:8171311151582472029",
    "ip_address": "192.168.1.60"
  },
  "timestamp": 1763841364.670601
}
INFO:__main__:Sending to raw_ingestion: {
  "source_type": "surface_web",
  "url": "https://linkedin.com/alicejohnson81",
  "raw_data": {
    "name": "Alice Johnson",
    "username": "alicejohnson81",
    "bio": "Just a random bio for testing.",
    "location": "San Francisco, CA"
  },
  "timestamp": 1763841367.6709259
}
INFO:__main__:Sending to raw_ingestion: {
  "source_type": "deep_web",
  "dataset": "Collection #1",
  "raw_data": {
    "email": "jdoe@example.com",
    "password_hash": "sha1:-3878657371579424872",
    "ip_address": "192.168.1.101"
  },
  "timestamp": 1763841367.6712024
}
INFO:__main__:Sending to raw_ingestion: {
  "source_type": "surface_web",
  "url": "https://linkedin.com/bobwilliams83",
  "raw_data": {
    "name": "Bob Williams",
    "username": "bobwilliams83",
    "bio": "Just a random bio for testing.",
    "location": "San Francisco, CA"
  },
  "timestamp": 1763841370.67158
}
INFO:__main__:Sending to raw_ingestion: {
  "source_type": "deep_web",
  "dataset": "Collection #1",
  "raw_data": {
    "email": "jane.s@test.org",
    "password_hash": "sha1:-2584735401838496499",
    "ip_address": "192.168.1.231"
  },
  "timestamp": 1763841370.671931
}
INFO:__main__:Sending to raw_ingestion: {
  "source_type": "surface_web",
  "url": "https://tiktok.com/alicejohnson92",
  "raw_data": {
    "name": "Alice Johnson",
    "username": "alicejohnson92",
    "bio": "Just a random bio for testing.",
    "location": "San Francisco, CA"
  },
  "timestamp": 1763841373.6721902
}
INFO:__main__:Sending to raw_ingestion: {
  "source_type": "deep_web",
  "dataset": "Collection #1",
  "raw_data": {
    "email": "alice.j@company.net",
    "password_hash": "sha1:-2584735401838496499",
    "ip_address": "192.168.1.78"
  },
  "timestamp": 1763841373.6727102
}
INFO:__main__:Sending to raw_ingestion: {
  "source_type": "surface_web",
  "url": "https://twitter.com/bobwilliams48",
  "raw_data": {
    "name": "Bob Williams",
    "username": "bobwilliams48",
    "bio": "Just a random bio for testing.",
    "location": "San Francisco, CA"
  },
  "timestamp": 1763841376.6729853
}
INFO:__main__:Sending to raw_ingestion: {
  "source_type": "deep_web",
  "dataset": "Collection #1",
  "raw_data": {
    "email": "jane.s@test.org",
    "password_hash": "sha1:-3878657371579424872",
    "ip_address": "192.168.1.86"
  },
  "timestamp": 1763841376.6732333
}
INFO:__main__:Sending to raw_ingestion: {
  "source_type": "surface_web",
  "url": "https://twitter.com/alicejohnson15",
  "raw_data": {
    "name": "Alice Johnson",
    "username": "alicejohnson15",
    "bio": "Just a random bio for testing.",
    "location": "San Francisco, CA"
  },
  "timestamp": 1763841379.6734617
}
INFO:__main__:Sending to raw_ingestion: {
  "source_type": "deep_web",
  "dataset": "Collection #1",
  "raw_data": {
    "email": "bob.w@provider.com",
    "password_hash": "sha1:748551823836135585",
    "ip_address": "192.168.1.30"
  },
  "timestamp": 1763841379.6738245
}
INFO:__main__:Sending to raw_ingestion: {
  "source_type": "surface_web",
  "url": "https://linkedin.com/bobwilliams18",
  "raw_data": {
    "name": "Bob Williams",
    "username": "bobwilliams18",
    "bio": "Just a random bio for testing.",
    "location": "San Francisco, CA"
  },
  "timestamp": 1763841382.6739998
}
INFO:__main__:Sending to raw_ingestion: {
  "source_type": "deep_web",
  "dataset": "Collection #1",
  "raw_data": {
    "email": "alice.j@company.net",
    "password_hash": "sha1:-2584735401838496499",
    "ip_address": "192.168.1.108"
  },
  "timestamp": 1763841382.674216
}
INFO:__main__:Sending to raw_ingestion: {
  "source_type": "surface_web",
  "url": "https://twitter.com/janesmith27",
  "raw_data": {
    "name": "Jane Smith",
    "username": "janesmith27",
    "bio": "Just a random bio for testing.",
    "location": "San Francisco, CA"
  },
  "timestamp": 1763841385.67442
}
INFO:__main__:Sending to raw_ingestion: {
  "source_type": "deep_web",
  "dataset": "Collection #1",
  "raw_data": {
    "email": "jane.s@test.org",
    "password_hash": "sha1:8864745499395637033",
    "ip_address": "192.168.1.37"
  },
  "timestamp": 1763841385.6747532
}
INFO:__main__:Sending to raw_ingestion: {
  "source_type": "surface_web",
  "url": "https://linkedin.com/janesmith52",
  "raw_data": {
    "name": "Jane Smith",
    "username": "janesmith52",
    "bio": "Just a random bio for testing.",
    "location": "San Francisco, CA"
  },
  "timestamp": 1763841388.675012
}
INFO:__main__:Sending to raw_ingestion: {
  "source_type": "deep_web",
  "dataset": "Collection #1",
  "raw_data": {
    "email": "bob.w@provider.com",
    "password_hash": "sha1:8171311151582472029",
    "ip_address": "192.168.1.112"
  },
  "timestamp": 1763841388.6752026
}
INFO:__main__:Sending to raw_ingestion: {
  "source_type": "surface_web",
  "url": "https://twitter.com/janesmith42",
  "raw_data": {
    "name": "Jane Smith",
    "username": "janesmith42",
    "bio": "Just a random bio for testing.",
    "location": "San Francisco, CA"
  },
  "timestamp": 1763841391.6754196
}
INFO:__main__:Sending to raw_ingestion: {
  "source_type": "deep_web",
  "dataset": "Collection #1",
  "raw_data": {
    "email": "alice.j@company.net",
    "password_hash": "sha1:8864745499395637033",
    "ip_address": "192.168.1.152"
  },
  "timestamp": 1763841391.6757305
}
INFO:__main__:Sending to raw_ingestion: {
  "source_type": "surface_web",
  "url": "https://twitter.com/evabrown79",
  "raw_data": {
    "name": "Eva Brown",
    "username": "evabrown79",
    "bio": "Just a random bio for testing.",
    "location": "San Francisco, CA"
  },
  "timestamp": 1763841394.6759312
}
INFO:__main__:Sending to raw_ingestion: {
  "source_type": "deep_web",
  "dataset": "Collection #1",
  "raw_data": {
    "email": "bob.w@provider.com",
    "password_hash": "sha1:-3878657371579424872",
    "ip_address": "192.168.1.111"
  },
  "timestamp": 1763841394.6761253
}
INFO:__main__:Sending to raw_ingestion: {
  "source_type": "surface_web",
  "url": "https://linkedin.com/bobwilliams5",
  "raw_data": {
    "name": "Bob Williams",
    "username": "bobwilliams5",
    "bio": "Just a random bio for testing.",
    "location": "San Francisco, CA"
  },
  "timestamp": 1763841397.6763666
}
INFO:__main__:Sending to raw_ingestion: {
  "source_type": "deep_web",
  "dataset": "Collection #1",
  "raw_data": {
    "email": "bob.w@provider.com",
    "password_hash": "sha1:8864745499395637033",
    "ip_address": "192.168.1.113"
  },
  "timestamp": 1763841397.6766462
}
INFO:__main__:Sending to raw_ingestion: {
  "source_type": "surface_web",
  "url": "https://instagram.com/janesmith43",
  "raw_data": {
    "name": "Jane Smith",
    "username": "janesmith43",
    "bio": "Just a random bio for testing.",
    "location": "San Francisco, CA"
  },
  "timestamp": 1763841400.6770186
}
INFO:__main__:Sending to raw_ingestion: {
  "source_type": "deep_web",
  "dataset": "Collection #1",
  "raw_data": {
    "email": "jdoe@example.com",
    "password_hash": "sha1:748551823836135585",
    "ip_address": "192.168.1.152"
  },
  "timestamp": 1763841400.6772153
}
INFO:__main__:Sending to raw_ingestion: {
  "source_type": "surface_web",
  "url": "https://instagram.com/johndoe5",
  "raw_data": {
    "name": "John Doe",
    "username": "johndoe5",
    "bio": "Just a random bio for testing.",
    "location": "San Francisco, CA"
  },
  "timestamp": 1763841403.67738
}
INFO:__main__:Sending to raw_ingestion: {
  "source_type": "deep_web",
  "dataset": "Collection #1",
  "raw_data": {
    "email": "alice.j@company.net",
    "password_hash": "sha1:748551823836135585",
    "ip_address": "192.168.1.86"
  },
  "timestamp": 1763841403.67761
}
INFO:__main__:Sending to raw_ingestion: {
  "source_type": "surface_web",
  "url": "https://linkedin.com/johndoe57",
  "raw_data": {
    "name": "John Doe",
    "username": "johndoe57",
    "bio": "Just a random bio for testing.",
    "location": "San Francisco, CA"
  },
  "timestamp": 1763841406.677896
}
INFO:__main__:Sending to raw_ingestion: {
  "source_type": "deep_web",
  "dataset": "Collection #1",
  "raw_data": {
    "email": "jane.s@test.org",
    "password_hash": "sha1:748551823836135585",
    "ip_address": "192.168.1.141"
  },
  "timestamp": 1763841406.6781251
}
INFO:__main__:Sending to raw_ingestion: {
  "source_type": "surface_web",
  "url": "https://twitter.com/johndoe34",
  "raw_data": {
    "name": "John Doe",
    "username": "johndoe34",
    "bio": "Just a random bio for testing.",
    "location": "San Francisco, CA"
  },
  "timestamp": 1763841409.678545
}
INFO:__main__:Sending to raw_ingestion: {
  "source_type": "deep_web",
  "dataset": "Collection #1",
  "raw_data": {
    "email": "jdoe@example.com",
    "password_hash": "sha1:8864745499395637033",
    "ip_address": "192.168.1.116"
  },
  "timestamp": 1763841409.6789503
}
INFO:__main__:Sending to raw_ingestion: {
  "source_type": "surface_web",
  "url": "https://linkedin.com/janesmith64",
  "raw_data": {
    "name": "Jane Smith",
    "username": "janesmith64",
    "bio": "Just a random bio for testing.",
    "location": "San Francisco, CA"
  },
  "timestamp": 1763841412.6791902
}
INFO:__main__:Sending to raw_ingestion: {
  "source_type": "deep_web",
  "dataset": "Collection #1",
  "raw_data": {
    "email": "jdoe@example.com",
    "password_hash": "sha1:-2584735401838496499",
    "ip_address": "192.168.1.102"
  },
  "timestamp": 1763841412.679429
}
INFO:__main__:Sending to raw_ingestion: {
  "source_type": "surface_web",
  "url": "https://linkedin.com/bobwilliams76",
  "raw_data": {
    "name": "Bob Williams",
    "username": "bobwilliams76",
    "bio": "Just a random bio for testing.",
    "location": "San Francisco, CA"
  },
  "timestamp": 1763841415.6796987
}
INFO:__main__:Sending to raw_ingestion: {
  "source_type": "deep_web",
  "dataset": "Collection #1",
  "raw_data": {
    "email": "bob.w@provider.com",
    "password_hash": "sha1:-2584735401838496499",
    "ip_address": "192.168.1.230"
  },
  "timestamp": 1763841415.6801403
}
